/home/ishir/miniconda3/envs/jaxgcrl/lib/python3.10/site-packages/pydantic/_internal/_generate_schema.py:2249: UnsupportedFieldAttributeWarning: The 'repr' attribute with value False was provided to the `Field()` function, which has no effect in the context it was used. 'repr' is field-specific metadata, and can only be attached to a model field using `Annotated` metadata or by assignment. This may have happened because an `Annotated` type alias using the `type` statement was used, or if the `Field()` function was attached to a single member of a union type.
  warnings.warn(
/home/ishir/miniconda3/envs/jaxgcrl/lib/python3.10/site-packages/pydantic/_internal/_generate_schema.py:2249: UnsupportedFieldAttributeWarning: The 'frozen' attribute with value True was provided to the `Field()` function, which has no effect in the context it was used. 'frozen' is field-specific metadata, and can only be attached to a model field using `Annotated` metadata or by assignment. This may have happened because an `Annotated` type alias using the `type` statement was used, or if the `Field()` function was attached to a single member of a union type.
  warnings.warn(
Gym has been unmaintained since 2022 and does not support NumPy 2.0 amongst other critical functionality.
Please upgrade to Gymnasium, the maintained drop-in replacement of Gym, or contact the authors of your software and request that they upgrade.
Users of this version of Gym should be able to simply replace 'import gym' with 'import gymnasium as gym' in the vast majority of cases.
See the migration guide at https://gymnasium.farama.org/introduction/migration_guide/ for additional information.
2026-02-14 09:36:58 INFO    |  Arguments:
{'action_repeat': 1,
 'agent': 'GoExploreCRL',
 'alpha_lr': 0.0003,
 'backend': None,
 'batch_size': 256,
 'candidate_goals_type': 'any',
 'checkpoint_logdir': None,
 'contrastive_loss_fn': 'fwd_infonce',
 'critic_lr': 0.0003,
 'cuda': True,
 'disable_entropy_actor': False,
 'discounting': 0.99,
 'energy_fn': 'norm',
 'env': 'ant_u_maze',
 'ep_goal_proposer_name': 'env_goals',
 'eval_env': None,
 'exp_name': 'run',
 'filter_successful_waypoints': False,
 'gcp_goal_proposer_name': 'maxwaypointratio_one_env',
 'gcp_num_critic_ensemble': 5,
 'goal_sampling_temperature': 0.1,
 'h_dim': 256,
 'log_wandb': True,
 'logsumexp_penalty_coeff': 0.1,
 'max_devices_per_host': 1,
 'max_replay_size': 20000,
 'min_replay_size': 1000,
 'n_hidden': 4,
 'num_envs': 256,
 'num_eval_envs': 256,
 'num_evals': 200,
 'num_exploratory_steps': 600,
 'num_goal_conditioned_steps': 900,
 'num_rb_goals': 256,
 'policy_lr': 0.0003,
 'repr_dim': 64,
 'seed': 0,
 'skip_connections': 4,
 'total_env_steps': 120000000,
 'train_ep_on_main_buffer': False,
 'train_step_multiplier': 1,
 'unroll_length': 50,
 'use_gcp_critic_ensemble': False,
 'use_ln': False,
 'use_relu': False,
 'use_same_policy': True,
 'utd_ratio': 0.00390625,
 'vis_length': 1000,
 'visualization_interval': 5,
 'wandb_group': '.',
 'wandb_mode': 'online',
 'wandb_project_name': 'jaxgcrl'}
wandb: Currently logged in as: ishirgarg (ishirgarg-university-of-california-berkeley) to https://api.wandb.ai. Use `wandb login --relogin` to force relogin
wandb: setting up run zlrtp84s
wandb: Tracking run with wandb version 0.22.2
wandb: Run data is saved locally in /home/ishir/JaxGCRL/wandb/run-20260214_093658-zlrtp84s
wandb: Run `wandb offline` to turn off syncing.
wandb: Syncing run run
wandb: ⭐️ View project at https://wandb.ai/ishirgarg-university-of-california-berkeley/jaxgcrl
wandb: 🚀 View run at https://wandb.ai/ishirgarg-university-of-california-berkeley/jaxgcrl/runs/zlrtp84s
2026-02-14 09:37:00 INFO    |  Unable to initialize backend 'rocm': NOT_FOUND: Could not find registered platform with name: "rocm". Available platform names are: CUDA
2026-02-14 09:37:00 INFO    |  Unable to initialize backend 'tpu': INTERNAL: Failed to open libtpu.so: libtpu.so: cannot open shared object file: No such file or directory
[32m09:37:01 INFO: This is wandb-osh v1.2.2 using communication directory /home/ishir/.wandb_osh_command_dir[0m
2026-02-14 09:37:01 INFO    |  This is wandb-osh v1.2.2 using communication directory /home/ishir/.wandb_osh_command_dir
2026-02-14 09:37:01 INFO    |  Num env: 256
2026-02-14 09:37:01 INFO    |  num_prefill_env_steps: 256000
2026-02-14 09:37:01 INFO    |  num_prefill_actor_steps: 1
2026-02-14 09:37:01 INFO    |  num_training_steps_per_epoch: 2
2026-02-14 09:37:14 INFO    |  actor input shape: (1, 31)
2026-02-14 09:37:15 INFO    |  actor input shape: (1, 31)
2026-02-14 09:37:15 INFO    |  encoder input shape: (1, 37)
2026-02-14 09:37:16 INFO    |  encoder input shape: (1, 2)
2026-02-14 09:37:16 INFO    |  encoder input shape: (1, 37)
2026-02-14 09:37:16 INFO    |  encoder input shape: (1, 2)
2026-02-14 09:37:16 INFO    |  actor input shape: (1536, 31)
2026-02-14 09:37:16 INFO    |  encoder input shape: (1536, 37)
2026-02-14 09:37:16 INFO    |  encoder input shape: (6, 2)
2026-02-14 09:37:16 INFO    |  actor input shape: (6, 31)
2026-02-14 09:37:16 INFO    |  encoder input shape: (6, 37)
2026-02-14 09:37:16 INFO    |  actor input shape: (256, 31)
2026-02-14 09:37:19 INFO    |  actor input shape: (256, 31)
Traceback (most recent call last):
  File "/home/ishir/miniconda3/envs/jaxgcrl/lib/python3.10/site-packages/jax/_src/lax/lax.py", line 149, in broadcast_shapes
    return _broadcast_shapes_cached(*shapes)
  File "/home/ishir/miniconda3/envs/jaxgcrl/lib/python3.10/site-packages/jax/_src/util.py", line 287, in wrapper
    return cached(config.trace_context(), *args, **kwargs)
  File "/home/ishir/miniconda3/envs/jaxgcrl/lib/python3.10/site-packages/jax/_src/util.py", line 280, in cached
    return f(*args, **kwargs)
  File "/home/ishir/miniconda3/envs/jaxgcrl/lib/python3.10/site-packages/jax/_src/lax/lax.py", line 155, in _broadcast_shapes_cached
    return _broadcast_shapes_uncached(*shapes)
  File "/home/ishir/miniconda3/envs/jaxgcrl/lib/python3.10/site-packages/jax/_src/lax/lax.py", line 171, in _broadcast_shapes_uncached
    raise ValueError(f"Incompatible shapes for broadcasting: shapes={list(shapes)}")
ValueError: Incompatible shapes for broadcasting: shapes=[(256, 1, 1), (256, 10, 3, 3), (256, 10, 3, 3)]

During handling of the above exception, another exception occurred:

jax.errors.SimplifiedTraceback: For simplicity, JAX has removed its internal frames from the traceback of the following exception. Set JAX_TRACEBACK_FILTERING=off to include these.

The above exception was the direct cause of the following exception:

Traceback (most recent call last):
  File "/home/ishir/JaxGCRL/run.py", line 149, in <module>
    cli()
  File "/home/ishir/JaxGCRL/run.py", line 138, in cli
    tyro.cli(
  File "/home/ishir/miniconda3/envs/jaxgcrl/lib/python3.10/site-packages/tyro/_cli.py", line 189, in cli
    return run_with_args_from_cli()
  File "/home/ishir/JaxGCRL/run.py", line 128, in main
    _, params, _ = config.agent.train_fn(
  File "/home/ishir/JaxGCRL/jaxgcrl/agents/crl/go_explore_crl.py", line 1744, in train_fn
    training_state, env_state, main_buffer_state, gcp_buffer_state, ep_buffer_state, _ = prefill_replay_buffer(
  File "/home/ishir/JaxGCRL/jaxgcrl/agents/crl/go_explore_crl.py", line 1265, in prefill_replay_buffer
    return jax.lax.scan(
  File "/home/ishir/JaxGCRL/jaxgcrl/agents/crl/go_explore_crl.py", line 1241, in f
    _, _, _, _, _, _), _ = jax.lax.scan(
  File "/home/ishir/JaxGCRL/jaxgcrl/agents/crl/go_explore_crl.py", line 1212, in collect_chunk
    gc_proposed_goals_new, ep_proposed_goals_new, _) = get_experience_chunk(
  File "/home/ishir/JaxGCRL/jaxgcrl/agents/crl/go_explore_crl.py", line 1102, in get_experience_chunk
    env_state_final = jax.tree_util.tree_map(
  File "/home/ishir/JaxGCRL/jaxgcrl/agents/crl/go_explore_crl.py", line 1103, in <lambda>
    lambda reset_val, current_val: combine_reset_state(reset_val, current_val, needs_reset),
  File "/home/ishir/JaxGCRL/jaxgcrl/agents/crl/go_explore_crl.py", line 1089, in combine_reset_state
    return jnp.where(mask_broadcast, reset_val, current_val)
  File "/home/ishir/miniconda3/envs/jaxgcrl/lib/python3.10/site-packages/jax/_src/numpy/lax_numpy.py", line 1141, in where
    return util._where(acondition, if_true, if_false)
  File "/home/ishir/miniconda3/envs/jaxgcrl/lib/python3.10/site-packages/jax/_src/numpy/util.py", line 448, in _where
    condition_arr, x_arr, y_arr = _broadcast_arrays(condition, x, y)
  File "/home/ishir/miniconda3/envs/jaxgcrl/lib/python3.10/site-packages/jax/_src/numpy/util.py", line 407, in _broadcast_arrays
    result_shape = lax.broadcast_shapes(*shapes)
ValueError: Incompatible shapes for broadcasting: shapes=[(256, 1, 1), (256, 10, 3, 3), (256, 10, 3, 3)]
[1;34mwandb[0m: 
[1;34mwandb[0m: 🚀 View run [33mrun[0m at: [34m[0m
[1;34mwandb[0m: Find logs at: [1;35mwandb/run-20260214_093658-zlrtp84s/logs[0m
/home/ishir/miniconda3/envs/jaxgcrl/lib/python3.10/site-packages/pydantic/_internal/_generate_schema.py:2249: UnsupportedFieldAttributeWarning: The 'repr' attribute with value False was provided to the `Field()` function, which has no effect in the context it was used. 'repr' is field-specific metadata, and can only be attached to a model field using `Annotated` metadata or by assignment. This may have happened because an `Annotated` type alias using the `type` statement was used, or if the `Field()` function was attached to a single member of a union type.
  warnings.warn(
/home/ishir/miniconda3/envs/jaxgcrl/lib/python3.10/site-packages/pydantic/_internal/_generate_schema.py:2249: UnsupportedFieldAttributeWarning: The 'frozen' attribute with value True was provided to the `Field()` function, which has no effect in the context it was used. 'frozen' is field-specific metadata, and can only be attached to a model field using `Annotated` metadata or by assignment. This may have happened because an `Annotated` type alias using the `type` statement was used, or if the `Field()` function was attached to a single member of a union type.
  warnings.warn(
Gym has been unmaintained since 2022 and does not support NumPy 2.0 amongst other critical functionality.
Please upgrade to Gymnasium, the maintained drop-in replacement of Gym, or contact the authors of your software and request that they upgrade.
Users of this version of Gym should be able to simply replace 'import gym' with 'import gymnasium as gym' in the vast majority of cases.
See the migration guide at https://gymnasium.farama.org/introduction/migration_guide/ for additional information.
2026-02-14 09:40:26 INFO    |  Arguments:
{'action_repeat': 1,
 'agent': 'GoExploreCRL',
 'alpha_lr': 0.0003,
 'backend': None,
 'batch_size': 256,
 'candidate_goals_type': 'any',
 'checkpoint_logdir': None,
 'contrastive_loss_fn': 'fwd_infonce',
 'critic_lr': 0.0003,
 'cuda': True,
 'disable_entropy_actor': False,
 'discounting': 0.99,
 'energy_fn': 'norm',
 'env': 'ant_u_maze',
 'ep_goal_proposer_name': 'env_goals',
 'eval_env': None,
 'exp_name': 'run',
 'filter_successful_waypoints': False,
 'gcp_goal_proposer_name': 'maxwaypointratio_one_env',
 'gcp_num_critic_ensemble': 5,
 'goal_sampling_temperature': 0.1,
 'h_dim': 256,
 'log_wandb': True,
 'logsumexp_penalty_coeff': 0.1,
 'max_devices_per_host': 1,
 'max_replay_size': 20000,
 'min_replay_size': 1000,
 'n_hidden': 4,
 'num_envs': 256,
 'num_eval_envs': 256,
 'num_evals': 200,
 'num_exploratory_steps': 600,
 'num_goal_conditioned_steps': 900,
 'num_rb_goals': 256,
 'policy_lr': 0.0003,
 'repr_dim': 64,
 'seed': 0,
 'skip_connections': 4,
 'total_env_steps': 120000000,
 'train_ep_on_main_buffer': False,
 'train_step_multiplier': 1,
 'unroll_length': 50,
 'use_gcp_critic_ensemble': False,
 'use_ln': False,
 'use_relu': False,
 'use_same_policy': True,
 'utd_ratio': 0.00390625,
 'vis_length': 1000,
 'visualization_interval': 5,
 'wandb_group': '.',
 'wandb_mode': 'online',
 'wandb_project_name': 'jaxgcrl'}
wandb: Currently logged in as: ishirgarg (ishirgarg-university-of-california-berkeley) to https://api.wandb.ai. Use `wandb login --relogin` to force relogin
wandb: setting up run 3ib4cjoe
wandb: Tracking run with wandb version 0.22.2
wandb: Run data is saved locally in /home/ishir/JaxGCRL/wandb/run-20260214_094026-3ib4cjoe
wandb: Run `wandb offline` to turn off syncing.
wandb: Syncing run run
wandb: ⭐️ View project at https://wandb.ai/ishirgarg-university-of-california-berkeley/jaxgcrl
wandb: 🚀 View run at https://wandb.ai/ishirgarg-university-of-california-berkeley/jaxgcrl/runs/3ib4cjoe
2026-02-14 09:40:29 INFO    |  Unable to initialize backend 'rocm': NOT_FOUND: Could not find registered platform with name: "rocm". Available platform names are: CUDA
2026-02-14 09:40:29 INFO    |  Unable to initialize backend 'tpu': INTERNAL: Failed to open libtpu.so: libtpu.so: cannot open shared object file: No such file or directory
[32m09:40:30 INFO: This is wandb-osh v1.2.2 using communication directory /home/ishir/.wandb_osh_command_dir[0m
2026-02-14 09:40:30 INFO    |  This is wandb-osh v1.2.2 using communication directory /home/ishir/.wandb_osh_command_dir
2026-02-14 09:40:30 INFO    |  Num env: 256
2026-02-14 09:40:30 INFO    |  num_prefill_env_steps: 256000
2026-02-14 09:40:30 INFO    |  num_prefill_actor_steps: 1
2026-02-14 09:40:30 INFO    |  num_training_steps_per_epoch: 2
2026-02-14 09:40:43 INFO    |  actor input shape: (1, 31)
2026-02-14 09:40:44 INFO    |  actor input shape: (1, 31)
2026-02-14 09:40:44 INFO    |  encoder input shape: (1, 37)
2026-02-14 09:40:45 INFO    |  encoder input shape: (1, 2)
2026-02-14 09:40:45 INFO    |  encoder input shape: (1, 37)
2026-02-14 09:40:45 INFO    |  encoder input shape: (1, 2)
2026-02-14 09:40:46 INFO    |  actor input shape: (1536, 31)
2026-02-14 09:40:46 INFO    |  encoder input shape: (1536, 37)
2026-02-14 09:40:46 INFO    |  encoder input shape: (6, 2)
2026-02-14 09:40:46 INFO    |  actor input shape: (6, 31)
2026-02-14 09:40:46 INFO    |  encoder input shape: (6, 37)
2026-02-14 09:40:46 INFO    |  actor input shape: (256, 31)
2026-02-14 09:40:48 INFO    |  actor input shape: (256, 31)
jax.errors.SimplifiedTraceback: For simplicity, JAX has removed its internal frames from the traceback of the following exception. Set JAX_TRACEBACK_FILTERING=off to include these.

The above exception was the direct cause of the following exception:

Traceback (most recent call last):
  File "/home/ishir/JaxGCRL/run.py", line 149, in <module>
    cli()
  File "/home/ishir/JaxGCRL/run.py", line 138, in cli
    tyro.cli(
  File "/home/ishir/miniconda3/envs/jaxgcrl/lib/python3.10/site-packages/tyro/_cli.py", line 189, in cli
    return run_with_args_from_cli()
  File "/home/ishir/JaxGCRL/run.py", line 128, in main
    _, params, _ = config.agent.train_fn(
  File "/home/ishir/JaxGCRL/jaxgcrl/agents/crl/go_explore_crl.py", line 1743, in train_fn
    training_state, env_state, main_buffer_state, gcp_buffer_state, ep_buffer_state, _ = prefill_replay_buffer(
  File "/home/ishir/JaxGCRL/jaxgcrl/agents/crl/go_explore_crl.py", line 1264, in prefill_replay_buffer
    return jax.lax.scan(
  File "/home/ishir/JaxGCRL/jaxgcrl/agents/crl/go_explore_crl.py", line 1240, in f
    _, _, _, _, _, _), _ = jax.lax.scan(
  File "/home/ishir/JaxGCRL/jaxgcrl/agents/crl/go_explore_crl.py", line 1211, in collect_chunk
    gc_proposed_goals_new, ep_proposed_goals_new, _) = get_experience_chunk(
  File "/home/ishir/JaxGCRL/jaxgcrl/agents/crl/go_explore_crl.py", line 1101, in get_experience_chunk
    env_state_final = jax.tree_util.tree_map(
  File "/home/ishir/JaxGCRL/jaxgcrl/agents/crl/go_explore_crl.py", line 1102, in <lambda>
    lambda reset_val, current_val: combine_reset_state(reset_val, current_val, needs_reset),
  File "/home/ishir/JaxGCRL/jaxgcrl/agents/crl/go_explore_crl.py", line 1087, in combine_reset_state
    mask_broadcast = jnp.broadcast_to(mask, reset_val.shape)
  File "/home/ishir/miniconda3/envs/jaxgcrl/lib/python3.10/site-packages/jax/_src/numpy/lax_numpy.py", line 1222, in broadcast_to
    return util._broadcast_to(array, shape)
  File "/home/ishir/miniconda3/envs/jaxgcrl/lib/python3.10/site-packages/jax/_src/numpy/util.py", line 428, in _broadcast_to
    raise ValueError(msg.format(arr_shape, shape))
ValueError: Incompatible shapes for broadcasting: (256,) and requested shape (256, 17)
[1;34mwandb[0m: 
[1;34mwandb[0m: 🚀 View run [33mrun[0m at: [34m[0m
[1;34mwandb[0m: Find logs at: [1;35mwandb/run-20260214_094026-3ib4cjoe/logs[0m
/home/ishir/miniconda3/envs/jaxgcrl/lib/python3.10/site-packages/pydantic/_internal/_generate_schema.py:2249: UnsupportedFieldAttributeWarning: The 'repr' attribute with value False was provided to the `Field()` function, which has no effect in the context it was used. 'repr' is field-specific metadata, and can only be attached to a model field using `Annotated` metadata or by assignment. This may have happened because an `Annotated` type alias using the `type` statement was used, or if the `Field()` function was attached to a single member of a union type.
  warnings.warn(
/home/ishir/miniconda3/envs/jaxgcrl/lib/python3.10/site-packages/pydantic/_internal/_generate_schema.py:2249: UnsupportedFieldAttributeWarning: The 'frozen' attribute with value True was provided to the `Field()` function, which has no effect in the context it was used. 'frozen' is field-specific metadata, and can only be attached to a model field using `Annotated` metadata or by assignment. This may have happened because an `Annotated` type alias using the `type` statement was used, or if the `Field()` function was attached to a single member of a union type.
  warnings.warn(
Gym has been unmaintained since 2022 and does not support NumPy 2.0 amongst other critical functionality.
Please upgrade to Gymnasium, the maintained drop-in replacement of Gym, or contact the authors of your software and request that they upgrade.
Users of this version of Gym should be able to simply replace 'import gym' with 'import gymnasium as gym' in the vast majority of cases.
See the migration guide at https://gymnasium.farama.org/introduction/migration_guide/ for additional information.
2026-02-14 09:43:07 INFO    |  Arguments:
{'action_repeat': 1,
 'agent': 'GoExploreCRL',
 'alpha_lr': 0.0003,
 'backend': None,
 'batch_size': 256,
 'candidate_goals_type': 'any',
 'checkpoint_logdir': None,
 'contrastive_loss_fn': 'fwd_infonce',
 'critic_lr': 0.0003,
 'cuda': True,
 'disable_entropy_actor': False,
 'discounting': 0.99,
 'energy_fn': 'norm',
 'env': 'ant_u_maze',
 'ep_goal_proposer_name': 'env_goals',
 'eval_env': None,
 'exp_name': 'run',
 'filter_successful_waypoints': False,
 'gcp_goal_proposer_name': 'maxwaypointratio_one_env',
 'gcp_num_critic_ensemble': 5,
 'goal_sampling_temperature': 0.1,
 'h_dim': 256,
 'log_wandb': True,
 'logsumexp_penalty_coeff': 0.1,
 'max_devices_per_host': 1,
 'max_replay_size': 20000,
 'min_replay_size': 1000,
 'n_hidden': 4,
 'num_envs': 256,
 'num_eval_envs': 256,
 'num_evals': 200,
 'num_exploratory_steps': 600,
 'num_goal_conditioned_steps': 900,
 'num_rb_goals': 256,
 'policy_lr': 0.0003,
 'repr_dim': 64,
 'seed': 0,
 'skip_connections': 4,
 'total_env_steps': 120000000,
 'train_ep_on_main_buffer': False,
 'train_step_multiplier': 1,
 'unroll_length': 50,
 'use_gcp_critic_ensemble': False,
 'use_ln': False,
 'use_relu': False,
 'use_same_policy': True,
 'utd_ratio': 0.00390625,
 'vis_length': 1000,
 'visualization_interval': 5,
 'wandb_group': '.',
 'wandb_mode': 'online',
 'wandb_project_name': 'jaxgcrl'}
wandb: Currently logged in as: ishirgarg (ishirgarg-university-of-california-berkeley) to https://api.wandb.ai. Use `wandb login --relogin` to force relogin
wandb: setting up run 6xui4j24
wandb: Tracking run with wandb version 0.22.2
wandb: Run data is saved locally in /home/ishir/JaxGCRL/wandb/run-20260214_094307-6xui4j24
wandb: Run `wandb offline` to turn off syncing.
wandb: Syncing run run
wandb: ⭐️ View project at https://wandb.ai/ishirgarg-university-of-california-berkeley/jaxgcrl
wandb: 🚀 View run at https://wandb.ai/ishirgarg-university-of-california-berkeley/jaxgcrl/runs/6xui4j24
2026-02-14 09:43:09 INFO    |  Unable to initialize backend 'rocm': NOT_FOUND: Could not find registered platform with name: "rocm". Available platform names are: CUDA
2026-02-14 09:43:09 INFO    |  Unable to initialize backend 'tpu': INTERNAL: Failed to open libtpu.so: libtpu.so: cannot open shared object file: No such file or directory
[32m09:43:10 INFO: This is wandb-osh v1.2.2 using communication directory /home/ishir/.wandb_osh_command_dir[0m
2026-02-14 09:43:10 INFO    |  This is wandb-osh v1.2.2 using communication directory /home/ishir/.wandb_osh_command_dir
2026-02-14 09:43:10 INFO    |  Num env: 256
2026-02-14 09:43:10 INFO    |  num_prefill_env_steps: 256000
2026-02-14 09:43:10 INFO    |  num_prefill_actor_steps: 1
2026-02-14 09:43:10 INFO    |  num_training_steps_per_epoch: 2
2026-02-14 09:43:24 INFO    |  actor input shape: (1, 31)
2026-02-14 09:43:25 INFO    |  actor input shape: (1, 31)
2026-02-14 09:43:25 INFO    |  encoder input shape: (1, 37)
2026-02-14 09:43:26 INFO    |  encoder input shape: (1, 2)
2026-02-14 09:43:26 INFO    |  encoder input shape: (1, 37)
2026-02-14 09:43:26 INFO    |  encoder input shape: (1, 2)
2026-02-14 09:43:27 INFO    |  actor input shape: (1536, 31)
2026-02-14 09:43:27 INFO    |  encoder input shape: (1536, 37)
2026-02-14 09:43:27 INFO    |  encoder input shape: (6, 2)
2026-02-14 09:43:27 INFO    |  actor input shape: (6, 31)
2026-02-14 09:43:27 INFO    |  encoder input shape: (6, 37)
2026-02-14 09:43:27 INFO    |  actor input shape: (256, 31)
2026-02-14 09:43:29 INFO    |  actor input shape: (256, 31)
Traceback (most recent call last):
  File "/home/ishir/miniconda3/envs/jaxgcrl/lib/python3.10/site-packages/jax/_src/lax/lax.py", line 149, in broadcast_shapes
    return _broadcast_shapes_cached(*shapes)
  File "/home/ishir/miniconda3/envs/jaxgcrl/lib/python3.10/site-packages/jax/_src/util.py", line 287, in wrapper
    return cached(config.trace_context(), *args, **kwargs)
  File "/home/ishir/miniconda3/envs/jaxgcrl/lib/python3.10/site-packages/jax/_src/util.py", line 280, in cached
    return f(*args, **kwargs)
  File "/home/ishir/miniconda3/envs/jaxgcrl/lib/python3.10/site-packages/jax/_src/lax/lax.py", line 155, in _broadcast_shapes_cached
    return _broadcast_shapes_uncached(*shapes)
  File "/home/ishir/miniconda3/envs/jaxgcrl/lib/python3.10/site-packages/jax/_src/lax/lax.py", line 171, in _broadcast_shapes_uncached
    raise ValueError(f"Incompatible shapes for broadcasting: shapes={list(shapes)}")
ValueError: Incompatible shapes for broadcasting: shapes=[(256, 1), (256, 10, 3), (256, 10, 3)]

During handling of the above exception, another exception occurred:

jax.errors.SimplifiedTraceback: For simplicity, JAX has removed its internal frames from the traceback of the following exception. Set JAX_TRACEBACK_FILTERING=off to include these.

The above exception was the direct cause of the following exception:

Traceback (most recent call last):
  File "/home/ishir/JaxGCRL/run.py", line 149, in <module>
    cli()
  File "/home/ishir/JaxGCRL/run.py", line 138, in cli
    tyro.cli(
  File "/home/ishir/miniconda3/envs/jaxgcrl/lib/python3.10/site-packages/tyro/_cli.py", line 189, in cli
    return run_with_args_from_cli()
  File "/home/ishir/JaxGCRL/run.py", line 128, in main
    _, params, _ = config.agent.train_fn(
  File "/home/ishir/JaxGCRL/jaxgcrl/agents/crl/go_explore_crl.py", line 1743, in train_fn
    gc_goals, "GC Goal Proposals", f"{wandb_key}/gc_goal_proposals_scatter",
  File "/home/ishir/JaxGCRL/jaxgcrl/agents/crl/go_explore_crl.py", line 1264, in prefill_replay_buffer
    TRAJ_ID_MULTIPLIER = 10000000
  File "/home/ishir/JaxGCRL/jaxgcrl/agents/crl/go_explore_crl.py", line 1240, in f
    experience_keys[chunk_idx]
  File "/home/ishir/JaxGCRL/jaxgcrl/agents/crl/go_explore_crl.py", line 1211, in collect_chunk
    ep_steps_collected = 0
  File "/home/ishir/JaxGCRL/jaxgcrl/agents/crl/go_explore_crl.py", line 1101, in get_experience_chunk
    for _ in range(len(reset_val.shape) - 1):
  File "/home/ishir/JaxGCRL/jaxgcrl/agents/crl/go_explore_crl.py", line 1102, in <lambda>
    mask_expanded = mask_expanded[..., None]
  File "/home/ishir/JaxGCRL/jaxgcrl/agents/crl/go_explore_crl.py", line 1088, in combine_reset_state
    return jnp.where(jnp.any(mask), reset_val, current_val)
  File "/home/ishir/miniconda3/envs/jaxgcrl/lib/python3.10/site-packages/jax/_src/numpy/lax_numpy.py", line 1141, in where
    return util._where(acondition, if_true, if_false)
  File "/home/ishir/miniconda3/envs/jaxgcrl/lib/python3.10/site-packages/jax/_src/numpy/util.py", line 448, in _where
    condition_arr, x_arr, y_arr = _broadcast_arrays(condition, x, y)
  File "/home/ishir/miniconda3/envs/jaxgcrl/lib/python3.10/site-packages/jax/_src/numpy/util.py", line 407, in _broadcast_arrays
    result_shape = lax.broadcast_shapes(*shapes)
ValueError: Incompatible shapes for broadcasting: shapes=[(256, 1), (256, 10, 3), (256, 10, 3)]
[1;34mwandb[0m: 
[1;34mwandb[0m: 🚀 View run [33mrun[0m at: [34m[0m
[1;34mwandb[0m: Find logs at: [1;35mwandb/run-20260214_094307-6xui4j24/logs[0m
/home/ishir/miniconda3/envs/jaxgcrl/lib/python3.10/site-packages/pydantic/_internal/_generate_schema.py:2249: UnsupportedFieldAttributeWarning: The 'repr' attribute with value False was provided to the `Field()` function, which has no effect in the context it was used. 'repr' is field-specific metadata, and can only be attached to a model field using `Annotated` metadata or by assignment. This may have happened because an `Annotated` type alias using the `type` statement was used, or if the `Field()` function was attached to a single member of a union type.
  warnings.warn(
/home/ishir/miniconda3/envs/jaxgcrl/lib/python3.10/site-packages/pydantic/_internal/_generate_schema.py:2249: UnsupportedFieldAttributeWarning: The 'frozen' attribute with value True was provided to the `Field()` function, which has no effect in the context it was used. 'frozen' is field-specific metadata, and can only be attached to a model field using `Annotated` metadata or by assignment. This may have happened because an `Annotated` type alias using the `type` statement was used, or if the `Field()` function was attached to a single member of a union type.
  warnings.warn(
Gym has been unmaintained since 2022 and does not support NumPy 2.0 amongst other critical functionality.
Please upgrade to Gymnasium, the maintained drop-in replacement of Gym, or contact the authors of your software and request that they upgrade.
Users of this version of Gym should be able to simply replace 'import gym' with 'import gymnasium as gym' in the vast majority of cases.
See the migration guide at https://gymnasium.farama.org/introduction/migration_guide/ for additional information.
2026-02-14 09:44:04 INFO    |  Arguments:
{'action_repeat': 1,
 'agent': 'GoExploreCRL',
 'alpha_lr': 0.0003,
 'backend': None,
 'batch_size': 256,
 'candidate_goals_type': 'any',
 'checkpoint_logdir': None,
 'contrastive_loss_fn': 'fwd_infonce',
 'critic_lr': 0.0003,
 'cuda': True,
 'disable_entropy_actor': False,
 'discounting': 0.99,
 'energy_fn': 'norm',
 'env': 'ant_u_maze',
 'ep_goal_proposer_name': 'env_goals',
 'eval_env': None,
 'exp_name': 'run',
 'filter_successful_waypoints': False,
 'gcp_goal_proposer_name': 'maxwaypointratio_one_env',
 'gcp_num_critic_ensemble': 5,
 'goal_sampling_temperature': 0.1,
 'h_dim': 256,
 'log_wandb': True,
 'logsumexp_penalty_coeff': 0.1,
 'max_devices_per_host': 1,
 'max_replay_size': 20000,
 'min_replay_size': 1000,
 'n_hidden': 4,
 'num_envs': 256,
 'num_eval_envs': 256,
 'num_evals': 200,
 'num_exploratory_steps': 600,
 'num_goal_conditioned_steps': 900,
 'num_rb_goals': 256,
 'policy_lr': 0.0003,
 'repr_dim': 64,
 'seed': 0,
 'skip_connections': 4,
 'total_env_steps': 120000000,
 'train_ep_on_main_buffer': False,
 'train_step_multiplier': 1,
 'unroll_length': 50,
 'use_gcp_critic_ensemble': False,
 'use_ln': False,
 'use_relu': False,
 'use_same_policy': True,
 'utd_ratio': 0.00390625,
 'vis_length': 1000,
 'visualization_interval': 5,
 'wandb_group': '.',
 'wandb_mode': 'online',
 'wandb_project_name': 'jaxgcrl'}
wandb: Currently logged in as: ishirgarg (ishirgarg-university-of-california-berkeley) to https://api.wandb.ai. Use `wandb login --relogin` to force relogin
wandb: setting up run 1vao6967
wandb: Tracking run with wandb version 0.22.2
wandb: Run data is saved locally in /home/ishir/JaxGCRL/wandb/run-20260214_094404-1vao6967
wandb: Run `wandb offline` to turn off syncing.
wandb: Syncing run run
wandb: ⭐️ View project at https://wandb.ai/ishirgarg-university-of-california-berkeley/jaxgcrl
wandb: 🚀 View run at https://wandb.ai/ishirgarg-university-of-california-berkeley/jaxgcrl/runs/1vao6967
2026-02-14 09:44:07 INFO    |  Unable to initialize backend 'rocm': NOT_FOUND: Could not find registered platform with name: "rocm". Available platform names are: CUDA
2026-02-14 09:44:07 INFO    |  Unable to initialize backend 'tpu': INTERNAL: Failed to open libtpu.so: libtpu.so: cannot open shared object file: No such file or directory
[32m09:44:08 INFO: This is wandb-osh v1.2.2 using communication directory /home/ishir/.wandb_osh_command_dir[0m
2026-02-14 09:44:08 INFO    |  This is wandb-osh v1.2.2 using communication directory /home/ishir/.wandb_osh_command_dir
2026-02-14 09:44:08 INFO    |  Num env: 256
2026-02-14 09:44:08 INFO    |  num_prefill_env_steps: 256000
2026-02-14 09:44:08 INFO    |  num_prefill_actor_steps: 1
2026-02-14 09:44:08 INFO    |  num_training_steps_per_epoch: 2
2026-02-14 09:44:21 INFO    |  actor input shape: (1, 31)
2026-02-14 09:44:23 INFO    |  actor input shape: (1, 31)
2026-02-14 09:44:23 INFO    |  encoder input shape: (1, 37)
2026-02-14 09:44:23 INFO    |  encoder input shape: (1, 2)
2026-02-14 09:44:23 INFO    |  encoder input shape: (1, 37)
2026-02-14 09:44:23 INFO    |  encoder input shape: (1, 2)
2026-02-14 09:44:24 INFO    |  actor input shape: (1536, 31)
2026-02-14 09:44:24 INFO    |  encoder input shape: (1536, 37)
2026-02-14 09:44:24 INFO    |  encoder input shape: (6, 2)
2026-02-14 09:44:24 INFO    |  actor input shape: (6, 31)
2026-02-14 09:44:24 INFO    |  encoder input shape: (6, 37)
2026-02-14 09:44:24 INFO    |  actor input shape: (256, 31)
2026-02-14 09:44:26 INFO    |  actor input shape: (256, 31)
jax.errors.SimplifiedTraceback: For simplicity, JAX has removed its internal frames from the traceback of the following exception. Set JAX_TRACEBACK_FILTERING=off to include these.

The above exception was the direct cause of the following exception:

Traceback (most recent call last):
  File "/home/ishir/JaxGCRL/run.py", line 149, in <module>
    cli()
  File "/home/ishir/JaxGCRL/run.py", line 138, in cli
    tyro.cli(
  File "/home/ishir/miniconda3/envs/jaxgcrl/lib/python3.10/site-packages/tyro/_cli.py", line 189, in cli
    return run_with_args_from_cli()
  File "/home/ishir/JaxGCRL/run.py", line 128, in main
    _, params, _ = config.agent.train_fn(
  File "/home/ishir/JaxGCRL/jaxgcrl/agents/crl/go_explore_crl.py", line 1758, in train_fn
    training_state, env_state, main_buffer_state, gcp_buffer_state, ep_buffer_state, _ = prefill_replay_buffer(
  File "/home/ishir/JaxGCRL/jaxgcrl/agents/crl/go_explore_crl.py", line 1279, in prefill_replay_buffer
    return jax.lax.scan(
  File "/home/ishir/JaxGCRL/jaxgcrl/agents/crl/go_explore_crl.py", line 1255, in f
    _, _, _, _, _, _), _ = jax.lax.scan(
TypeError: Scanned function carry input and carry output must have equal types (e.g. shapes and dtypes of arrays), but they differ:
  * the input carry component carry_inner[6] has type bool[] but the corresponding output carry component has type bool[256], so the shapes do not match

  * the input carry component carry_inner[7] has type bool[] but the corresponding output carry component has type bool[256], so the shapes do not match

Revise the scanned function so that all output types (e.g. shapes and dtypes) match the corresponding input types.
[1;34mwandb[0m: 
[1;34mwandb[0m: 🚀 View run [33mrun[0m at: [34m[0m
[1;34mwandb[0m: Find logs at: [1;35mwandb/run-20260214_094404-1vao6967/logs[0m
/home/ishir/miniconda3/envs/jaxgcrl/lib/python3.10/site-packages/pydantic/_internal/_generate_schema.py:2249: UnsupportedFieldAttributeWarning: The 'repr' attribute with value False was provided to the `Field()` function, which has no effect in the context it was used. 'repr' is field-specific metadata, and can only be attached to a model field using `Annotated` metadata or by assignment. This may have happened because an `Annotated` type alias using the `type` statement was used, or if the `Field()` function was attached to a single member of a union type.
  warnings.warn(
/home/ishir/miniconda3/envs/jaxgcrl/lib/python3.10/site-packages/pydantic/_internal/_generate_schema.py:2249: UnsupportedFieldAttributeWarning: The 'frozen' attribute with value True was provided to the `Field()` function, which has no effect in the context it was used. 'frozen' is field-specific metadata, and can only be attached to a model field using `Annotated` metadata or by assignment. This may have happened because an `Annotated` type alias using the `type` statement was used, or if the `Field()` function was attached to a single member of a union type.
  warnings.warn(
Gym has been unmaintained since 2022 and does not support NumPy 2.0 amongst other critical functionality.
Please upgrade to Gymnasium, the maintained drop-in replacement of Gym, or contact the authors of your software and request that they upgrade.
Users of this version of Gym should be able to simply replace 'import gym' with 'import gymnasium as gym' in the vast majority of cases.
See the migration guide at https://gymnasium.farama.org/introduction/migration_guide/ for additional information.
2026-02-14 09:46:55 INFO    |  Arguments:
{'action_repeat': 1,
 'agent': 'GoExploreCRL',
 'alpha_lr': 0.0003,
 'backend': None,
 'batch_size': 256,
 'candidate_goals_type': 'any',
 'checkpoint_logdir': None,
 'contrastive_loss_fn': 'fwd_infonce',
 'critic_lr': 0.0003,
 'cuda': True,
 'disable_entropy_actor': False,
 'discounting': 0.99,
 'energy_fn': 'norm',
 'env': 'ant_u_maze',
 'ep_goal_proposer_name': 'env_goals',
 'eval_env': None,
 'exp_name': 'run',
 'filter_successful_waypoints': False,
 'gcp_goal_proposer_name': 'maxwaypointratio_one_env',
 'gcp_num_critic_ensemble': 5,
 'goal_sampling_temperature': 0.1,
 'h_dim': 256,
 'log_wandb': True,
 'logsumexp_penalty_coeff': 0.1,
 'max_devices_per_host': 1,
 'max_replay_size': 20000,
 'min_replay_size': 1000,
 'n_hidden': 4,
 'num_envs': 256,
 'num_eval_envs': 256,
 'num_evals': 200,
 'num_exploratory_steps': 600,
 'num_goal_conditioned_steps': 900,
 'num_rb_goals': 256,
 'policy_lr': 0.0003,
 'repr_dim': 64,
 'seed': 0,
 'skip_connections': 4,
 'total_env_steps': 120000000,
 'train_ep_on_main_buffer': False,
 'train_step_multiplier': 1,
 'unroll_length': 50,
 'use_gcp_critic_ensemble': False,
 'use_ln': False,
 'use_relu': False,
 'use_same_policy': True,
 'utd_ratio': 0.00390625,
 'vis_length': 1000,
 'visualization_interval': 5,
 'wandb_group': '.',
 'wandb_mode': 'online',
 'wandb_project_name': 'jaxgcrl'}
wandb: Currently logged in as: ishirgarg (ishirgarg-university-of-california-berkeley) to https://api.wandb.ai. Use `wandb login --relogin` to force relogin
wandb: setting up run vwi4bwnp
wandb: Tracking run with wandb version 0.22.2
wandb: Run data is saved locally in /home/ishir/JaxGCRL/wandb/run-20260214_094655-vwi4bwnp
wandb: Run `wandb offline` to turn off syncing.
wandb: Syncing run run
wandb: ⭐️ View project at https://wandb.ai/ishirgarg-university-of-california-berkeley/jaxgcrl
wandb: 🚀 View run at https://wandb.ai/ishirgarg-university-of-california-berkeley/jaxgcrl/runs/vwi4bwnp
2026-02-14 09:46:57 INFO    |  Unable to initialize backend 'rocm': NOT_FOUND: Could not find registered platform with name: "rocm". Available platform names are: CUDA
2026-02-14 09:46:57 INFO    |  Unable to initialize backend 'tpu': INTERNAL: Failed to open libtpu.so: libtpu.so: cannot open shared object file: No such file or directory
[32m09:46:59 INFO: This is wandb-osh v1.2.2 using communication directory /home/ishir/.wandb_osh_command_dir[0m
2026-02-14 09:46:59 INFO    |  This is wandb-osh v1.2.2 using communication directory /home/ishir/.wandb_osh_command_dir
2026-02-14 09:46:59 INFO    |  Num env: 256
2026-02-14 09:46:59 INFO    |  num_prefill_env_steps: 256000
2026-02-14 09:46:59 INFO    |  num_prefill_actor_steps: 1
2026-02-14 09:46:59 INFO    |  num_training_steps_per_epoch: 2
2026-02-14 09:47:12 INFO    |  actor input shape: (1, 31)
2026-02-14 09:47:13 INFO    |  actor input shape: (1, 31)
2026-02-14 09:47:13 INFO    |  encoder input shape: (1, 37)
2026-02-14 09:47:14 INFO    |  encoder input shape: (1, 2)
2026-02-14 09:47:14 INFO    |  encoder input shape: (1, 37)
2026-02-14 09:47:14 INFO    |  encoder input shape: (1, 2)
2026-02-14 09:47:14 INFO    |  actor input shape: (1536, 31)
2026-02-14 09:47:15 INFO    |  encoder input shape: (1536, 37)
2026-02-14 09:47:15 INFO    |  encoder input shape: (6, 2)
2026-02-14 09:47:15 INFO    |  actor input shape: (6, 31)
2026-02-14 09:47:15 INFO    |  encoder input shape: (6, 37)
2026-02-14 09:47:15 INFO    |  actor input shape: (256, 31)
2026-02-14 09:47:17 INFO    |  actor input shape: (256, 31)
2026-02-14 09:48:03 INFO    |  starting training....
2026-02-14 09:48:04 INFO    |  actor input shape: (256, 31)
2026-02-14 09:48:04 INFO    |  encoder input shape: (256, 37)
2026-02-14 09:48:04 INFO    |  encoder input shape: (256, 2)
2026-02-14 09:48:04 INFO    |  encoder input shape: (256, 37)
2026-02-14 09:48:04 INFO    |  encoder input shape: (256, 2)
2026-02-14 09:48:04 INFO    |  actor input shape: (256, 31)
2026-02-14 09:48:04 INFO    |  encoder input shape: (256, 37)
2026-02-14 09:48:04 INFO    |  encoder input shape: (256, 2)
2026-02-14 09:48:04 INFO    |  encoder input shape: (256, 37)
2026-02-14 09:48:04 INFO    |  encoder input shape: (256, 2)
2026-02-14 09:51:21 INFO    |  Visualization: collected_transitions shape: (1500, 256, 31), num_envs: 256
2026-02-14 09:51:21 INFO    |  Visualization: Raw collected_transitions has 256 unique trajectory IDs out of 384000 total transitions
2026-02-14 09:51:22 INFO    |  Visualization: processed_transitions shape: (1499, 256, 31)
2026-02-14 09:51:22 INFO    |  Visualization: Found 256 unique trajectory IDs out of 383744 total transitions
2026-02-14 09:51:22 INFO    |  Transition shapes: obs=(1499, 256, 31), traj_ids=(1499, 256), traj_ids_flat=(383744,)
Traceback (most recent call last):
  File "/home/ishir/JaxGCRL/run.py", line 149, in <module>
    cli()
  File "/home/ishir/JaxGCRL/run.py", line 138, in cli
    tyro.cli(
  File "/home/ishir/miniconda3/envs/jaxgcrl/lib/python3.10/site-packages/tyro/_cli.py", line 189, in cli
    return run_with_args_from_cli()
  File "/home/ishir/JaxGCRL/run.py", line 128, in main
    _, params, _ = config.agent.train_fn(
  File "/home/ishir/JaxGCRL/jaxgcrl/agents/crl/go_explore_crl.py", line 1829, in train_fn
    visualize_goals(train_env, processed_transitions, wandb_key="training")
  File "/home/ishir/JaxGCRL/jaxgcrl/agents/crl/go_explore_crl.py", line 1710, in visualize_goals
    ep_final_xy = ep_final_states[sample_indices]
IndexError: index 247 is out of bounds for axis 0 with size 0
[1;34mwandb[0m: 
[1;34mwandb[0m: 🚀 View run [33mrun[0m at: [34m[0m
[1;34mwandb[0m: Find logs at: [1;35mwandb/run-20260214_094655-vwi4bwnp/logs[0m
Traceback (most recent call last):
  File "/home/ishir/JaxGCRL/run.py", line 9, in <module>
    import wandb
  File "/home/ishir/miniconda3/envs/jaxgcrl/lib/python3.10/site-packages/wandb/__init__.py", line 22, in <module>
    from wandb.sdk.lib import wb_logging as _wb_logging
  File "/home/ishir/miniconda3/envs/jaxgcrl/lib/python3.10/site-packages/wandb/sdk/__init__.py", line 24, in <module>
    from . import wandb_helper as helper
  File "/home/ishir/miniconda3/envs/jaxgcrl/lib/python3.10/site-packages/wandb/sdk/wandb_helper.py", line 6, in <module>
    from .lib import config_util
  File "/home/ishir/miniconda3/envs/jaxgcrl/lib/python3.10/site-packages/wandb/sdk/lib/config_util.py", line 10, in <module>
    from wandb.util import load_yaml
  File "/home/ishir/miniconda3/envs/jaxgcrl/lib/python3.10/site-packages/wandb/util.py", line 56, in <module>
    import wandb.env
  File "/home/ishir/miniconda3/envs/jaxgcrl/lib/python3.10/site-packages/wandb/env.py", line 18, in <module>
    import platformdirs
  File "/home/ishir/miniconda3/envs/jaxgcrl/lib/python3.10/site-packages/platformdirs/__init__.py", line 15, in <module>
    from .version import __version__
  File "<frozen importlib._bootstrap>", line 1027, in _find_and_load
  File "<frozen importlib._bootstrap>", line 1002, in _find_and_load_unlocked
  File "<frozen importlib._bootstrap>", line 945, in _find_spec
  File "<frozen importlib._bootstrap_external>", line 1439, in find_spec
  File "<frozen importlib._bootstrap_external>", line 1411, in _get_spec
  File "<frozen importlib._bootstrap_external>", line 1577, in find_spec
  File "<frozen importlib._bootstrap_external>", line 161, in _path_isfile
  File "<frozen importlib._bootstrap_external>", line 153, in _path_is_mode_type
  File "<frozen importlib._bootstrap_external>", line 147, in _path_stat
KeyboardInterrupt
/home/ishir/miniconda3/envs/jaxgcrl/lib/python3.10/site-packages/pydantic/_internal/_generate_schema.py:2249: UnsupportedFieldAttributeWarning: The 'repr' attribute with value False was provided to the `Field()` function, which has no effect in the context it was used. 'repr' is field-specific metadata, and can only be attached to a model field using `Annotated` metadata or by assignment. This may have happened because an `Annotated` type alias using the `type` statement was used, or if the `Field()` function was attached to a single member of a union type.
  warnings.warn(
/home/ishir/miniconda3/envs/jaxgcrl/lib/python3.10/site-packages/pydantic/_internal/_generate_schema.py:2249: UnsupportedFieldAttributeWarning: The 'frozen' attribute with value True was provided to the `Field()` function, which has no effect in the context it was used. 'frozen' is field-specific metadata, and can only be attached to a model field using `Annotated` metadata or by assignment. This may have happened because an `Annotated` type alias using the `type` statement was used, or if the `Field()` function was attached to a single member of a union type.
  warnings.warn(
Traceback (most recent call last):
  File "/home/ishir/JaxGCRL/run.py", line 6, in <module>
    import tyro
ModuleNotFoundError: No module named 'tyro'
Traceback (most recent call last):
  File "/home/ishir/JaxGCRL/run.py", line 6, in <module>
    import tyro
ModuleNotFoundError: No module named 'tyro'
Gym has been unmaintained since 2022 and does not support NumPy 2.0 amongst other critical functionality.
Please upgrade to Gymnasium, the maintained drop-in replacement of Gym, or contact the authors of your software and request that they upgrade.
Users of this version of Gym should be able to simply replace 'import gym' with 'import gymnasium as gym' in the vast majority of cases.
See the migration guide at https://gymnasium.farama.org/introduction/migration_guide/ for additional information.
2026-02-14 09:56:49 INFO    |  Arguments:
{'action_repeat': 1,
 'agent': 'GoExploreCRL',
 'alpha_lr': 0.0003,
 'backend': None,
 'batch_size': 256,
 'candidate_goals_type': 'any',
 'checkpoint_logdir': None,
 'contrastive_loss_fn': 'fwd_infonce',
 'critic_lr': 0.0003,
 'cuda': True,
 'disable_entropy_actor': False,
 'discounting': 0.99,
 'energy_fn': 'norm',
 'env': 'ant_u_maze',
 'ep_goal_proposer_name': 'env_goals',
 'eval_env': None,
 'exp_name': 'run',
 'filter_successful_waypoints': False,
 'gcp_goal_proposer_name': 'maxwaypointratio_one_env',
 'gcp_num_critic_ensemble': 5,
 'goal_sampling_temperature': 0.1,
 'h_dim': 256,
 'log_wandb': True,
 'logsumexp_penalty_coeff': 0.1,
 'max_devices_per_host': 1,
 'max_replay_size': 20000,
 'min_replay_size': 1000,
 'n_hidden': 4,
 'num_envs': 256,
 'num_eval_envs': 256,
 'num_evals': 200,
 'num_exploratory_steps': 600,
 'num_goal_conditioned_steps': 900,
 'num_rb_goals': 256,
 'policy_lr': 0.0003,
 'repr_dim': 64,
 'seed': 0,
 'skip_connections': 4,
 'total_env_steps': 120000000,
 'train_ep_on_main_buffer': False,
 'train_step_multiplier': 1,
 'unroll_length': 50,
 'use_gcp_critic_ensemble': False,
 'use_ln': False,
 'use_relu': False,
 'use_same_policy': True,
 'utd_ratio': 0.00390625,
 'vis_length': 1000,
 'visualization_interval': 5,
 'wandb_group': '.',
 'wandb_mode': 'online',
 'wandb_project_name': 'jaxgcrl'}
wandb: Currently logged in as: ishirgarg (ishirgarg-university-of-california-berkeley) to https://api.wandb.ai. Use `wandb login --relogin` to force relogin
wandb: setting up run 5n6oo56z
wandb: Tracking run with wandb version 0.22.2
wandb: Run data is saved locally in /home/ishir/JaxGCRL/wandb/run-20260214_095649-5n6oo56z
wandb: Run `wandb offline` to turn off syncing.
wandb: Syncing run run
wandb: ⭐️ View project at https://wandb.ai/ishirgarg-university-of-california-berkeley/jaxgcrl
wandb: 🚀 View run at https://wandb.ai/ishirgarg-university-of-california-berkeley/jaxgcrl/runs/5n6oo56z
/home/ishir/miniconda3/envs/jaxgcrl/lib/python3.10/site-packages/pydantic/_internal/_generate_schema.py:2249: UnsupportedFieldAttributeWarning: The 'repr' attribute with value False was provided to the `Field()` function, which has no effect in the context it was used. 'repr' is field-specific metadata, and can only be attached to a model field using `Annotated` metadata or by assignment. This may have happened because an `Annotated` type alias using the `type` statement was used, or if the `Field()` function was attached to a single member of a union type.
  warnings.warn(
/home/ishir/miniconda3/envs/jaxgcrl/lib/python3.10/site-packages/pydantic/_internal/_generate_schema.py:2249: UnsupportedFieldAttributeWarning: The 'frozen' attribute with value True was provided to the `Field()` function, which has no effect in the context it was used. 'frozen' is field-specific metadata, and can only be attached to a model field using `Annotated` metadata or by assignment. This may have happened because an `Annotated` type alias using the `type` statement was used, or if the `Field()` function was attached to a single member of a union type.
  warnings.warn(
2026-02-14 09:56:51 INFO    |  Unable to initialize backend 'rocm': NOT_FOUND: Could not find registered platform with name: "rocm". Available platform names are: CUDA
2026-02-14 09:56:51 INFO    |  Unable to initialize backend 'tpu': INTERNAL: Failed to open libtpu.so: libtpu.so: cannot open shared object file: No such file or directory
[32m09:56:53 INFO: This is wandb-osh v1.2.2 using communication directory /home/ishir/.wandb_osh_command_dir[0m
2026-02-14 09:56:53 INFO    |  This is wandb-osh v1.2.2 using communication directory /home/ishir/.wandb_osh_command_dir
2026-02-14 09:56:53 INFO    |  Num env: 256
2026-02-14 09:56:53 INFO    |  num_prefill_env_steps: 256000
2026-02-14 09:56:53 INFO    |  num_prefill_actor_steps: 1
2026-02-14 09:56:53 INFO    |  num_training_steps_per_epoch: 2
Gym has been unmaintained since 2022 and does not support NumPy 2.0 amongst other critical functionality.
Please upgrade to Gymnasium, the maintained drop-in replacement of Gym, or contact the authors of your software and request that they upgrade.
Users of this version of Gym should be able to simply replace 'import gym' with 'import gymnasium as gym' in the vast majority of cases.
See the migration guide at https://gymnasium.farama.org/introduction/migration_guide/ for additional information.
2026-02-14 09:57:00 INFO    |  Arguments:
{'action_repeat': 1,
 'agent': 'GoExploreCRL',
 'alpha_lr': 0.0003,
 'backend': None,
 'batch_size': 256,
 'candidate_goals_type': 'any',
 'checkpoint_logdir': None,
 'contrastive_loss_fn': 'fwd_infonce',
 'critic_lr': 0.0003,
 'cuda': True,
 'disable_entropy_actor': False,
 'discounting': 0.99,
 'energy_fn': 'norm',
 'env': 'ant_big_maze',
 'ep_goal_proposer_name': 'env_goals',
 'eval_env': None,
 'exp_name': 'run',
 'filter_successful_waypoints': False,
 'gcp_goal_proposer_name': 'maxwaypointratio_one_env',
 'gcp_num_critic_ensemble': 5,
 'goal_sampling_temperature': 0.1,
 'h_dim': 256,
 'log_wandb': True,
 'logsumexp_penalty_coeff': 0.1,
 'max_devices_per_host': 1,
 'max_replay_size': 20000,
 'min_replay_size': 1000,
 'n_hidden': 4,
 'num_envs': 256,
 'num_eval_envs': 256,
 'num_evals': 200,
 'num_exploratory_steps': 800,
 'num_goal_conditioned_steps': 1200,
 'num_rb_goals': 256,
 'policy_lr': 0.0003,
 'repr_dim': 64,
 'seed': 0,
 'skip_connections': 4,
 'total_env_steps': 160000000,
 'train_ep_on_main_buffer': False,
 'train_step_multiplier': 1,
 'unroll_length': 50,
 'use_gcp_critic_ensemble': False,
 'use_ln': False,
 'use_relu': False,
 'use_same_policy': True,
 'utd_ratio': 0.00390625,
 'vis_length': 1000,
 'visualization_interval': 5,
 'wandb_group': '.',
 'wandb_mode': 'online',
 'wandb_project_name': 'jaxgcrl'}
wandb: Currently logged in as: ishirgarg (ishirgarg-university-of-california-berkeley) to https://api.wandb.ai. Use `wandb login --relogin` to force relogin
wandb: setting up run hzah0thk
wandb: Tracking run with wandb version 0.22.2
wandb: Run data is saved locally in /home/ishir/JaxGCRL/wandb/run-20260214_095700-hzah0thk
wandb: Run `wandb offline` to turn off syncing.
wandb: Syncing run run
wandb: ⭐️ View project at https://wandb.ai/ishirgarg-university-of-california-berkeley/jaxgcrl
wandb: 🚀 View run at https://wandb.ai/ishirgarg-university-of-california-berkeley/jaxgcrl/runs/hzah0thk
2026-02-14 09:57:02 INFO    |  Unable to initialize backend 'rocm': NOT_FOUND: Could not find registered platform with name: "rocm". Available platform names are: CUDA
2026-02-14 09:57:02 INFO    |  Unable to initialize backend 'tpu': INTERNAL: Failed to open libtpu.so: libtpu.so: cannot open shared object file: No such file or directory
[32m09:57:03 INFO: This is wandb-osh v1.2.2 using communication directory /home/ishir/.wandb_osh_command_dir[0m
2026-02-14 09:57:03 INFO    |  This is wandb-osh v1.2.2 using communication directory /home/ishir/.wandb_osh_command_dir
2026-02-14 09:57:03 INFO    |  Num env: 256
2026-02-14 09:57:03 INFO    |  num_prefill_env_steps: 256000
2026-02-14 09:57:03 INFO    |  num_prefill_actor_steps: 1
2026-02-14 09:57:03 INFO    |  num_training_steps_per_epoch: 2
2026-02-14 09:57:05 INFO    |  actor input shape: (1, 31)
/home/ishir/miniconda3/envs/jaxgcrl/lib/python3.10/site-packages/pydantic/_internal/_generate_schema.py:2249: UnsupportedFieldAttributeWarning: The 'repr' attribute with value False was provided to the `Field()` function, which has no effect in the context it was used. 'repr' is field-specific metadata, and can only be attached to a model field using `Annotated` metadata or by assignment. This may have happened because an `Annotated` type alias using the `type` statement was used, or if the `Field()` function was attached to a single member of a union type.
  warnings.warn(
/home/ishir/miniconda3/envs/jaxgcrl/lib/python3.10/site-packages/pydantic/_internal/_generate_schema.py:2249: UnsupportedFieldAttributeWarning: The 'frozen' attribute with value True was provided to the `Field()` function, which has no effect in the context it was used. 'frozen' is field-specific metadata, and can only be attached to a model field using `Annotated` metadata or by assignment. This may have happened because an `Annotated` type alias using the `type` statement was used, or if the `Field()` function was attached to a single member of a union type.
  warnings.warn(
2026-02-14 09:57:07 INFO    |  actor input shape: (1, 31)
2026-02-14 09:57:07 INFO    |  encoder input shape: (1, 37)
2026-02-14 09:57:07 INFO    |  encoder input shape: (1, 2)
2026-02-14 09:57:08 INFO    |  encoder input shape: (1, 37)
2026-02-14 09:57:08 INFO    |  encoder input shape: (1, 2)
2026-02-14 09:57:08 INFO    |  actor input shape: (1536, 31)
2026-02-14 09:57:08 INFO    |  encoder input shape: (1536, 37)
2026-02-14 09:57:08 INFO    |  encoder input shape: (6, 2)
2026-02-14 09:57:08 INFO    |  actor input shape: (6, 31)
2026-02-14 09:57:08 INFO    |  encoder input shape: (6, 37)
2026-02-14 09:57:08 INFO    |  actor input shape: (256, 31)
2026-02-14 09:57:11 INFO    |  actor input shape: (256, 31)
Gym has been unmaintained since 2022 and does not support NumPy 2.0 amongst other critical functionality.
Please upgrade to Gymnasium, the maintained drop-in replacement of Gym, or contact the authors of your software and request that they upgrade.
Users of this version of Gym should be able to simply replace 'import gym' with 'import gymnasium as gym' in the vast majority of cases.
See the migration guide at https://gymnasium.farama.org/introduction/migration_guide/ for additional information.
2026-02-14 09:57:15 INFO    |  Arguments:
{'action_repeat': 1,
 'agent': 'GoExploreCRL',
 'alpha_lr': 0.0003,
 'backend': None,
 'batch_size': 256,
 'candidate_goals_type': 'any',
 'checkpoint_logdir': None,
 'contrastive_loss_fn': 'fwd_infonce',
 'critic_lr': 0.0003,
 'cuda': True,
 'disable_entropy_actor': False,
 'discounting': 0.99,
 'energy_fn': 'norm',
 'env': 'ant_big_maze',
 'ep_goal_proposer_name': 'env_goals',
 'eval_env': None,
 'exp_name': 'run',
 'filter_successful_waypoints': False,
 'gcp_goal_proposer_name': 'mega',
 'gcp_num_critic_ensemble': 5,
 'goal_sampling_temperature': 1.0,
 'h_dim': 256,
 'log_wandb': True,
 'logsumexp_penalty_coeff': 0.1,
 'max_devices_per_host': 1,
 'max_replay_size': 20000,
 'min_replay_size': 1000,
 'n_hidden': 4,
 'num_envs': 256,
 'num_eval_envs': 256,
 'num_evals': 200,
 'num_exploratory_steps': 800,
 'num_goal_conditioned_steps': 1200,
 'num_rb_goals': 256,
 'policy_lr': 0.0003,
 'repr_dim': 64,
 'seed': 0,
 'skip_connections': 4,
 'total_env_steps': 160000000,
 'train_ep_on_main_buffer': False,
 'train_step_multiplier': 1,
 'unroll_length': 50,
 'use_gcp_critic_ensemble': False,
 'use_ln': False,
 'use_relu': False,
 'use_same_policy': True,
 'utd_ratio': 0.00390625,
 'vis_length': 1000,
 'visualization_interval': 5,
 'wandb_group': '.',
 'wandb_mode': 'online',
 'wandb_project_name': 'jaxgcrl'}
wandb: Currently logged in as: ishirgarg (ishirgarg-university-of-california-berkeley) to https://api.wandb.ai. Use `wandb login --relogin` to force relogin
wandb: setting up run dh9rrckl
wandb: Tracking run with wandb version 0.22.2
wandb: Run data is saved locally in /home/ishir/JaxGCRL/wandb/run-20260214_095715-dh9rrckl
wandb: Run `wandb offline` to turn off syncing.
wandb: Syncing run run
wandb: ⭐️ View project at https://wandb.ai/ishirgarg-university-of-california-berkeley/jaxgcrl
wandb: 🚀 View run at https://wandb.ai/ishirgarg-university-of-california-berkeley/jaxgcrl/runs/dh9rrckl
2026-02-14 09:57:17 INFO    |  actor input shape: (1, 31)
2026-02-14 09:57:18 INFO    |  Unable to initialize backend 'rocm': NOT_FOUND: Could not find registered platform with name: "rocm". Available platform names are: CUDA
2026-02-14 09:57:18 INFO    |  Unable to initialize backend 'tpu': INTERNAL: Failed to open libtpu.so: libtpu.so: cannot open shared object file: No such file or directory
2026-02-14 09:57:18 INFO    |  actor input shape: (1, 31)
2026-02-14 09:57:18 INFO    |  encoder input shape: (1, 37)
2026-02-14 09:57:18 INFO    |  encoder input shape: (1, 2)
2026-02-14 09:57:19 INFO    |  encoder input shape: (1, 37)
2026-02-14 09:57:19 INFO    |  encoder input shape: (1, 2)
[32m09:57:19 INFO: This is wandb-osh v1.2.2 using communication directory /home/ishir/.wandb_osh_command_dir[0m
2026-02-14 09:57:19 INFO    |  This is wandb-osh v1.2.2 using communication directory /home/ishir/.wandb_osh_command_dir
2026-02-14 09:57:19 INFO    |  Num env: 256
2026-02-14 09:57:19 INFO    |  num_prefill_env_steps: 256000
2026-02-14 09:57:19 INFO    |  num_prefill_actor_steps: 1
2026-02-14 09:57:19 INFO    |  num_training_steps_per_epoch: 2
2026-02-14 09:57:19 INFO    |  actor input shape: (6400, 31)
2026-02-14 09:57:19 INFO    |  encoder input shape: (6400, 37)
2026-02-14 09:57:19 INFO    |  encoder input shape: (25, 2)
2026-02-14 09:57:19 INFO    |  actor input shape: (25, 31)
2026-02-14 09:57:19 INFO    |  encoder input shape: (25, 37)
2026-02-14 09:57:19 INFO    |  actor input shape: (256, 31)
2026-02-14 09:57:22 INFO    |  actor input shape: (256, 31)
2026-02-14 09:57:32 INFO    |  actor input shape: (1, 31)
2026-02-14 09:57:33 INFO    |  actor input shape: (1, 31)
2026-02-14 09:57:34 INFO    |  encoder input shape: (1, 37)
2026-02-14 09:57:34 INFO    |  encoder input shape: (1, 2)
2026-02-14 09:57:34 INFO    |  encoder input shape: (1, 37)
2026-02-14 09:57:34 INFO    |  encoder input shape: (1, 2)
2026-02-14 09:57:35 INFO    |  actor input shape: (256, 31)
2026-02-14 09:57:35 INFO    |  encoder input shape: (256, 37)
2026-02-14 09:57:35 INFO    |  encoder input shape: (256, 2)
2026-02-14 09:57:35 INFO    |  actor input shape: (256, 31)
2026-02-14 09:57:37 INFO    |  actor input shape: (256, 31)
2026-02-14 09:57:57 INFO    |  starting training....
2026-02-14 09:57:57 INFO    |  actor input shape: (256, 31)
2026-02-14 09:57:57 INFO    |  encoder input shape: (256, 37)
2026-02-14 09:57:57 INFO    |  encoder input shape: (256, 2)
2026-02-14 09:57:57 INFO    |  encoder input shape: (256, 37)
2026-02-14 09:57:57 INFO    |  encoder input shape: (256, 2)
2026-02-14 09:57:57 INFO    |  actor input shape: (256, 31)
2026-02-14 09:57:57 INFO    |  encoder input shape: (256, 37)
2026-02-14 09:57:57 INFO    |  encoder input shape: (256, 2)
2026-02-14 09:57:57 INFO    |  encoder input shape: (256, 37)
2026-02-14 09:57:57 INFO    |  encoder input shape: (256, 2)
2026-02-14 09:58:27 INFO    |  starting training....
2026-02-14 09:58:27 INFO    |  actor input shape: (256, 31)
2026-02-14 09:58:27 INFO    |  encoder input shape: (256, 37)
2026-02-14 09:58:27 INFO    |  encoder input shape: (256, 2)
2026-02-14 09:58:27 INFO    |  encoder input shape: (256, 37)
2026-02-14 09:58:27 INFO    |  encoder input shape: (256, 2)
2026-02-14 09:58:27 INFO    |  actor input shape: (256, 31)
2026-02-14 09:58:27 INFO    |  encoder input shape: (256, 37)
2026-02-14 09:58:27 INFO    |  encoder input shape: (256, 2)
2026-02-14 09:58:28 INFO    |  encoder input shape: (256, 37)
2026-02-14 09:58:28 INFO    |  encoder input shape: (256, 2)
2026-02-14 09:58:38 INFO    |  starting training....
2026-02-14 09:58:38 INFO    |  actor input shape: (256, 31)
2026-02-14 09:58:38 INFO    |  encoder input shape: (256, 37)
2026-02-14 09:58:38 INFO    |  encoder input shape: (256, 2)
2026-02-14 09:58:38 INFO    |  encoder input shape: (256, 37)
2026-02-14 09:58:38 INFO    |  encoder input shape: (256, 2)
2026-02-14 09:58:39 INFO    |  actor input shape: (256, 31)
2026-02-14 09:58:39 INFO    |  encoder input shape: (256, 37)
2026-02-14 09:58:39 INFO    |  encoder input shape: (256, 2)
2026-02-14 09:58:39 INFO    |  encoder input shape: (256, 37)
2026-02-14 09:58:39 INFO    |  encoder input shape: (256, 2)
2026-02-14 10:01:13 INFO    |  Visualization: collected_transitions shape: (1500, 256, 31), num_envs: 256
2026-02-14 10:01:13 INFO    |  Visualization: Raw collected_transitions has 256 unique trajectory IDs out of 384000 total transitions
2026-02-14 10:01:14 INFO    |  Visualization: processed_transitions shape: (1499, 256, 31)
2026-02-14 10:01:14 INFO    |  Visualization: Found 256 unique trajectory IDs out of 383744 total transitions
2026-02-14 10:01:14 INFO    |  Transition shapes: obs=(1499, 256, 31), traj_ids=(1499, 256), traj_ids_flat=(383744,)
2026-02-14 10:01:17 INFO    |  Plotted visualizations at env step 1152000.0
2026-02-14 10:01:17 INFO    |  actor input shape: (256, 31)
2026-02-14 10:01:42 INFO    |  actor input shape: (256, 31)
2026-02-14 10:02:05 INFO    |  step: 1152000
2026-02-14 10:02:08 INFO    |  actor input shape: (1, 31)
2026-02-14 10:02:38 INFO    |  step: 1152000, training/sps: 3835.616 +/- 0.000
2026-02-14 10:02:38 INFO    |  step: 1152000, training/ep_actor_loss: -0.237 +/- 0.000
2026-02-14 10:02:38 INFO    |  step: 1152000, training/ep_alpha_loss: 0.421 +/- 0.000
2026-02-14 10:02:38 INFO    |  step: 1152000, training/ep_categorical_accuracy: 0.004 +/- 0.000
2026-02-14 10:02:38 INFO    |  step: 1152000, training/ep_critic_loss: 8.619 +/- 0.000
2026-02-14 10:02:38 INFO    |  step: 1152000, training/ep_entropy: -0.438 +/- 0.000
2026-02-14 10:02:38 INFO    |  step: 1152000, training/ep_log_alpha: -6.646 +/- 0.000
2026-02-14 10:02:38 INFO    |  step: 1152000, training/ep_logits_neg: -0.001 +/- 0.000
2026-02-14 10:02:38 INFO    |  step: 1152000, training/ep_logits_pos: -0.001 +/- 0.000
2026-02-14 10:02:38 INFO    |  step: 1152000, training/ep_logsumexp: 5.544 +/- 0.000
2026-02-14 10:02:38 INFO    |  step: 1152000, training/gcp_actor_loss: 5.976 +/- 0.000
2026-02-14 10:02:38 INFO    |  step: 1152000, training/gcp_alpha_loss: 0.113 +/- 0.000
2026-02-14 10:02:38 INFO    |  step: 1152000, training/gcp_categorical_accuracy: 0.363 +/- 0.000
2026-02-14 10:02:38 INFO    |  step: 1152000, training/gcp_critic_loss: 2.659 +/- 0.000
2026-02-14 10:02:38 INFO    |  step: 1152000, training/gcp_entropy: -3.832 +/- 0.000
2026-02-14 10:02:38 INFO    |  step: 1152000, training/gcp_log_alpha: -1.088 +/- 0.000
2026-02-14 10:02:38 INFO    |  step: 1152000, training/gcp_logits_neg: -11.221 +/- 0.000
2026-02-14 10:02:38 INFO    |  step: 1152000, training/gcp_logits_pos: -2.678 +/- 0.000
2026-02-14 10:02:38 INFO    |  step: 1152000, training/gcp_logsumexp: -0.101 +/- 0.000
2026-02-14 10:02:38 INFO    |  step: 1152000, eval/episode_reward: 0.000 +/- 0.000
2026-02-14 10:02:38 INFO    |  step: 1152000, eval/episode_success: 0.000 +/- 0.000
2026-02-14 10:02:38 INFO    |  step: 1152000, eval/episode_success_easy: 0.000 +/- 0.000
2026-02-14 10:02:38 INFO    |  step: 1152000, eval/episode_dist: 11962.421 +/- 0.000
2026-02-14 10:02:38 INFO    |  step: 1152000, eval/episode_success_any: 0.000 +/- 0.000
2026-02-14 10:02:38 INFO    |  step: 1152000, ep_eval/episode_reward: 0.000 +/- 0.000
2026-02-14 10:02:38 INFO    |  step: 1152000, ep_eval/episode_success: 0.000 +/- 0.000
2026-02-14 10:02:38 INFO    |  step: 1152000, ep_eval/episode_success_easy: 0.000 +/- 0.000
2026-02-14 10:02:38 INFO    |  step: 1152000, ep_eval/episode_dist: 12246.984 +/- 0.000
2026-02-14 10:02:38 INFO    |  step: 1152000, ep_eval/episode_success_any: 0.000 +/- 0.000
2026-02-14 10:02:38 INFO    |  step: 1152000, eval/episode_reward_ctrl: 0.000 +/- 0.000
2026-02-14 10:02:38 INFO    |  step: 1152000, eval/episode_reward_dist: 0.000 +/- 0.000
2026-02-14 10:02:38 INFO    |  step: 1152000, eval/episode_reward_near: 0.000 +/- 0.000
2026-02-14 10:02:38 INFO    |  step: 1152000, eval/episode_reward_survive: 0.000 +/- 0.000
2026-02-14 10:02:38 INFO    |  step: 1152000, eval/episode_success_hard: 0.000 +/- 0.000
2026-02-14 10:02:38 INFO    |  step: 1152000, ep_eval/episode_reward_ctrl: 0.000 +/- 0.000
2026-02-14 10:02:38 INFO    |  step: 1152000, ep_eval/episode_reward_dist: 0.000 +/- 0.000
2026-02-14 10:02:38 INFO    |  step: 1152000, ep_eval/episode_reward_near: 0.000 +/- 0.000
2026-02-14 10:02:38 INFO    |  step: 1152000, ep_eval/episode_reward_survive: 0.000 +/- 0.000
2026-02-14 10:02:38 INFO    |  step: 1152000, ep_eval/episode_success_hard: 0.000 +/- 0.000
2026-02-14 10:02:38 INFO    |  step: 1152000, training/actor_loss: 0.000 +/- 0.000
2026-02-14 10:02:38 INFO    |  step: 1152000, training/log_alpha: 0.000 +/- 0.000
2026-02-14 10:02:38 INFO    |  step: 1152000, training/alpha_loss: 0.000 +/- 0.000
2026-02-14 10:02:38 INFO    |  step: 1152000, training/critic_loss: 0.000 +/- 0.000
2026-02-14 10:02:38 INFO    |  step: 1152000, training/entropy: 0.000 +/- 0.000
2026-02-14 10:03:36 INFO    |  Visualization: collected_transitions shape: (2000, 256, 31), num_envs: 256
2026-02-14 10:03:36 INFO    |  Visualization: Raw collected_transitions has 256 unique trajectory IDs out of 512000 total transitions
2026-02-14 10:03:37 INFO    |  Visualization: processed_transitions shape: (1999, 256, 31)
2026-02-14 10:03:37 INFO    |  Visualization: Found 256 unique trajectory IDs out of 511744 total transitions
2026-02-14 10:03:37 INFO    |  Transition shapes: obs=(1999, 256, 31), traj_ids=(1999, 256), traj_ids_flat=(511744,)
2026-02-14 10:03:39 INFO    |  Plotted visualizations at env step 1536000.0
2026-02-14 10:03:40 INFO    |  actor input shape: (256, 31)
2026-02-14 10:03:40 INFO    |  Visualization: collected_transitions shape: (2000, 256, 31), num_envs: 256
2026-02-14 10:03:40 INFO    |  Visualization: Raw collected_transitions has 256 unique trajectory IDs out of 512000 total transitions
2026-02-14 10:03:41 INFO    |  Visualization: processed_transitions shape: (1999, 256, 31)
2026-02-14 10:03:42 INFO    |  Visualization: Found 256 unique trajectory IDs out of 511744 total transitions
2026-02-14 10:03:42 INFO    |  Transition shapes: obs=(1999, 256, 31), traj_ids=(1999, 256), traj_ids_flat=(511744,)
2026-02-14 10:03:45 INFO    |  Plotted visualizations at env step 1536000.0
2026-02-14 10:03:45 INFO    |  actor input shape: (256, 31)
2026-02-14 10:04:14 INFO    |  actor input shape: (256, 31)
2026-02-14 10:04:19 INFO    |  actor input shape: (256, 31)
2026-02-14 10:04:45 INFO    |  step: 1536000
2026-02-14 10:04:48 INFO    |  actor input shape: (1, 31)
2026-02-14 10:04:51 INFO    |  step: 1536000
2026-02-14 10:04:54 INFO    |  actor input shape: (1, 31)
2026-02-14 10:04:56 INFO    |  Visualization: collected_transitions shape: (1500, 256, 31), num_envs: 256
2026-02-14 10:04:56 INFO    |  Visualization: Raw collected_transitions has 256 unique trajectory IDs out of 384000 total transitions
2026-02-14 10:04:57 INFO    |  Visualization: processed_transitions shape: (1499, 256, 31)
2026-02-14 10:04:57 INFO    |  Visualization: Found 256 unique trajectory IDs out of 383744 total transitions
2026-02-14 10:04:57 INFO    |  Transition shapes: obs=(1499, 256, 31), traj_ids=(1499, 256), traj_ids_flat=(383744,)
2026-02-14 10:04:59 INFO    |  Plotted visualizations at env step 1920000.0
2026-02-14 10:05:20 INFO    |  step: 1536000, training/sps: 3273.001 +/- 0.000
2026-02-14 10:05:20 INFO    |  step: 1536000, training/ep_actor_loss: -0.132 +/- 0.000
2026-02-14 10:05:20 INFO    |  step: 1536000, training/ep_alpha_loss: 0.237 +/- 0.000
2026-02-14 10:05:20 INFO    |  step: 1536000, training/ep_categorical_accuracy: 0.004 +/- 0.000
2026-02-14 10:05:20 INFO    |  step: 1536000, training/ep_critic_loss: 8.619 +/- 0.000
2026-02-14 10:05:20 INFO    |  step: 1536000, training/ep_entropy: -1.997 +/- 0.000
2026-02-14 10:05:20 INFO    |  step: 1536000, training/ep_log_alpha: -7.383 +/- 0.000
2026-02-14 10:05:20 INFO    |  step: 1536000, training/ep_logits_neg: -0.001 +/- 0.000
2026-02-14 10:05:20 INFO    |  step: 1536000, training/ep_logits_pos: -0.001 +/- 0.000
2026-02-14 10:05:20 INFO    |  step: 1536000, training/ep_logsumexp: 5.544 +/- 0.000
2026-02-14 10:05:20 INFO    |  step: 1536000, training/gcp_actor_loss: 6.092 +/- 0.000
2026-02-14 10:05:20 INFO    |  step: 1536000, training/gcp_alpha_loss: 0.060 +/- 0.000
2026-02-14 10:05:20 INFO    |  step: 1536000, training/gcp_categorical_accuracy: 0.467 +/- 0.000
2026-02-14 10:05:20 INFO    |  step: 1536000, training/gcp_critic_loss: 2.093 +/- 0.000
2026-02-14 10:05:20 INFO    |  step: 1536000, training/gcp_entropy: -3.907 +/- 0.000
2026-02-14 10:05:20 INFO    |  step: 1536000, training/gcp_log_alpha: -1.236 +/- 0.000
2026-02-14 10:05:20 INFO    |  step: 1536000, training/gcp_logits_neg: -11.964 +/- 0.000
2026-02-14 10:05:20 INFO    |  step: 1536000, training/gcp_logits_pos: -2.311 +/- 0.000
2026-02-14 10:05:20 INFO    |  step: 1536000, training/gcp_logsumexp: -0.294 +/- 0.000
2026-02-14 10:05:20 INFO    |  step: 1536000, eval/episode_reward: 0.000 +/- 0.000
2026-02-14 10:05:20 INFO    |  step: 1536000, eval/episode_success: 0.000 +/- 0.000
2026-02-14 10:05:20 INFO    |  step: 1536000, eval/episode_success_easy: 0.000 +/- 0.000
2026-02-14 10:05:20 INFO    |  step: 1536000, eval/episode_dist: 32449.268 +/- 0.000
2026-02-14 10:05:20 INFO    |  step: 1536000, eval/episode_success_any: 0.000 +/- 0.000
2026-02-14 10:05:20 INFO    |  step: 1536000, ep_eval/episode_reward: 0.000 +/- 0.000
2026-02-14 10:05:20 INFO    |  step: 1536000, ep_eval/episode_success: 0.000 +/- 0.000
2026-02-14 10:05:20 INFO    |  step: 1536000, ep_eval/episode_success_easy: 0.000 +/- 0.000
2026-02-14 10:05:20 INFO    |  step: 1536000, ep_eval/episode_dist: 34012.609 +/- 0.000
2026-02-14 10:05:20 INFO    |  step: 1536000, ep_eval/episode_success_any: 0.000 +/- 0.000
2026-02-14 10:05:20 INFO    |  step: 1536000, eval/episode_reward_ctrl: 0.000 +/- 0.000
2026-02-14 10:05:20 INFO    |  step: 1536000, eval/episode_reward_dist: 0.000 +/- 0.000
2026-02-14 10:05:20 INFO    |  step: 1536000, eval/episode_reward_near: 0.000 +/- 0.000
2026-02-14 10:05:20 INFO    |  step: 1536000, eval/episode_reward_survive: 0.000 +/- 0.000
2026-02-14 10:05:20 INFO    |  step: 1536000, eval/episode_success_hard: 0.000 +/- 0.000
2026-02-14 10:05:20 INFO    |  step: 1536000, ep_eval/episode_reward_ctrl: 0.000 +/- 0.000
2026-02-14 10:05:20 INFO    |  step: 1536000, ep_eval/episode_reward_dist: 0.000 +/- 0.000
2026-02-14 10:05:20 INFO    |  step: 1536000, ep_eval/episode_reward_near: 0.000 +/- 0.000
2026-02-14 10:05:20 INFO    |  step: 1536000, ep_eval/episode_reward_survive: 0.000 +/- 0.000
2026-02-14 10:05:20 INFO    |  step: 1536000, ep_eval/episode_success_hard: 0.000 +/- 0.000
2026-02-14 10:05:20 INFO    |  step: 1536000, training/actor_loss: 0.000 +/- 0.000
2026-02-14 10:05:20 INFO    |  step: 1536000, training/log_alpha: 0.000 +/- 0.000
2026-02-14 10:05:20 INFO    |  step: 1536000, training/alpha_loss: 0.000 +/- 0.000
2026-02-14 10:05:20 INFO    |  step: 1536000, training/critic_loss: 0.000 +/- 0.000
2026-02-14 10:05:20 INFO    |  step: 1536000, training/entropy: 0.000 +/- 0.000
2026-02-14 10:05:20 INFO    |  step: 1920000
2026-02-14 10:05:20 INFO    |  step: 1920000, training/sps: 5455.761 +/- 0.000
2026-02-14 10:05:20 INFO    |  step: 1920000, training/ep_actor_loss: 0.003 +/- 0.000
2026-02-14 10:05:20 INFO    |  step: 1920000, training/ep_alpha_loss: 0.000 +/- 0.000
2026-02-14 10:05:20 INFO    |  step: 1920000, training/ep_categorical_accuracy: 0.004 +/- 0.000
2026-02-14 10:05:20 INFO    |  step: 1920000, training/ep_critic_loss: 8.619 +/- 0.000
2026-02-14 10:05:20 INFO    |  step: 1920000, training/ep_entropy: -4.000 +/- 0.000
2026-02-14 10:05:20 INFO    |  step: 1920000, training/ep_log_alpha: -8.330 +/- 0.000
2026-02-14 10:05:20 INFO    |  step: 1920000, training/ep_logits_neg: -0.001 +/- 0.000
2026-02-14 10:05:20 INFO    |  step: 1920000, training/ep_logits_pos: -0.001 +/- 0.000
2026-02-14 10:05:20 INFO    |  step: 1920000, training/ep_logsumexp: 5.544 +/- 0.000
2026-02-14 10:05:20 INFO    |  step: 1920000, training/gcp_actor_loss: 3.502 +/- 0.000
2026-02-14 10:05:20 INFO    |  step: 1920000, training/gcp_alpha_loss: 0.000 +/- 0.000
2026-02-14 10:05:20 INFO    |  step: 1920000, training/gcp_categorical_accuracy: 0.434 +/- 0.000
2026-02-14 10:05:20 INFO    |  step: 1920000, training/gcp_critic_loss: 2.421 +/- 0.000
2026-02-14 10:05:20 INFO    |  step: 1920000, training/gcp_entropy: -3.997 +/- 0.000
2026-02-14 10:05:20 INFO    |  step: 1920000, training/gcp_log_alpha: -1.833 +/- 0.000
2026-02-14 10:05:20 INFO    |  step: 1920000, training/gcp_logits_neg: -9.151 +/- 0.000
2026-02-14 10:05:20 INFO    |  step: 1920000, training/gcp_logits_pos: -2.830 +/- 0.000
2026-02-14 10:05:20 INFO    |  step: 1920000, training/gcp_logsumexp: -0.465 +/- 0.000
2026-02-14 10:05:20 INFO    |  step: 1920000, eval/episode_reward: 0.000 +/- 0.000
2026-02-14 10:05:20 INFO    |  step: 1920000, eval/episode_success: 0.000 +/- 0.000
2026-02-14 10:05:20 INFO    |  step: 1920000, eval/episode_success_easy: 0.000 +/- 0.000
2026-02-14 10:05:20 INFO    |  step: 1920000, eval/episode_dist: 12095.452 +/- 0.000
2026-02-14 10:05:20 INFO    |  step: 1920000, eval/episode_success_any: 0.000 +/- 0.000
2026-02-14 10:05:20 INFO    |  step: 1920000, ep_eval/episode_reward: 0.000 +/- 0.000
2026-02-14 10:05:20 INFO    |  step: 1920000, ep_eval/episode_success: 0.000 +/- 0.000
2026-02-14 10:05:20 INFO    |  step: 1920000, ep_eval/episode_success_easy: 0.000 +/- 0.000
2026-02-14 10:05:20 INFO    |  step: 1920000, ep_eval/episode_dist: 12328.686 +/- 0.000
2026-02-14 10:05:20 INFO    |  step: 1920000, ep_eval/episode_success_any: 0.000 +/- 0.000
2026-02-14 10:05:20 INFO    |  step: 1920000, eval/episode_reward_ctrl: 0.000 +/- 0.000
2026-02-14 10:05:20 INFO    |  step: 1920000, eval/episode_reward_dist: 0.000 +/- 0.000
2026-02-14 10:05:20 INFO    |  step: 1920000, eval/episode_reward_near: 0.000 +/- 0.000
2026-02-14 10:05:20 INFO    |  step: 1920000, eval/episode_reward_survive: 0.000 +/- 0.000
2026-02-14 10:05:20 INFO    |  step: 1920000, eval/episode_success_hard: 0.000 +/- 0.000
2026-02-14 10:05:20 INFO    |  step: 1920000, ep_eval/episode_reward_ctrl: 0.000 +/- 0.000
2026-02-14 10:05:20 INFO    |  step: 1920000, ep_eval/episode_reward_dist: 0.000 +/- 0.000
2026-02-14 10:05:20 INFO    |  step: 1920000, ep_eval/episode_reward_near: 0.000 +/- 0.000
2026-02-14 10:05:20 INFO    |  step: 1920000, ep_eval/episode_reward_survive: 0.000 +/- 0.000
2026-02-14 10:05:20 INFO    |  step: 1920000, ep_eval/episode_success_hard: 0.000 +/- 0.000
2026-02-14 10:05:20 INFO    |  step: 1920000, training/actor_loss: 0.000 +/- 0.000
2026-02-14 10:05:20 INFO    |  step: 1920000, training/log_alpha: 0.000 +/- 0.000
2026-02-14 10:05:20 INFO    |  step: 1920000, training/alpha_loss: 0.000 +/- 0.000
2026-02-14 10:05:20 INFO    |  step: 1920000, training/critic_loss: 0.000 +/- 0.000
2026-02-14 10:05:20 INFO    |  step: 1920000, training/entropy: 0.000 +/- 0.000
2026-02-14 10:05:26 INFO    |  step: 1536000, training/sps: 3335.274 +/- 0.000
2026-02-14 10:05:26 INFO    |  step: 1536000, training/ep_actor_loss: -0.132 +/- 0.000
2026-02-14 10:05:26 INFO    |  step: 1536000, training/ep_alpha_loss: 0.237 +/- 0.000
2026-02-14 10:05:26 INFO    |  step: 1536000, training/ep_categorical_accuracy: 0.004 +/- 0.000
2026-02-14 10:05:26 INFO    |  step: 1536000, training/ep_critic_loss: 8.619 +/- 0.000
2026-02-14 10:05:26 INFO    |  step: 1536000, training/ep_entropy: -1.997 +/- 0.000
2026-02-14 10:05:26 INFO    |  step: 1536000, training/ep_log_alpha: -7.383 +/- 0.000
2026-02-14 10:05:26 INFO    |  step: 1536000, training/ep_logits_neg: -0.001 +/- 0.000
2026-02-14 10:05:26 INFO    |  step: 1536000, training/ep_logits_pos: -0.001 +/- 0.000
2026-02-14 10:05:26 INFO    |  step: 1536000, training/ep_logsumexp: 5.544 +/- 0.000
2026-02-14 10:05:26 INFO    |  step: 1536000, training/gcp_actor_loss: 6.454 +/- 0.000
2026-02-14 10:05:26 INFO    |  step: 1536000, training/gcp_alpha_loss: 0.077 +/- 0.000
2026-02-14 10:05:26 INFO    |  step: 1536000, training/gcp_categorical_accuracy: 0.417 +/- 0.000
2026-02-14 10:05:26 INFO    |  step: 1536000, training/gcp_critic_loss: 2.341 +/- 0.000
2026-02-14 10:05:26 INFO    |  step: 1536000, training/gcp_entropy: -3.795 +/- 0.000
2026-02-14 10:05:26 INFO    |  step: 1536000, training/gcp_log_alpha: -1.352 +/- 0.000
2026-02-14 10:05:26 INFO    |  step: 1536000, training/gcp_logits_neg: -11.284 +/- 0.000
2026-02-14 10:05:26 INFO    |  step: 1536000, training/gcp_logits_pos: -2.517 +/- 0.000
2026-02-14 10:05:26 INFO    |  step: 1536000, training/gcp_logsumexp: -0.248 +/- 0.000
2026-02-14 10:05:26 INFO    |  step: 1536000, eval/episode_reward: 0.000 +/- 0.000
2026-02-14 10:05:26 INFO    |  step: 1536000, eval/episode_success: 0.000 +/- 0.000
2026-02-14 10:05:26 INFO    |  step: 1536000, eval/episode_success_easy: 0.000 +/- 0.000
2026-02-14 10:05:26 INFO    |  step: 1536000, eval/episode_dist: 32240.447 +/- 0.000
2026-02-14 10:05:26 INFO    |  step: 1536000, eval/episode_success_any: 0.000 +/- 0.000
2026-02-14 10:05:26 INFO    |  step: 1536000, ep_eval/episode_reward: 0.000 +/- 0.000
2026-02-14 10:05:26 INFO    |  step: 1536000, ep_eval/episode_success: 0.000 +/- 0.000
2026-02-14 10:05:26 INFO    |  step: 1536000, ep_eval/episode_success_easy: 0.000 +/- 0.000
2026-02-14 10:05:26 INFO    |  step: 1536000, ep_eval/episode_dist: 34009.340 +/- 0.000
2026-02-14 10:05:26 INFO    |  step: 1536000, ep_eval/episode_success_any: 0.000 +/- 0.000
2026-02-14 10:05:26 INFO    |  step: 1536000, eval/episode_reward_ctrl: 0.000 +/- 0.000
2026-02-14 10:05:26 INFO    |  step: 1536000, eval/episode_reward_dist: 0.000 +/- 0.000
2026-02-14 10:05:26 INFO    |  step: 1536000, eval/episode_reward_near: 0.000 +/- 0.000
2026-02-14 10:05:26 INFO    |  step: 1536000, eval/episode_reward_survive: 0.000 +/- 0.000
2026-02-14 10:05:26 INFO    |  step: 1536000, eval/episode_success_hard: 0.000 +/- 0.000
2026-02-14 10:05:26 INFO    |  step: 1536000, ep_eval/episode_reward_ctrl: 0.000 +/- 0.000
2026-02-14 10:05:26 INFO    |  step: 1536000, ep_eval/episode_reward_dist: 0.000 +/- 0.000
2026-02-14 10:05:26 INFO    |  step: 1536000, ep_eval/episode_reward_near: 0.000 +/- 0.000
2026-02-14 10:05:26 INFO    |  step: 1536000, ep_eval/episode_reward_survive: 0.000 +/- 0.000
2026-02-14 10:05:26 INFO    |  step: 1536000, ep_eval/episode_success_hard: 0.000 +/- 0.000
2026-02-14 10:05:26 INFO    |  step: 1536000, training/actor_loss: 0.000 +/- 0.000
2026-02-14 10:05:26 INFO    |  step: 1536000, training/log_alpha: 0.000 +/- 0.000
2026-02-14 10:05:26 INFO    |  step: 1536000, training/alpha_loss: 0.000 +/- 0.000
2026-02-14 10:05:26 INFO    |  step: 1536000, training/critic_loss: 0.000 +/- 0.000
2026-02-14 10:05:26 INFO    |  step: 1536000, training/entropy: 0.000 +/- 0.000
2026-02-14 10:07:37 INFO    |  Visualization: collected_transitions shape: (1500, 256, 31), num_envs: 256
2026-02-14 10:07:37 INFO    |  Visualization: Raw collected_transitions has 256 unique trajectory IDs out of 384000 total transitions
2026-02-14 10:07:38 INFO    |  Visualization: processed_transitions shape: (1499, 256, 31)
2026-02-14 10:07:38 INFO    |  Visualization: Found 256 unique trajectory IDs out of 383744 total transitions
2026-02-14 10:07:38 INFO    |  Transition shapes: obs=(1499, 256, 31), traj_ids=(1499, 256), traj_ids_flat=(383744,)
2026-02-14 10:07:40 INFO    |  Plotted visualizations at env step 2688000.0
2026-02-14 10:08:01 INFO    |  step: 2688000
2026-02-14 10:08:01 INFO    |  step: 2688000, training/sps: 5460.658 +/- 0.000
2026-02-14 10:08:01 INFO    |  step: 2688000, training/ep_actor_loss: 0.003 +/- 0.000
2026-02-14 10:08:01 INFO    |  step: 2688000, training/ep_alpha_loss: 0.000 +/- 0.000
2026-02-14 10:08:01 INFO    |  step: 2688000, training/ep_categorical_accuracy: 0.004 +/- 0.000
2026-02-14 10:08:01 INFO    |  step: 2688000, training/ep_critic_loss: 8.619 +/- 0.000
2026-02-14 10:08:01 INFO    |  step: 2688000, training/ep_entropy: -4.000 +/- 0.000
2026-02-14 10:08:01 INFO    |  step: 2688000, training/ep_log_alpha: -8.330 +/- 0.000
2026-02-14 10:08:01 INFO    |  step: 2688000, training/ep_logits_neg: -0.001 +/- 0.000
2026-02-14 10:08:01 INFO    |  step: 2688000, training/ep_logits_pos: -0.001 +/- 0.000
2026-02-14 10:08:01 INFO    |  step: 2688000, training/ep_logsumexp: 5.544 +/- 0.000
2026-02-14 10:08:01 INFO    |  step: 2688000, training/gcp_actor_loss: 3.327 +/- 0.000
2026-02-14 10:08:01 INFO    |  step: 2688000, training/gcp_alpha_loss: 0.000 +/- 0.000
2026-02-14 10:08:01 INFO    |  step: 2688000, training/gcp_categorical_accuracy: 0.466 +/- 0.000
2026-02-14 10:08:01 INFO    |  step: 2688000, training/gcp_critic_loss: 2.280 +/- 0.000
2026-02-14 10:08:01 INFO    |  step: 2688000, training/gcp_entropy: -3.999 +/- 0.000
2026-02-14 10:08:01 INFO    |  step: 2688000, training/gcp_log_alpha: -1.878 +/- 0.000
2026-02-14 10:08:01 INFO    |  step: 2688000, training/gcp_logits_neg: -9.014 +/- 0.000
2026-02-14 10:08:01 INFO    |  step: 2688000, training/gcp_logits_pos: -2.789 +/- 0.000
2026-02-14 10:08:01 INFO    |  step: 2688000, training/gcp_logsumexp: -0.574 +/- 0.000
2026-02-14 10:08:01 INFO    |  step: 2688000, eval/episode_reward: 0.000 +/- 0.000
2026-02-14 10:08:01 INFO    |  step: 2688000, eval/episode_success: 0.000 +/- 0.000
2026-02-14 10:08:01 INFO    |  step: 2688000, eval/episode_success_easy: 0.000 +/- 0.000
2026-02-14 10:08:01 INFO    |  step: 2688000, eval/episode_dist: 11807.342 +/- 0.000
2026-02-14 10:08:01 INFO    |  step: 2688000, eval/episode_success_any: 0.000 +/- 0.000
2026-02-14 10:08:01 INFO    |  step: 2688000, ep_eval/episode_reward: 0.000 +/- 0.000
2026-02-14 10:08:01 INFO    |  step: 2688000, ep_eval/episode_success: 0.000 +/- 0.000
2026-02-14 10:08:01 INFO    |  step: 2688000, ep_eval/episode_success_easy: 0.000 +/- 0.000
2026-02-14 10:08:01 INFO    |  step: 2688000, ep_eval/episode_dist: 12592.657 +/- 0.000
2026-02-14 10:08:01 INFO    |  step: 2688000, ep_eval/episode_success_any: 0.000 +/- 0.000
2026-02-14 10:08:01 INFO    |  step: 2688000, eval/episode_reward_ctrl: 0.000 +/- 0.000
2026-02-14 10:08:01 INFO    |  step: 2688000, eval/episode_reward_dist: 0.000 +/- 0.000
2026-02-14 10:08:01 INFO    |  step: 2688000, eval/episode_reward_near: 0.000 +/- 0.000
2026-02-14 10:08:01 INFO    |  step: 2688000, eval/episode_reward_survive: 0.000 +/- 0.000
2026-02-14 10:08:01 INFO    |  step: 2688000, eval/episode_success_hard: 0.000 +/- 0.000
2026-02-14 10:08:01 INFO    |  step: 2688000, ep_eval/episode_reward_ctrl: 0.000 +/- 0.000
2026-02-14 10:08:01 INFO    |  step: 2688000, ep_eval/episode_reward_dist: 0.000 +/- 0.000
2026-02-14 10:08:01 INFO    |  step: 2688000, ep_eval/episode_reward_near: 0.000 +/- 0.000
2026-02-14 10:08:01 INFO    |  step: 2688000, ep_eval/episode_reward_survive: 0.000 +/- 0.000
2026-02-14 10:08:01 INFO    |  step: 2688000, ep_eval/episode_success_hard: 0.000 +/- 0.000
2026-02-14 10:08:01 INFO    |  step: 2688000, training/actor_loss: 0.000 +/- 0.000
2026-02-14 10:08:01 INFO    |  step: 2688000, training/log_alpha: 0.000 +/- 0.000
2026-02-14 10:08:01 INFO    |  step: 2688000, training/alpha_loss: 0.000 +/- 0.000
2026-02-14 10:08:01 INFO    |  step: 2688000, training/critic_loss: 0.000 +/- 0.000
2026-02-14 10:08:01 INFO    |  step: 2688000, training/entropy: 0.000 +/- 0.000
2026-02-14 10:09:26 INFO    |  Visualization: collected_transitions shape: (2000, 256, 31), num_envs: 256
2026-02-14 10:09:26 INFO    |  Visualization: Raw collected_transitions has 256 unique trajectory IDs out of 512000 total transitions
2026-02-14 10:09:27 INFO    |  Visualization: processed_transitions shape: (1999, 256, 31)
2026-02-14 10:09:27 INFO    |  Visualization: Found 256 unique trajectory IDs out of 511744 total transitions
2026-02-14 10:09:27 INFO    |  Transition shapes: obs=(1999, 256, 31), traj_ids=(1999, 256), traj_ids_flat=(511744,)
2026-02-14 10:09:29 INFO    |  Plotted visualizations at env step 2560000.0
2026-02-14 10:09:32 INFO    |  Visualization: collected_transitions shape: (2000, 256, 31), num_envs: 256
2026-02-14 10:09:32 INFO    |  Visualization: Raw collected_transitions has 256 unique trajectory IDs out of 512000 total transitions
2026-02-14 10:09:33 INFO    |  Visualization: processed_transitions shape: (1999, 256, 31)
2026-02-14 10:09:33 INFO    |  Visualization: Found 256 unique trajectory IDs out of 511744 total transitions
2026-02-14 10:09:33 INFO    |  Transition shapes: obs=(1999, 256, 31), traj_ids=(1999, 256), traj_ids_flat=(511744,)
2026-02-14 10:09:35 INFO    |  Plotted visualizations at env step 2560000.0
2026-02-14 10:10:08 INFO    |  step: 2560000
2026-02-14 10:10:08 INFO    |  step: 2560000, training/sps: 4103.333 +/- 0.000
2026-02-14 10:10:08 INFO    |  step: 2560000, training/ep_actor_loss: 0.003 +/- 0.000
2026-02-14 10:10:08 INFO    |  step: 2560000, training/ep_alpha_loss: 0.000 +/- 0.000
2026-02-14 10:10:08 INFO    |  step: 2560000, training/ep_categorical_accuracy: 0.004 +/- 0.000
2026-02-14 10:10:08 INFO    |  step: 2560000, training/ep_critic_loss: 8.619 +/- 0.000
2026-02-14 10:10:08 INFO    |  step: 2560000, training/ep_entropy: -4.000 +/- 0.000
2026-02-14 10:10:08 INFO    |  step: 2560000, training/ep_log_alpha: -8.330 +/- 0.000
2026-02-14 10:10:08 INFO    |  step: 2560000, training/ep_logits_neg: -0.001 +/- 0.000
2026-02-14 10:10:08 INFO    |  step: 2560000, training/ep_logits_pos: -0.001 +/- 0.000
2026-02-14 10:10:08 INFO    |  step: 2560000, training/ep_logsumexp: 5.544 +/- 0.000
2026-02-14 10:10:08 INFO    |  step: 2560000, training/gcp_actor_loss: 2.970 +/- 0.000
2026-02-14 10:10:08 INFO    |  step: 2560000, training/gcp_alpha_loss: 0.001 +/- 0.000
2026-02-14 10:10:08 INFO    |  step: 2560000, training/gcp_categorical_accuracy: 0.531 +/- 0.000
2026-02-14 10:10:08 INFO    |  step: 2560000, training/gcp_critic_loss: 1.891 +/- 0.000
2026-02-14 10:10:08 INFO    |  step: 2560000, training/gcp_entropy: -3.991 +/- 0.000
2026-02-14 10:10:08 INFO    |  step: 2560000, training/gcp_log_alpha: -2.092 +/- 0.000
2026-02-14 10:10:08 INFO    |  step: 2560000, training/gcp_logits_neg: -9.948 +/- 0.000
2026-02-14 10:10:08 INFO    |  step: 2560000, training/gcp_logits_pos: -2.383 +/- 0.000
2026-02-14 10:10:08 INFO    |  step: 2560000, training/gcp_logsumexp: -0.557 +/- 0.000
2026-02-14 10:10:08 INFO    |  step: 2560000, eval/episode_reward: 0.000 +/- 0.000
2026-02-14 10:10:08 INFO    |  step: 2560000, eval/episode_success: 0.000 +/- 0.000
2026-02-14 10:10:08 INFO    |  step: 2560000, eval/episode_success_easy: 0.000 +/- 0.000
2026-02-14 10:10:08 INFO    |  step: 2560000, eval/episode_dist: 32064.594 +/- 0.000
2026-02-14 10:10:08 INFO    |  step: 2560000, eval/episode_success_any: 0.000 +/- 0.000
2026-02-14 10:10:08 INFO    |  step: 2560000, ep_eval/episode_reward: 0.000 +/- 0.000
2026-02-14 10:10:08 INFO    |  step: 2560000, ep_eval/episode_success: 0.000 +/- 0.000
2026-02-14 10:10:08 INFO    |  step: 2560000, ep_eval/episode_success_easy: 0.000 +/- 0.000
2026-02-14 10:10:08 INFO    |  step: 2560000, ep_eval/episode_dist: 33559.133 +/- 0.000
2026-02-14 10:10:08 INFO    |  step: 2560000, ep_eval/episode_success_any: 0.000 +/- 0.000
2026-02-14 10:10:08 INFO    |  step: 2560000, eval/episode_reward_ctrl: 0.000 +/- 0.000
2026-02-14 10:10:08 INFO    |  step: 2560000, eval/episode_reward_dist: 0.000 +/- 0.000
2026-02-14 10:10:08 INFO    |  step: 2560000, eval/episode_reward_near: 0.000 +/- 0.000
2026-02-14 10:10:08 INFO    |  step: 2560000, eval/episode_reward_survive: 0.000 +/- 0.000
2026-02-14 10:10:08 INFO    |  step: 2560000, eval/episode_success_hard: 0.000 +/- 0.000
2026-02-14 10:10:08 INFO    |  step: 2560000, ep_eval/episode_reward_ctrl: 0.000 +/- 0.000
2026-02-14 10:10:08 INFO    |  step: 2560000, ep_eval/episode_reward_dist: 0.000 +/- 0.000
2026-02-14 10:10:08 INFO    |  step: 2560000, ep_eval/episode_reward_near: 0.000 +/- 0.000
2026-02-14 10:10:08 INFO    |  step: 2560000, ep_eval/episode_reward_survive: 0.000 +/- 0.000
2026-02-14 10:10:08 INFO    |  step: 2560000, ep_eval/episode_success_hard: 0.000 +/- 0.000
2026-02-14 10:10:08 INFO    |  step: 2560000, training/actor_loss: 0.000 +/- 0.000
2026-02-14 10:10:08 INFO    |  step: 2560000, training/log_alpha: 0.000 +/- 0.000
2026-02-14 10:10:08 INFO    |  step: 2560000, training/alpha_loss: 0.000 +/- 0.000
2026-02-14 10:10:08 INFO    |  step: 2560000, training/critic_loss: 0.000 +/- 0.000
2026-02-14 10:10:08 INFO    |  step: 2560000, training/entropy: 0.000 +/- 0.000
2026-02-14 10:10:14 INFO    |  step: 2560000
2026-02-14 10:10:14 INFO    |  step: 2560000, training/sps: 4103.394 +/- 0.000
2026-02-14 10:10:14 INFO    |  step: 2560000, training/ep_actor_loss: 0.003 +/- 0.000
2026-02-14 10:10:14 INFO    |  step: 2560000, training/ep_alpha_loss: 0.000 +/- 0.000
2026-02-14 10:10:14 INFO    |  step: 2560000, training/ep_categorical_accuracy: 0.004 +/- 0.000
2026-02-14 10:10:14 INFO    |  step: 2560000, training/ep_critic_loss: 8.619 +/- 0.000
2026-02-14 10:10:14 INFO    |  step: 2560000, training/ep_entropy: -4.000 +/- 0.000
2026-02-14 10:10:14 INFO    |  step: 2560000, training/ep_log_alpha: -8.330 +/- 0.000
2026-02-14 10:10:14 INFO    |  step: 2560000, training/ep_logits_neg: -0.001 +/- 0.000
2026-02-14 10:10:14 INFO    |  step: 2560000, training/ep_logits_pos: -0.001 +/- 0.000
2026-02-14 10:10:14 INFO    |  step: 2560000, training/ep_logsumexp: 5.544 +/- 0.000
2026-02-14 10:10:14 INFO    |  step: 2560000, training/gcp_actor_loss: 3.468 +/- 0.000
2026-02-14 10:10:14 INFO    |  step: 2560000, training/gcp_alpha_loss: 0.001 +/- 0.000
2026-02-14 10:10:14 INFO    |  step: 2560000, training/gcp_categorical_accuracy: 0.427 +/- 0.000
2026-02-14 10:10:14 INFO    |  step: 2560000, training/gcp_critic_loss: 2.356 +/- 0.000
2026-02-14 10:10:14 INFO    |  step: 2560000, training/gcp_entropy: -3.991 +/- 0.000
2026-02-14 10:10:14 INFO    |  step: 2560000, training/gcp_log_alpha: -1.983 +/- 0.000
2026-02-14 10:10:14 INFO    |  step: 2560000, training/gcp_logits_neg: -9.431 +/- 0.000
2026-02-14 10:10:14 INFO    |  step: 2560000, training/gcp_logits_pos: -2.809 +/- 0.000
2026-02-14 10:10:14 INFO    |  step: 2560000, training/gcp_logsumexp: -0.505 +/- 0.000
2026-02-14 10:10:14 INFO    |  step: 2560000, eval/episode_reward: 0.000 +/- 0.000
2026-02-14 10:10:14 INFO    |  step: 2560000, eval/episode_success: 0.000 +/- 0.000
2026-02-14 10:10:14 INFO    |  step: 2560000, eval/episode_success_easy: 0.000 +/- 0.000
2026-02-14 10:10:14 INFO    |  step: 2560000, eval/episode_dist: 31863.564 +/- 0.000
2026-02-14 10:10:14 INFO    |  step: 2560000, eval/episode_success_any: 0.000 +/- 0.000
2026-02-14 10:10:14 INFO    |  step: 2560000, ep_eval/episode_reward: 0.000 +/- 0.000
2026-02-14 10:10:14 INFO    |  step: 2560000, ep_eval/episode_success: 0.000 +/- 0.000
2026-02-14 10:10:14 INFO    |  step: 2560000, ep_eval/episode_success_easy: 0.000 +/- 0.000
2026-02-14 10:10:14 INFO    |  step: 2560000, ep_eval/episode_dist: 33561.195 +/- 0.000
2026-02-14 10:10:14 INFO    |  step: 2560000, ep_eval/episode_success_any: 0.000 +/- 0.000
2026-02-14 10:10:14 INFO    |  step: 2560000, eval/episode_reward_ctrl: 0.000 +/- 0.000
2026-02-14 10:10:14 INFO    |  step: 2560000, eval/episode_reward_dist: 0.000 +/- 0.000
2026-02-14 10:10:14 INFO    |  step: 2560000, eval/episode_reward_near: 0.000 +/- 0.000
2026-02-14 10:10:14 INFO    |  step: 2560000, eval/episode_reward_survive: 0.000 +/- 0.000
2026-02-14 10:10:14 INFO    |  step: 2560000, eval/episode_success_hard: 0.000 +/- 0.000
2026-02-14 10:10:14 INFO    |  step: 2560000, ep_eval/episode_reward_ctrl: 0.000 +/- 0.000
2026-02-14 10:10:14 INFO    |  step: 2560000, ep_eval/episode_reward_dist: 0.000 +/- 0.000
2026-02-14 10:10:14 INFO    |  step: 2560000, ep_eval/episode_reward_near: 0.000 +/- 0.000
2026-02-14 10:10:14 INFO    |  step: 2560000, ep_eval/episode_reward_survive: 0.000 +/- 0.000
2026-02-14 10:10:14 INFO    |  step: 2560000, ep_eval/episode_success_hard: 0.000 +/- 0.000
2026-02-14 10:10:14 INFO    |  step: 2560000, training/actor_loss: 0.000 +/- 0.000
2026-02-14 10:10:14 INFO    |  step: 2560000, training/log_alpha: 0.000 +/- 0.000
2026-02-14 10:10:14 INFO    |  step: 2560000, training/alpha_loss: 0.000 +/- 0.000
2026-02-14 10:10:14 INFO    |  step: 2560000, training/critic_loss: 0.000 +/- 0.000
2026-02-14 10:10:14 INFO    |  step: 2560000, training/entropy: 0.000 +/- 0.000
2026-02-14 10:10:18 INFO    |  Visualization: collected_transitions shape: (1500, 256, 31), num_envs: 256
2026-02-14 10:10:18 INFO    |  Visualization: Raw collected_transitions has 256 unique trajectory IDs out of 384000 total transitions
2026-02-14 10:10:18 INFO    |  Visualization: processed_transitions shape: (1499, 256, 31)
2026-02-14 10:10:19 INFO    |  Visualization: Found 256 unique trajectory IDs out of 383744 total transitions
2026-02-14 10:10:19 INFO    |  Transition shapes: obs=(1499, 256, 31), traj_ids=(1499, 256), traj_ids_flat=(383744,)
2026-02-14 10:10:21 INFO    |  Plotted visualizations at env step 3456000.0
2026-02-14 10:10:42 INFO    |  step: 3456000
2026-02-14 10:10:42 INFO    |  step: 3456000, training/sps: 5493.142 +/- 0.000
2026-02-14 10:10:42 INFO    |  step: 3456000, training/ep_actor_loss: 0.003 +/- 0.000
2026-02-14 10:10:42 INFO    |  step: 3456000, training/ep_alpha_loss: 0.000 +/- 0.000
2026-02-14 10:10:42 INFO    |  step: 3456000, training/ep_categorical_accuracy: 0.004 +/- 0.000
2026-02-14 10:10:42 INFO    |  step: 3456000, training/ep_critic_loss: 8.619 +/- 0.000
2026-02-14 10:10:42 INFO    |  step: 3456000, training/ep_entropy: -4.000 +/- 0.000
2026-02-14 10:10:42 INFO    |  step: 3456000, training/ep_log_alpha: -8.330 +/- 0.000
2026-02-14 10:10:42 INFO    |  step: 3456000, training/ep_logits_neg: -0.001 +/- 0.000
2026-02-14 10:10:42 INFO    |  step: 3456000, training/ep_logits_pos: -0.001 +/- 0.000
2026-02-14 10:10:42 INFO    |  step: 3456000, training/ep_logsumexp: 5.544 +/- 0.000
2026-02-14 10:10:42 INFO    |  step: 3456000, training/gcp_actor_loss: 3.237 +/- 0.000
2026-02-14 10:10:42 INFO    |  step: 3456000, training/gcp_alpha_loss: 0.001 +/- 0.000
2026-02-14 10:10:42 INFO    |  step: 3456000, training/gcp_categorical_accuracy: 0.489 +/- 0.000
2026-02-14 10:10:42 INFO    |  step: 3456000, training/gcp_critic_loss: 2.180 +/- 0.000
2026-02-14 10:10:42 INFO    |  step: 3456000, training/gcp_entropy: -3.996 +/- 0.000
2026-02-14 10:10:42 INFO    |  step: 3456000, training/gcp_log_alpha: -1.888 +/- 0.000
2026-02-14 10:10:42 INFO    |  step: 3456000, training/gcp_logits_neg: -9.119 +/- 0.000
2026-02-14 10:10:42 INFO    |  step: 3456000, training/gcp_logits_pos: -2.704 +/- 0.000
2026-02-14 10:10:42 INFO    |  step: 3456000, training/gcp_logsumexp: -0.590 +/- 0.000
2026-02-14 10:10:42 INFO    |  step: 3456000, eval/episode_reward: 0.000 +/- 0.000
2026-02-14 10:10:42 INFO    |  step: 3456000, eval/episode_success: 0.000 +/- 0.000
2026-02-14 10:10:42 INFO    |  step: 3456000, eval/episode_success_easy: 0.000 +/- 0.000
2026-02-14 10:10:42 INFO    |  step: 3456000, eval/episode_dist: 12258.768 +/- 0.000
2026-02-14 10:10:42 INFO    |  step: 3456000, eval/episode_success_any: 0.000 +/- 0.000
2026-02-14 10:10:42 INFO    |  step: 3456000, ep_eval/episode_reward: 0.000 +/- 0.000
2026-02-14 10:10:42 INFO    |  step: 3456000, ep_eval/episode_success: 0.000 +/- 0.000
2026-02-14 10:10:42 INFO    |  step: 3456000, ep_eval/episode_success_easy: 0.000 +/- 0.000
2026-02-14 10:10:42 INFO    |  step: 3456000, ep_eval/episode_dist: 12363.437 +/- 0.000
2026-02-14 10:10:42 INFO    |  step: 3456000, ep_eval/episode_success_any: 0.000 +/- 0.000
2026-02-14 10:10:42 INFO    |  step: 3456000, eval/episode_reward_ctrl: 0.000 +/- 0.000
2026-02-14 10:10:42 INFO    |  step: 3456000, eval/episode_reward_dist: 0.000 +/- 0.000
2026-02-14 10:10:42 INFO    |  step: 3456000, eval/episode_reward_near: 0.000 +/- 0.000
2026-02-14 10:10:42 INFO    |  step: 3456000, eval/episode_reward_survive: 0.000 +/- 0.000
2026-02-14 10:10:42 INFO    |  step: 3456000, eval/episode_success_hard: 0.000 +/- 0.000
2026-02-14 10:10:42 INFO    |  step: 3456000, ep_eval/episode_reward_ctrl: 0.000 +/- 0.000
2026-02-14 10:10:42 INFO    |  step: 3456000, ep_eval/episode_reward_dist: 0.000 +/- 0.000
2026-02-14 10:10:42 INFO    |  step: 3456000, ep_eval/episode_reward_near: 0.000 +/- 0.000
2026-02-14 10:10:42 INFO    |  step: 3456000, ep_eval/episode_reward_survive: 0.000 +/- 0.000
2026-02-14 10:10:42 INFO    |  step: 3456000, ep_eval/episode_success_hard: 0.000 +/- 0.000
2026-02-14 10:10:42 INFO    |  step: 3456000, training/actor_loss: 0.000 +/- 0.000
2026-02-14 10:10:42 INFO    |  step: 3456000, training/log_alpha: 0.000 +/- 0.000
2026-02-14 10:10:42 INFO    |  step: 3456000, training/alpha_loss: 0.000 +/- 0.000
2026-02-14 10:10:42 INFO    |  step: 3456000, training/critic_loss: 0.000 +/- 0.000
2026-02-14 10:10:42 INFO    |  step: 3456000, training/entropy: 0.000 +/- 0.000
2026-02-14 10:13:00 INFO    |  Visualization: collected_transitions shape: (1500, 256, 31), num_envs: 256
2026-02-14 10:13:00 INFO    |  Visualization: Raw collected_transitions has 256 unique trajectory IDs out of 384000 total transitions
2026-02-14 10:13:00 INFO    |  Visualization: processed_transitions shape: (1499, 256, 31)
2026-02-14 10:13:01 INFO    |  Visualization: Found 256 unique trajectory IDs out of 383744 total transitions
2026-02-14 10:13:01 INFO    |  Transition shapes: obs=(1499, 256, 31), traj_ids=(1499, 256), traj_ids_flat=(383744,)
2026-02-14 10:13:03 INFO    |  Plotted visualizations at env step 4224000.0
2026-02-14 10:13:24 INFO    |  step: 4224000
2026-02-14 10:13:24 INFO    |  step: 4224000, training/sps: 5437.755 +/- 0.000
2026-02-14 10:13:24 INFO    |  step: 4224000, training/ep_actor_loss: 0.003 +/- 0.000
2026-02-14 10:13:24 INFO    |  step: 4224000, training/ep_alpha_loss: -0.000 +/- 0.000
2026-02-14 10:13:24 INFO    |  step: 4224000, training/ep_categorical_accuracy: 0.004 +/- 0.000
2026-02-14 10:13:24 INFO    |  step: 4224000, training/ep_critic_loss: 8.619 +/- 0.000
2026-02-14 10:13:24 INFO    |  step: 4224000, training/ep_entropy: -4.000 +/- 0.000
2026-02-14 10:13:24 INFO    |  step: 4224000, training/ep_log_alpha: -8.330 +/- 0.000
2026-02-14 10:13:24 INFO    |  step: 4224000, training/ep_logits_neg: -0.001 +/- 0.000
2026-02-14 10:13:24 INFO    |  step: 4224000, training/ep_logits_pos: -0.001 +/- 0.000
2026-02-14 10:13:24 INFO    |  step: 4224000, training/ep_logsumexp: 5.544 +/- 0.000
2026-02-14 10:13:24 INFO    |  step: 4224000, training/gcp_actor_loss: 3.057 +/- 0.000
2026-02-14 10:13:24 INFO    |  step: 4224000, training/gcp_alpha_loss: 0.001 +/- 0.000
2026-02-14 10:13:24 INFO    |  step: 4224000, training/gcp_categorical_accuracy: 0.472 +/- 0.000
2026-02-14 10:13:24 INFO    |  step: 4224000, training/gcp_critic_loss: 2.277 +/- 0.000
2026-02-14 10:13:24 INFO    |  step: 4224000, training/gcp_entropy: -3.995 +/- 0.000
2026-02-14 10:13:24 INFO    |  step: 4224000, training/gcp_log_alpha: -2.137 +/- 0.000
2026-02-14 10:13:24 INFO    |  step: 4224000, training/gcp_logits_neg: -8.920 +/- 0.000
2026-02-14 10:13:24 INFO    |  step: 4224000, training/gcp_logits_pos: -2.798 +/- 0.000
2026-02-14 10:13:24 INFO    |  step: 4224000, training/gcp_logsumexp: -0.584 +/- 0.000
2026-02-14 10:13:24 INFO    |  step: 4224000, eval/episode_reward: 0.000 +/- 0.000
2026-02-14 10:13:24 INFO    |  step: 4224000, eval/episode_success: 0.000 +/- 0.000
2026-02-14 10:13:24 INFO    |  step: 4224000, eval/episode_success_easy: 0.000 +/- 0.000
2026-02-14 10:13:24 INFO    |  step: 4224000, eval/episode_dist: 12196.383 +/- 0.000
2026-02-14 10:13:24 INFO    |  step: 4224000, eval/episode_success_any: 0.000 +/- 0.000
2026-02-14 10:13:24 INFO    |  step: 4224000, ep_eval/episode_reward: 0.000 +/- 0.000
2026-02-14 10:13:24 INFO    |  step: 4224000, ep_eval/episode_success: 0.000 +/- 0.000
2026-02-14 10:13:24 INFO    |  step: 4224000, ep_eval/episode_success_easy: 0.000 +/- 0.000
2026-02-14 10:13:24 INFO    |  step: 4224000, ep_eval/episode_dist: 12328.277 +/- 0.000
2026-02-14 10:13:24 INFO    |  step: 4224000, ep_eval/episode_success_any: 0.000 +/- 0.000
2026-02-14 10:13:24 INFO    |  step: 4224000, eval/episode_reward_ctrl: 0.000 +/- 0.000
2026-02-14 10:13:24 INFO    |  step: 4224000, eval/episode_reward_dist: 0.000 +/- 0.000
2026-02-14 10:13:24 INFO    |  step: 4224000, eval/episode_reward_near: 0.000 +/- 0.000
2026-02-14 10:13:24 INFO    |  step: 4224000, eval/episode_reward_survive: 0.000 +/- 0.000
2026-02-14 10:13:24 INFO    |  step: 4224000, eval/episode_success_hard: 0.000 +/- 0.000
2026-02-14 10:13:24 INFO    |  step: 4224000, ep_eval/episode_reward_ctrl: 0.000 +/- 0.000
2026-02-14 10:13:24 INFO    |  step: 4224000, ep_eval/episode_reward_dist: 0.000 +/- 0.000
2026-02-14 10:13:24 INFO    |  step: 4224000, ep_eval/episode_reward_near: 0.000 +/- 0.000
2026-02-14 10:13:24 INFO    |  step: 4224000, ep_eval/episode_reward_survive: 0.000 +/- 0.000
2026-02-14 10:13:24 INFO    |  step: 4224000, ep_eval/episode_success_hard: 0.000 +/- 0.000
2026-02-14 10:13:24 INFO    |  step: 4224000, training/actor_loss: 0.000 +/- 0.000
2026-02-14 10:13:24 INFO    |  step: 4224000, training/log_alpha: 0.000 +/- 0.000
2026-02-14 10:13:24 INFO    |  step: 4224000, training/alpha_loss: 0.000 +/- 0.000
2026-02-14 10:13:24 INFO    |  step: 4224000, training/critic_loss: 0.000 +/- 0.000
2026-02-14 10:13:24 INFO    |  step: 4224000, training/entropy: 0.000 +/- 0.000
2026-02-14 10:14:17 INFO    |  Visualization: collected_transitions shape: (2000, 256, 31), num_envs: 256
2026-02-14 10:14:17 INFO    |  Visualization: Raw collected_transitions has 256 unique trajectory IDs out of 512000 total transitions
2026-02-14 10:14:17 INFO    |  Visualization: processed_transitions shape: (1999, 256, 31)
2026-02-14 10:14:18 INFO    |  Visualization: Found 256 unique trajectory IDs out of 511744 total transitions
2026-02-14 10:14:18 INFO    |  Transition shapes: obs=(1999, 256, 31), traj_ids=(1999, 256), traj_ids_flat=(511744,)
2026-02-14 10:14:20 INFO    |  Visualization: collected_transitions shape: (2000, 256, 31), num_envs: 256
2026-02-14 10:14:20 INFO    |  Visualization: Raw collected_transitions has 256 unique trajectory IDs out of 512000 total transitions
2026-02-14 10:14:20 INFO    |  Plotted visualizations at env step 3584000.0
2026-02-14 10:14:21 INFO    |  Visualization: processed_transitions shape: (1999, 256, 31)
2026-02-14 10:14:21 INFO    |  Visualization: Found 256 unique trajectory IDs out of 511744 total transitions
2026-02-14 10:14:21 INFO    |  Transition shapes: obs=(1999, 256, 31), traj_ids=(1999, 256), traj_ids_flat=(511744,)
2026-02-14 10:14:23 INFO    |  Plotted visualizations at env step 3584000.0
2026-02-14 10:14:58 INFO    |  step: 3584000
2026-02-14 10:14:58 INFO    |  step: 3584000, training/sps: 4059.968 +/- 0.000
2026-02-14 10:14:58 INFO    |  step: 3584000, training/ep_actor_loss: 0.003 +/- 0.000
2026-02-14 10:14:58 INFO    |  step: 3584000, training/ep_alpha_loss: -0.000 +/- 0.000
2026-02-14 10:14:58 INFO    |  step: 3584000, training/ep_categorical_accuracy: 0.004 +/- 0.000
2026-02-14 10:14:58 INFO    |  step: 3584000, training/ep_critic_loss: 8.619 +/- 0.000
2026-02-14 10:14:58 INFO    |  step: 3584000, training/ep_entropy: -4.000 +/- 0.000
2026-02-14 10:14:58 INFO    |  step: 3584000, training/ep_log_alpha: -8.330 +/- 0.000
2026-02-14 10:14:58 INFO    |  step: 3584000, training/ep_logits_neg: -0.001 +/- 0.000
2026-02-14 10:14:58 INFO    |  step: 3584000, training/ep_logits_pos: -0.001 +/- 0.000
2026-02-14 10:14:58 INFO    |  step: 3584000, training/ep_logsumexp: 5.544 +/- 0.000
2026-02-14 10:14:58 INFO    |  step: 3584000, training/gcp_actor_loss: 2.759 +/- 0.000
2026-02-14 10:14:58 INFO    |  step: 3584000, training/gcp_alpha_loss: 0.001 +/- 0.000
2026-02-14 10:14:58 INFO    |  step: 3584000, training/gcp_categorical_accuracy: 0.486 +/- 0.000
2026-02-14 10:14:58 INFO    |  step: 3584000, training/gcp_critic_loss: 2.104 +/- 0.000
2026-02-14 10:14:58 INFO    |  step: 3584000, training/gcp_entropy: -3.991 +/- 0.000
2026-02-14 10:14:58 INFO    |  step: 3584000, training/gcp_log_alpha: -2.409 +/- 0.000
2026-02-14 10:14:58 INFO    |  step: 3584000, training/gcp_logits_neg: -9.450 +/- 0.000
2026-02-14 10:14:58 INFO    |  step: 3584000, training/gcp_logits_pos: -2.613 +/- 0.000
2026-02-14 10:14:58 INFO    |  step: 3584000, training/gcp_logsumexp: -0.571 +/- 0.000
2026-02-14 10:14:58 INFO    |  step: 3584000, eval/episode_reward: 0.000 +/- 0.000
2026-02-14 10:14:58 INFO    |  step: 3584000, eval/episode_success: 0.000 +/- 0.000
2026-02-14 10:14:58 INFO    |  step: 3584000, eval/episode_success_easy: 0.000 +/- 0.000
2026-02-14 10:14:58 INFO    |  step: 3584000, eval/episode_dist: 32715.117 +/- 0.000
2026-02-14 10:14:58 INFO    |  step: 3584000, eval/episode_success_any: 0.000 +/- 0.000
2026-02-14 10:14:58 INFO    |  step: 3584000, ep_eval/episode_reward: 0.000 +/- 0.000
2026-02-14 10:14:58 INFO    |  step: 3584000, ep_eval/episode_success: 0.000 +/- 0.000
2026-02-14 10:14:58 INFO    |  step: 3584000, ep_eval/episode_success_easy: 0.000 +/- 0.000
2026-02-14 10:14:58 INFO    |  step: 3584000, ep_eval/episode_dist: 31101.533 +/- 0.000
2026-02-14 10:14:58 INFO    |  step: 3584000, ep_eval/episode_success_any: 0.000 +/- 0.000
2026-02-14 10:14:58 INFO    |  step: 3584000, eval/episode_reward_ctrl: 0.000 +/- 0.000
2026-02-14 10:14:58 INFO    |  step: 3584000, eval/episode_reward_dist: 0.000 +/- 0.000
2026-02-14 10:14:58 INFO    |  step: 3584000, eval/episode_reward_near: 0.000 +/- 0.000
2026-02-14 10:14:58 INFO    |  step: 3584000, eval/episode_reward_survive: 0.000 +/- 0.000
2026-02-14 10:14:58 INFO    |  step: 3584000, eval/episode_success_hard: 0.000 +/- 0.000
2026-02-14 10:14:58 INFO    |  step: 3584000, ep_eval/episode_reward_ctrl: 0.000 +/- 0.000
2026-02-14 10:14:58 INFO    |  step: 3584000, ep_eval/episode_reward_dist: 0.000 +/- 0.000
2026-02-14 10:14:58 INFO    |  step: 3584000, ep_eval/episode_reward_near: 0.000 +/- 0.000
2026-02-14 10:14:58 INFO    |  step: 3584000, ep_eval/episode_reward_survive: 0.000 +/- 0.000
2026-02-14 10:14:58 INFO    |  step: 3584000, ep_eval/episode_success_hard: 0.000 +/- 0.000
2026-02-14 10:14:58 INFO    |  step: 3584000, training/actor_loss: 0.000 +/- 0.000
2026-02-14 10:14:58 INFO    |  step: 3584000, training/log_alpha: 0.000 +/- 0.000
2026-02-14 10:14:58 INFO    |  step: 3584000, training/alpha_loss: 0.000 +/- 0.000
2026-02-14 10:14:58 INFO    |  step: 3584000, training/critic_loss: 0.000 +/- 0.000
2026-02-14 10:14:58 INFO    |  step: 3584000, training/entropy: 0.000 +/- 0.000
2026-02-14 10:15:01 INFO    |  step: 3584000
2026-02-14 10:15:01 INFO    |  step: 3584000, training/sps: 4108.309 +/- 0.000
2026-02-14 10:15:01 INFO    |  step: 3584000, training/ep_actor_loss: 0.003 +/- 0.000
2026-02-14 10:15:01 INFO    |  step: 3584000, training/ep_alpha_loss: -0.000 +/- 0.000
2026-02-14 10:15:01 INFO    |  step: 3584000, training/ep_categorical_accuracy: 0.004 +/- 0.000
2026-02-14 10:15:01 INFO    |  step: 3584000, training/ep_critic_loss: 8.619 +/- 0.000
2026-02-14 10:15:01 INFO    |  step: 3584000, training/ep_entropy: -4.000 +/- 0.000
2026-02-14 10:15:01 INFO    |  step: 3584000, training/ep_log_alpha: -8.330 +/- 0.000
2026-02-14 10:15:01 INFO    |  step: 3584000, training/ep_logits_neg: -0.001 +/- 0.000
2026-02-14 10:15:01 INFO    |  step: 3584000, training/ep_logits_pos: -0.001 +/- 0.000
2026-02-14 10:15:01 INFO    |  step: 3584000, training/ep_logsumexp: 5.544 +/- 0.000
2026-02-14 10:15:01 INFO    |  step: 3584000, training/gcp_actor_loss: 3.132 +/- 0.000
2026-02-14 10:15:01 INFO    |  step: 3584000, training/gcp_alpha_loss: 0.000 +/- 0.000
2026-02-14 10:15:01 INFO    |  step: 3584000, training/gcp_categorical_accuracy: 0.447 +/- 0.000
2026-02-14 10:15:01 INFO    |  step: 3584000, training/gcp_critic_loss: 2.287 +/- 0.000
2026-02-14 10:15:01 INFO    |  step: 3584000, training/gcp_entropy: -3.997 +/- 0.000
2026-02-14 10:15:01 INFO    |  step: 3584000, training/gcp_log_alpha: -2.125 +/- 0.000
2026-02-14 10:15:01 INFO    |  step: 3584000, training/gcp_logits_neg: -9.233 +/- 0.000
2026-02-14 10:15:01 INFO    |  step: 3584000, training/gcp_logits_pos: -2.793 +/- 0.000
2026-02-14 10:15:01 INFO    |  step: 3584000, training/gcp_logsumexp: -0.564 +/- 0.000
2026-02-14 10:15:01 INFO    |  step: 3584000, eval/episode_reward: 0.000 +/- 0.000
2026-02-14 10:15:01 INFO    |  step: 3584000, eval/episode_success: 0.000 +/- 0.000
2026-02-14 10:15:01 INFO    |  step: 3584000, eval/episode_success_easy: 0.000 +/- 0.000
2026-02-14 10:15:01 INFO    |  step: 3584000, eval/episode_dist: 32722.738 +/- 0.000
2026-02-14 10:15:01 INFO    |  step: 3584000, eval/episode_success_any: 0.000 +/- 0.000
2026-02-14 10:15:01 INFO    |  step: 3584000, ep_eval/episode_reward: 0.000 +/- 0.000
2026-02-14 10:15:01 INFO    |  step: 3584000, ep_eval/episode_success: 0.000 +/- 0.000
2026-02-14 10:15:01 INFO    |  step: 3584000, ep_eval/episode_success_easy: 0.000 +/- 0.000
2026-02-14 10:15:01 INFO    |  step: 3584000, ep_eval/episode_dist: 31102.207 +/- 0.000
2026-02-14 10:15:01 INFO    |  step: 3584000, ep_eval/episode_success_any: 0.000 +/- 0.000
2026-02-14 10:15:01 INFO    |  step: 3584000, eval/episode_reward_ctrl: 0.000 +/- 0.000
2026-02-14 10:15:01 INFO    |  step: 3584000, eval/episode_reward_dist: 0.000 +/- 0.000
2026-02-14 10:15:01 INFO    |  step: 3584000, eval/episode_reward_near: 0.000 +/- 0.000
2026-02-14 10:15:01 INFO    |  step: 3584000, eval/episode_reward_survive: 0.000 +/- 0.000
2026-02-14 10:15:01 INFO    |  step: 3584000, eval/episode_success_hard: 0.000 +/- 0.000
2026-02-14 10:15:01 INFO    |  step: 3584000, ep_eval/episode_reward_ctrl: 0.000 +/- 0.000
2026-02-14 10:15:01 INFO    |  step: 3584000, ep_eval/episode_reward_dist: 0.000 +/- 0.000
2026-02-14 10:15:01 INFO    |  step: 3584000, ep_eval/episode_reward_near: 0.000 +/- 0.000
2026-02-14 10:15:01 INFO    |  step: 3584000, ep_eval/episode_reward_survive: 0.000 +/- 0.000
2026-02-14 10:15:01 INFO    |  step: 3584000, ep_eval/episode_success_hard: 0.000 +/- 0.000
2026-02-14 10:15:01 INFO    |  step: 3584000, training/actor_loss: 0.000 +/- 0.000
2026-02-14 10:15:01 INFO    |  step: 3584000, training/log_alpha: 0.000 +/- 0.000
2026-02-14 10:15:01 INFO    |  step: 3584000, training/alpha_loss: 0.000 +/- 0.000
2026-02-14 10:15:01 INFO    |  step: 3584000, training/critic_loss: 0.000 +/- 0.000
2026-02-14 10:15:01 INFO    |  step: 3584000, training/entropy: 0.000 +/- 0.000
2026-02-14 10:15:41 INFO    |  Visualization: collected_transitions shape: (1500, 256, 31), num_envs: 256
2026-02-14 10:15:41 INFO    |  Visualization: Raw collected_transitions has 256 unique trajectory IDs out of 384000 total transitions
2026-02-14 10:15:42 INFO    |  Visualization: processed_transitions shape: (1499, 256, 31)
2026-02-14 10:15:42 INFO    |  Visualization: Found 256 unique trajectory IDs out of 383744 total transitions
2026-02-14 10:15:42 INFO    |  Transition shapes: obs=(1499, 256, 31), traj_ids=(1499, 256), traj_ids_flat=(383744,)
2026-02-14 10:15:45 INFO    |  Plotted visualizations at env step 4992000.0
2026-02-14 10:16:05 INFO    |  step: 4992000
2026-02-14 10:16:08 INFO    |  actor input shape: (1, 31)
2026-02-14 10:16:38 INFO    |  step: 4992000, training/sps: 5456.418 +/- 0.000
2026-02-14 10:16:38 INFO    |  step: 4992000, training/ep_actor_loss: 0.003 +/- 0.000
2026-02-14 10:16:38 INFO    |  step: 4992000, training/ep_alpha_loss: -0.000 +/- 0.000
2026-02-14 10:16:38 INFO    |  step: 4992000, training/ep_categorical_accuracy: 0.004 +/- 0.000
2026-02-14 10:16:38 INFO    |  step: 4992000, training/ep_critic_loss: 8.619 +/- 0.000
2026-02-14 10:16:38 INFO    |  step: 4992000, training/ep_entropy: -4.000 +/- 0.000
2026-02-14 10:16:38 INFO    |  step: 4992000, training/ep_log_alpha: -8.330 +/- 0.000
2026-02-14 10:16:38 INFO    |  step: 4992000, training/ep_logits_neg: -0.001 +/- 0.000
2026-02-14 10:16:38 INFO    |  step: 4992000, training/ep_logits_pos: -0.001 +/- 0.000
2026-02-14 10:16:38 INFO    |  step: 4992000, training/ep_logsumexp: 5.544 +/- 0.000
2026-02-14 10:16:38 INFO    |  step: 4992000, training/gcp_actor_loss: 2.961 +/- 0.000
2026-02-14 10:16:38 INFO    |  step: 4992000, training/gcp_alpha_loss: 0.000 +/- 0.000
2026-02-14 10:16:38 INFO    |  step: 4992000, training/gcp_categorical_accuracy: 0.454 +/- 0.000
2026-02-14 10:16:38 INFO    |  step: 4992000, training/gcp_critic_loss: 2.359 +/- 0.000
2026-02-14 10:16:38 INFO    |  step: 4992000, training/gcp_entropy: -3.996 +/- 0.000
2026-02-14 10:16:38 INFO    |  step: 4992000, training/gcp_log_alpha: -2.314 +/- 0.000
2026-02-14 10:16:38 INFO    |  step: 4992000, training/gcp_logits_neg: -8.781 +/- 0.000
2026-02-14 10:16:38 INFO    |  step: 4992000, training/gcp_logits_pos: -2.865 +/- 0.000
2026-02-14 10:16:38 INFO    |  step: 4992000, training/gcp_logsumexp: -0.565 +/- 0.000
2026-02-14 10:16:38 INFO    |  step: 4992000, eval/episode_reward: 0.000 +/- 0.000
2026-02-14 10:16:38 INFO    |  step: 4992000, eval/episode_success: 0.000 +/- 0.000
2026-02-14 10:16:38 INFO    |  step: 4992000, eval/episode_success_easy: 0.000 +/- 0.000
2026-02-14 10:16:38 INFO    |  step: 4992000, eval/episode_dist: 12079.820 +/- 0.000
2026-02-14 10:16:38 INFO    |  step: 4992000, eval/episode_success_any: 0.000 +/- 0.000
2026-02-14 10:16:38 INFO    |  step: 4992000, ep_eval/episode_reward: 0.000 +/- 0.000
2026-02-14 10:16:38 INFO    |  step: 4992000, ep_eval/episode_success: 0.000 +/- 0.000
2026-02-14 10:16:38 INFO    |  step: 4992000, ep_eval/episode_success_easy: 0.000 +/- 0.000
2026-02-14 10:16:38 INFO    |  step: 4992000, ep_eval/episode_dist: 12289.044 +/- 0.000
2026-02-14 10:16:38 INFO    |  step: 4992000, ep_eval/episode_success_any: 0.000 +/- 0.000
2026-02-14 10:16:38 INFO    |  step: 4992000, eval/episode_reward_ctrl: 0.000 +/- 0.000
2026-02-14 10:16:38 INFO    |  step: 4992000, eval/episode_reward_dist: 0.000 +/- 0.000
2026-02-14 10:16:38 INFO    |  step: 4992000, eval/episode_reward_near: 0.000 +/- 0.000
2026-02-14 10:16:38 INFO    |  step: 4992000, eval/episode_reward_survive: 0.000 +/- 0.000
2026-02-14 10:16:38 INFO    |  step: 4992000, eval/episode_success_hard: 0.000 +/- 0.000
2026-02-14 10:16:38 INFO    |  step: 4992000, ep_eval/episode_reward_ctrl: 0.000 +/- 0.000
2026-02-14 10:16:38 INFO    |  step: 4992000, ep_eval/episode_reward_dist: 0.000 +/- 0.000
2026-02-14 10:16:38 INFO    |  step: 4992000, ep_eval/episode_reward_near: 0.000 +/- 0.000
2026-02-14 10:16:38 INFO    |  step: 4992000, ep_eval/episode_reward_survive: 0.000 +/- 0.000
2026-02-14 10:16:38 INFO    |  step: 4992000, ep_eval/episode_success_hard: 0.000 +/- 0.000
2026-02-14 10:16:38 INFO    |  step: 4992000, training/actor_loss: 0.000 +/- 0.000
2026-02-14 10:16:38 INFO    |  step: 4992000, training/log_alpha: 0.000 +/- 0.000
2026-02-14 10:16:38 INFO    |  step: 4992000, training/alpha_loss: 0.000 +/- 0.000
2026-02-14 10:16:38 INFO    |  step: 4992000, training/critic_loss: 0.000 +/- 0.000
2026-02-14 10:16:38 INFO    |  step: 4992000, training/entropy: 0.000 +/- 0.000
2026-02-14 10:18:56 INFO    |  Visualization: collected_transitions shape: (1500, 256, 31), num_envs: 256
2026-02-14 10:18:56 INFO    |  Visualization: Raw collected_transitions has 256 unique trajectory IDs out of 384000 total transitions
2026-02-14 10:18:57 INFO    |  Visualization: processed_transitions shape: (1499, 256, 31)
2026-02-14 10:18:57 INFO    |  Visualization: Found 256 unique trajectory IDs out of 383744 total transitions
2026-02-14 10:18:57 INFO    |  Transition shapes: obs=(1499, 256, 31), traj_ids=(1499, 256), traj_ids_flat=(383744,)
2026-02-14 10:18:59 INFO    |  Plotted visualizations at env step 5760000.0
2026-02-14 10:19:07 INFO    |  Visualization: collected_transitions shape: (2000, 256, 31), num_envs: 256
2026-02-14 10:19:07 INFO    |  Visualization: Raw collected_transitions has 256 unique trajectory IDs out of 512000 total transitions
2026-02-14 10:19:07 INFO    |  Visualization: processed_transitions shape: (1999, 256, 31)
2026-02-14 10:19:08 INFO    |  Visualization: collected_transitions shape: (2000, 256, 31), num_envs: 256
2026-02-14 10:19:08 INFO    |  Visualization: Raw collected_transitions has 256 unique trajectory IDs out of 512000 total transitions
2026-02-14 10:19:08 INFO    |  Visualization: Found 256 unique trajectory IDs out of 511744 total transitions
2026-02-14 10:19:08 INFO    |  Transition shapes: obs=(1999, 256, 31), traj_ids=(1999, 256), traj_ids_flat=(511744,)
2026-02-14 10:19:08 INFO    |  Visualization: processed_transitions shape: (1999, 256, 31)
2026-02-14 10:19:09 INFO    |  Visualization: Found 256 unique trajectory IDs out of 511744 total transitions
2026-02-14 10:19:09 INFO    |  Transition shapes: obs=(1999, 256, 31), traj_ids=(1999, 256), traj_ids_flat=(511744,)
2026-02-14 10:19:10 INFO    |  Plotted visualizations at env step 4608000.0
2026-02-14 10:19:11 INFO    |  Plotted visualizations at env step 4608000.0
2026-02-14 10:19:20 INFO    |  step: 5760000
2026-02-14 10:19:20 INFO    |  step: 5760000, training/sps: 5438.532 +/- 0.000
2026-02-14 10:19:20 INFO    |  step: 5760000, training/ep_actor_loss: 0.003 +/- 0.000
2026-02-14 10:19:20 INFO    |  step: 5760000, training/ep_alpha_loss: -0.000 +/- 0.000
2026-02-14 10:19:20 INFO    |  step: 5760000, training/ep_categorical_accuracy: 0.004 +/- 0.000
2026-02-14 10:19:20 INFO    |  step: 5760000, training/ep_critic_loss: 8.619 +/- 0.000
2026-02-14 10:19:20 INFO    |  step: 5760000, training/ep_entropy: -4.000 +/- 0.000
2026-02-14 10:19:20 INFO    |  step: 5760000, training/ep_log_alpha: -8.330 +/- 0.000
2026-02-14 10:19:20 INFO    |  step: 5760000, training/ep_logits_neg: -0.001 +/- 0.000
2026-02-14 10:19:20 INFO    |  step: 5760000, training/ep_logits_pos: -0.001 +/- 0.000
2026-02-14 10:19:20 INFO    |  step: 5760000, training/ep_logsumexp: 5.544 +/- 0.000
2026-02-14 10:19:20 INFO    |  step: 5760000, training/gcp_actor_loss: 3.148 +/- 0.000
2026-02-14 10:19:20 INFO    |  step: 5760000, training/gcp_alpha_loss: 0.000 +/- 0.000
2026-02-14 10:19:20 INFO    |  step: 5760000, training/gcp_categorical_accuracy: 0.470 +/- 0.000
2026-02-14 10:19:20 INFO    |  step: 5760000, training/gcp_critic_loss: 2.271 +/- 0.000
2026-02-14 10:19:20 INFO    |  step: 5760000, training/gcp_entropy: -3.999 +/- 0.000
2026-02-14 10:19:20 INFO    |  step: 5760000, training/gcp_log_alpha: -2.258 +/- 0.000
2026-02-14 10:19:20 INFO    |  step: 5760000, training/gcp_logits_neg: -8.990 +/- 0.000
2026-02-14 10:19:20 INFO    |  step: 5760000, training/gcp_logits_pos: -2.881 +/- 0.000
2026-02-14 10:19:20 INFO    |  step: 5760000, training/gcp_logsumexp: -0.683 +/- 0.000
2026-02-14 10:19:20 INFO    |  step: 5760000, eval/episode_reward: 0.000 +/- 0.000
2026-02-14 10:19:20 INFO    |  step: 5760000, eval/episode_success: 0.000 +/- 0.000
2026-02-14 10:19:20 INFO    |  step: 5760000, eval/episode_success_easy: 0.000 +/- 0.000
2026-02-14 10:19:20 INFO    |  step: 5760000, eval/episode_dist: 12357.013 +/- 0.000
2026-02-14 10:19:20 INFO    |  step: 5760000, eval/episode_success_any: 0.000 +/- 0.000
2026-02-14 10:19:20 INFO    |  step: 5760000, ep_eval/episode_reward: 0.000 +/- 0.000
2026-02-14 10:19:20 INFO    |  step: 5760000, ep_eval/episode_success: 0.000 +/- 0.000
2026-02-14 10:19:20 INFO    |  step: 5760000, ep_eval/episode_success_easy: 0.000 +/- 0.000
2026-02-14 10:19:20 INFO    |  step: 5760000, ep_eval/episode_dist: 12535.523 +/- 0.000
2026-02-14 10:19:20 INFO    |  step: 5760000, ep_eval/episode_success_any: 0.000 +/- 0.000
2026-02-14 10:19:20 INFO    |  step: 5760000, eval/episode_reward_ctrl: 0.000 +/- 0.000
2026-02-14 10:19:20 INFO    |  step: 5760000, eval/episode_reward_dist: 0.000 +/- 0.000
2026-02-14 10:19:20 INFO    |  step: 5760000, eval/episode_reward_near: 0.000 +/- 0.000
2026-02-14 10:19:20 INFO    |  step: 5760000, eval/episode_reward_survive: 0.000 +/- 0.000
2026-02-14 10:19:20 INFO    |  step: 5760000, eval/episode_success_hard: 0.000 +/- 0.000
2026-02-14 10:19:20 INFO    |  step: 5760000, ep_eval/episode_reward_ctrl: 0.000 +/- 0.000
2026-02-14 10:19:20 INFO    |  step: 5760000, ep_eval/episode_reward_dist: 0.000 +/- 0.000
2026-02-14 10:19:20 INFO    |  step: 5760000, ep_eval/episode_reward_near: 0.000 +/- 0.000
2026-02-14 10:19:20 INFO    |  step: 5760000, ep_eval/episode_reward_survive: 0.000 +/- 0.000
2026-02-14 10:19:20 INFO    |  step: 5760000, ep_eval/episode_success_hard: 0.000 +/- 0.000
2026-02-14 10:19:20 INFO    |  step: 5760000, training/actor_loss: 0.000 +/- 0.000
2026-02-14 10:19:20 INFO    |  step: 5760000, training/log_alpha: 0.000 +/- 0.000
2026-02-14 10:19:20 INFO    |  step: 5760000, training/alpha_loss: 0.000 +/- 0.000
2026-02-14 10:19:20 INFO    |  step: 5760000, training/critic_loss: 0.000 +/- 0.000
2026-02-14 10:19:20 INFO    |  step: 5760000, training/entropy: 0.000 +/- 0.000
2026-02-14 10:19:48 INFO    |  step: 4608000
2026-02-14 10:19:48 INFO    |  step: 4608000, training/sps: 4067.783 +/- 0.000
2026-02-14 10:19:48 INFO    |  step: 4608000, training/ep_actor_loss: 0.003 +/- 0.000
2026-02-14 10:19:48 INFO    |  step: 4608000, training/ep_alpha_loss: 0.000 +/- 0.000
2026-02-14 10:19:48 INFO    |  step: 4608000, training/ep_categorical_accuracy: 0.004 +/- 0.000
2026-02-14 10:19:48 INFO    |  step: 4608000, training/ep_critic_loss: 8.619 +/- 0.000
2026-02-14 10:19:48 INFO    |  step: 4608000, training/ep_entropy: -4.000 +/- 0.000
2026-02-14 10:19:48 INFO    |  step: 4608000, training/ep_log_alpha: -8.330 +/- 0.000
2026-02-14 10:19:48 INFO    |  step: 4608000, training/ep_logits_neg: -0.001 +/- 0.000
2026-02-14 10:19:48 INFO    |  step: 4608000, training/ep_logits_pos: -0.001 +/- 0.000
2026-02-14 10:19:48 INFO    |  step: 4608000, training/ep_logsumexp: 5.544 +/- 0.000
2026-02-14 10:19:48 INFO    |  step: 4608000, training/gcp_actor_loss: 2.629 +/- 0.000
2026-02-14 10:19:48 INFO    |  step: 4608000, training/gcp_alpha_loss: 0.000 +/- 0.000
2026-02-14 10:19:48 INFO    |  step: 4608000, training/gcp_categorical_accuracy: 0.473 +/- 0.000
2026-02-14 10:19:48 INFO    |  step: 4608000, training/gcp_critic_loss: 2.166 +/- 0.000
2026-02-14 10:19:48 INFO    |  step: 4608000, training/gcp_entropy: -3.995 +/- 0.000
2026-02-14 10:19:48 INFO    |  step: 4608000, training/gcp_log_alpha: -2.593 +/- 0.000
2026-02-14 10:19:48 INFO    |  step: 4608000, training/gcp_logits_neg: -9.289 +/- 0.000
2026-02-14 10:19:48 INFO    |  step: 4608000, training/gcp_logits_pos: -2.662 +/- 0.000
2026-02-14 10:19:48 INFO    |  step: 4608000, training/gcp_logsumexp: -0.556 +/- 0.000
2026-02-14 10:19:48 INFO    |  step: 4608000, eval/episode_reward: 0.000 +/- 0.000
2026-02-14 10:19:48 INFO    |  step: 4608000, eval/episode_success: 0.000 +/- 0.000
2026-02-14 10:19:48 INFO    |  step: 4608000, eval/episode_success_easy: 0.000 +/- 0.000
2026-02-14 10:19:48 INFO    |  step: 4608000, eval/episode_dist: 32923.039 +/- 0.000
2026-02-14 10:19:48 INFO    |  step: 4608000, eval/episode_success_any: 0.000 +/- 0.000
2026-02-14 10:19:48 INFO    |  step: 4608000, ep_eval/episode_reward: 0.000 +/- 0.000
2026-02-14 10:19:48 INFO    |  step: 4608000, ep_eval/episode_success: 0.000 +/- 0.000
2026-02-14 10:19:48 INFO    |  step: 4608000, ep_eval/episode_success_easy: 0.000 +/- 0.000
2026-02-14 10:19:48 INFO    |  step: 4608000, ep_eval/episode_dist: 33792.422 +/- 0.000
2026-02-14 10:19:48 INFO    |  step: 4608000, ep_eval/episode_success_any: 0.000 +/- 0.000
2026-02-14 10:19:48 INFO    |  step: 4608000, eval/episode_reward_ctrl: 0.000 +/- 0.000
2026-02-14 10:19:48 INFO    |  step: 4608000, eval/episode_reward_dist: 0.000 +/- 0.000
2026-02-14 10:19:48 INFO    |  step: 4608000, eval/episode_reward_near: 0.000 +/- 0.000
2026-02-14 10:19:48 INFO    |  step: 4608000, eval/episode_reward_survive: 0.000 +/- 0.000
2026-02-14 10:19:48 INFO    |  step: 4608000, eval/episode_success_hard: 0.000 +/- 0.000
2026-02-14 10:19:48 INFO    |  step: 4608000, ep_eval/episode_reward_ctrl: 0.000 +/- 0.000
2026-02-14 10:19:48 INFO    |  step: 4608000, ep_eval/episode_reward_dist: 0.000 +/- 0.000
2026-02-14 10:19:48 INFO    |  step: 4608000, ep_eval/episode_reward_near: 0.000 +/- 0.000
2026-02-14 10:19:48 INFO    |  step: 4608000, ep_eval/episode_reward_survive: 0.000 +/- 0.000
2026-02-14 10:19:48 INFO    |  step: 4608000, ep_eval/episode_success_hard: 0.000 +/- 0.000
2026-02-14 10:19:48 INFO    |  step: 4608000, training/actor_loss: 0.000 +/- 0.000
2026-02-14 10:19:48 INFO    |  step: 4608000, training/log_alpha: 0.000 +/- 0.000
2026-02-14 10:19:48 INFO    |  step: 4608000, training/alpha_loss: 0.000 +/- 0.000
2026-02-14 10:19:48 INFO    |  step: 4608000, training/critic_loss: 0.000 +/- 0.000
2026-02-14 10:19:48 INFO    |  step: 4608000, training/entropy: 0.000 +/- 0.000
2026-02-14 10:19:49 INFO    |  step: 4608000
2026-02-14 10:19:49 INFO    |  step: 4608000, training/sps: 4104.547 +/- 0.000
2026-02-14 10:19:49 INFO    |  step: 4608000, training/ep_actor_loss: 0.003 +/- 0.000
2026-02-14 10:19:49 INFO    |  step: 4608000, training/ep_alpha_loss: 0.000 +/- 0.000
2026-02-14 10:19:49 INFO    |  step: 4608000, training/ep_categorical_accuracy: 0.004 +/- 0.000
2026-02-14 10:19:49 INFO    |  step: 4608000, training/ep_critic_loss: 8.619 +/- 0.000
2026-02-14 10:19:49 INFO    |  step: 4608000, training/ep_entropy: -4.000 +/- 0.000
2026-02-14 10:19:49 INFO    |  step: 4608000, training/ep_log_alpha: -8.330 +/- 0.000
2026-02-14 10:19:49 INFO    |  step: 4608000, training/ep_logits_neg: -0.001 +/- 0.000
2026-02-14 10:19:49 INFO    |  step: 4608000, training/ep_logits_pos: -0.001 +/- 0.000
2026-02-14 10:19:49 INFO    |  step: 4608000, training/ep_logsumexp: 5.544 +/- 0.000
2026-02-14 10:19:49 INFO    |  step: 4608000, training/gcp_actor_loss: 3.168 +/- 0.000
2026-02-14 10:19:49 INFO    |  step: 4608000, training/gcp_alpha_loss: 0.000 +/- 0.000
2026-02-14 10:19:49 INFO    |  step: 4608000, training/gcp_categorical_accuracy: 0.475 +/- 0.000
2026-02-14 10:19:49 INFO    |  step: 4608000, training/gcp_critic_loss: 2.197 +/- 0.000
2026-02-14 10:19:49 INFO    |  step: 4608000, training/gcp_entropy: -3.999 +/- 0.000
2026-02-14 10:19:49 INFO    |  step: 4608000, training/gcp_log_alpha: -2.030 +/- 0.000
2026-02-14 10:19:49 INFO    |  step: 4608000, training/gcp_logits_neg: -9.258 +/- 0.000
2026-02-14 10:19:49 INFO    |  step: 4608000, training/gcp_logits_pos: -2.721 +/- 0.000
2026-02-14 10:19:49 INFO    |  step: 4608000, training/gcp_logsumexp: -0.587 +/- 0.000
2026-02-14 10:19:49 INFO    |  step: 4608000, eval/episode_reward: 0.000 +/- 0.000
2026-02-14 10:19:49 INFO    |  step: 4608000, eval/episode_success: 0.000 +/- 0.000
2026-02-14 10:19:49 INFO    |  step: 4608000, eval/episode_success_easy: 0.000 +/- 0.000
2026-02-14 10:19:49 INFO    |  step: 4608000, eval/episode_dist: 32765.730 +/- 0.000
2026-02-14 10:19:49 INFO    |  step: 4608000, eval/episode_success_any: 0.000 +/- 0.000
2026-02-14 10:19:49 INFO    |  step: 4608000, ep_eval/episode_reward: 0.000 +/- 0.000
2026-02-14 10:19:49 INFO    |  step: 4608000, ep_eval/episode_success: 0.000 +/- 0.000
2026-02-14 10:19:49 INFO    |  step: 4608000, ep_eval/episode_success_easy: 0.000 +/- 0.000
2026-02-14 10:19:49 INFO    |  step: 4608000, ep_eval/episode_dist: 33792.027 +/- 0.000
2026-02-14 10:19:49 INFO    |  step: 4608000, ep_eval/episode_success_any: 0.000 +/- 0.000
2026-02-14 10:19:49 INFO    |  step: 4608000, eval/episode_reward_ctrl: 0.000 +/- 0.000
2026-02-14 10:19:49 INFO    |  step: 4608000, eval/episode_reward_dist: 0.000 +/- 0.000
2026-02-14 10:19:49 INFO    |  step: 4608000, eval/episode_reward_near: 0.000 +/- 0.000
2026-02-14 10:19:49 INFO    |  step: 4608000, eval/episode_reward_survive: 0.000 +/- 0.000
2026-02-14 10:19:49 INFO    |  step: 4608000, eval/episode_success_hard: 0.000 +/- 0.000
2026-02-14 10:19:49 INFO    |  step: 4608000, ep_eval/episode_reward_ctrl: 0.000 +/- 0.000
2026-02-14 10:19:49 INFO    |  step: 4608000, ep_eval/episode_reward_dist: 0.000 +/- 0.000
2026-02-14 10:19:49 INFO    |  step: 4608000, ep_eval/episode_reward_near: 0.000 +/- 0.000
2026-02-14 10:19:49 INFO    |  step: 4608000, ep_eval/episode_reward_survive: 0.000 +/- 0.000
2026-02-14 10:19:49 INFO    |  step: 4608000, ep_eval/episode_success_hard: 0.000 +/- 0.000
2026-02-14 10:19:49 INFO    |  step: 4608000, training/actor_loss: 0.000 +/- 0.000
2026-02-14 10:19:49 INFO    |  step: 4608000, training/log_alpha: 0.000 +/- 0.000
2026-02-14 10:19:49 INFO    |  step: 4608000, training/alpha_loss: 0.000 +/- 0.000
2026-02-14 10:19:49 INFO    |  step: 4608000, training/critic_loss: 0.000 +/- 0.000
2026-02-14 10:19:49 INFO    |  step: 4608000, training/entropy: 0.000 +/- 0.000
2026-02-14 10:21:36 INFO    |  Visualization: collected_transitions shape: (1500, 256, 31), num_envs: 256
2026-02-14 10:21:36 INFO    |  Visualization: Raw collected_transitions has 256 unique trajectory IDs out of 384000 total transitions
2026-02-14 10:21:37 INFO    |  Visualization: processed_transitions shape: (1499, 256, 31)
2026-02-14 10:21:38 INFO    |  Visualization: Found 256 unique trajectory IDs out of 383744 total transitions
2026-02-14 10:21:38 INFO    |  Transition shapes: obs=(1499, 256, 31), traj_ids=(1499, 256), traj_ids_flat=(383744,)
2026-02-14 10:21:40 INFO    |  Plotted visualizations at env step 6528000.0
2026-02-14 10:22:01 INFO    |  step: 6528000
2026-02-14 10:22:01 INFO    |  step: 6528000, training/sps: 5496.215 +/- 0.000
2026-02-14 10:22:01 INFO    |  step: 6528000, training/ep_actor_loss: 0.003 +/- 0.000
2026-02-14 10:22:01 INFO    |  step: 6528000, training/ep_alpha_loss: 0.000 +/- 0.000
2026-02-14 10:22:01 INFO    |  step: 6528000, training/ep_categorical_accuracy: 0.004 +/- 0.000
2026-02-14 10:22:01 INFO    |  step: 6528000, training/ep_critic_loss: 8.619 +/- 0.000
2026-02-14 10:22:01 INFO    |  step: 6528000, training/ep_entropy: -4.000 +/- 0.000
2026-02-14 10:22:01 INFO    |  step: 6528000, training/ep_log_alpha: -8.330 +/- 0.000
2026-02-14 10:22:01 INFO    |  step: 6528000, training/ep_logits_neg: -0.001 +/- 0.000
2026-02-14 10:22:01 INFO    |  step: 6528000, training/ep_logits_pos: -0.001 +/- 0.000
2026-02-14 10:22:01 INFO    |  step: 6528000, training/ep_logsumexp: 5.544 +/- 0.000
2026-02-14 10:22:01 INFO    |  step: 6528000, training/gcp_actor_loss: 3.176 +/- 0.000
2026-02-14 10:22:01 INFO    |  step: 6528000, training/gcp_alpha_loss: 0.000 +/- 0.000
2026-02-14 10:22:01 INFO    |  step: 6528000, training/gcp_categorical_accuracy: 0.498 +/- 0.000
2026-02-14 10:22:01 INFO    |  step: 6528000, training/gcp_critic_loss: 2.147 +/- 0.000
2026-02-14 10:22:01 INFO    |  step: 6528000, training/gcp_entropy: -3.999 +/- 0.000
2026-02-14 10:22:01 INFO    |  step: 6528000, training/gcp_log_alpha: -2.296 +/- 0.000
2026-02-14 10:22:01 INFO    |  step: 6528000, training/gcp_logits_neg: -9.204 +/- 0.000
2026-02-14 10:22:01 INFO    |  step: 6528000, training/gcp_logits_pos: -2.821 +/- 0.000
2026-02-14 10:22:01 INFO    |  step: 6528000, training/gcp_logsumexp: -0.757 +/- 0.000
2026-02-14 10:22:01 INFO    |  step: 6528000, eval/episode_reward: 0.000 +/- 0.000
2026-02-14 10:22:01 INFO    |  step: 6528000, eval/episode_success: 0.000 +/- 0.000
2026-02-14 10:22:01 INFO    |  step: 6528000, eval/episode_success_easy: 0.062 +/- 0.000
2026-02-14 10:22:01 INFO    |  step: 6528000, eval/episode_dist: 12304.955 +/- 0.000
2026-02-14 10:22:01 INFO    |  step: 6528000, eval/episode_success_any: 0.000 +/- 0.000
2026-02-14 10:22:01 INFO    |  step: 6528000, ep_eval/episode_reward: 0.000 +/- 0.000
2026-02-14 10:22:01 INFO    |  step: 6528000, ep_eval/episode_success: 0.000 +/- 0.000
2026-02-14 10:22:01 INFO    |  step: 6528000, ep_eval/episode_success_easy: 0.000 +/- 0.000
2026-02-14 10:22:01 INFO    |  step: 6528000, ep_eval/episode_dist: 12302.215 +/- 0.000
2026-02-14 10:22:01 INFO    |  step: 6528000, ep_eval/episode_success_any: 0.000 +/- 0.000
2026-02-14 10:22:01 INFO    |  step: 6528000, eval/episode_reward_ctrl: 0.000 +/- 0.000
2026-02-14 10:22:01 INFO    |  step: 6528000, eval/episode_reward_dist: 0.000 +/- 0.000
2026-02-14 10:22:01 INFO    |  step: 6528000, eval/episode_reward_near: 0.000 +/- 0.000
2026-02-14 10:22:01 INFO    |  step: 6528000, eval/episode_reward_survive: 0.000 +/- 0.000
2026-02-14 10:22:01 INFO    |  step: 6528000, eval/episode_success_hard: 0.000 +/- 0.000
2026-02-14 10:22:01 INFO    |  step: 6528000, ep_eval/episode_reward_ctrl: 0.000 +/- 0.000
2026-02-14 10:22:01 INFO    |  step: 6528000, ep_eval/episode_reward_dist: 0.000 +/- 0.000
2026-02-14 10:22:01 INFO    |  step: 6528000, ep_eval/episode_reward_near: 0.000 +/- 0.000
2026-02-14 10:22:01 INFO    |  step: 6528000, ep_eval/episode_reward_survive: 0.000 +/- 0.000
2026-02-14 10:22:01 INFO    |  step: 6528000, ep_eval/episode_success_hard: 0.000 +/- 0.000
2026-02-14 10:22:01 INFO    |  step: 6528000, training/actor_loss: 0.000 +/- 0.000
2026-02-14 10:22:01 INFO    |  step: 6528000, training/log_alpha: 0.000 +/- 0.000
2026-02-14 10:22:01 INFO    |  step: 6528000, training/alpha_loss: 0.000 +/- 0.000
2026-02-14 10:22:01 INFO    |  step: 6528000, training/critic_loss: 0.000 +/- 0.000
2026-02-14 10:22:01 INFO    |  step: 6528000, training/entropy: 0.000 +/- 0.000
2026-02-14 10:23:55 INFO    |  Visualization: collected_transitions shape: (2000, 256, 31), num_envs: 256
2026-02-14 10:23:55 INFO    |  Visualization: Raw collected_transitions has 256 unique trajectory IDs out of 512000 total transitions
2026-02-14 10:23:55 INFO    |  Visualization: collected_transitions shape: (2000, 256, 31), num_envs: 256
2026-02-14 10:23:55 INFO    |  Visualization: Raw collected_transitions has 256 unique trajectory IDs out of 512000 total transitions
2026-02-14 10:23:56 INFO    |  Visualization: processed_transitions shape: (1999, 256, 31)
2026-02-14 10:23:56 INFO    |  Visualization: processed_transitions shape: (1999, 256, 31)
2026-02-14 10:23:56 INFO    |  Visualization: Found 256 unique trajectory IDs out of 511744 total transitions
2026-02-14 10:23:56 INFO    |  Transition shapes: obs=(1999, 256, 31), traj_ids=(1999, 256), traj_ids_flat=(511744,)
2026-02-14 10:23:57 INFO    |  Visualization: Found 256 unique trajectory IDs out of 511744 total transitions
2026-02-14 10:23:57 INFO    |  Transition shapes: obs=(1999, 256, 31), traj_ids=(1999, 256), traj_ids_flat=(511744,)
2026-02-14 10:23:58 INFO    |  Plotted visualizations at env step 5632000.0
2026-02-14 10:23:59 INFO    |  Plotted visualizations at env step 5632000.0
2026-02-14 10:24:18 INFO    |  Visualization: collected_transitions shape: (1500, 256, 31), num_envs: 256
2026-02-14 10:24:18 INFO    |  Visualization: Raw collected_transitions has 256 unique trajectory IDs out of 384000 total transitions
2026-02-14 10:24:19 INFO    |  Visualization: processed_transitions shape: (1499, 256, 31)
2026-02-14 10:24:19 INFO    |  Visualization: Found 256 unique trajectory IDs out of 383744 total transitions
2026-02-14 10:24:19 INFO    |  Transition shapes: obs=(1499, 256, 31), traj_ids=(1499, 256), traj_ids_flat=(383744,)
2026-02-14 10:24:22 INFO    |  Plotted visualizations at env step 7296000.0
2026-02-14 10:24:37 INFO    |  step: 5632000
2026-02-14 10:24:37 INFO    |  step: 5632000, training/sps: 4090.221 +/- 0.000
2026-02-14 10:24:37 INFO    |  step: 5632000, training/ep_actor_loss: 0.003 +/- 0.000
2026-02-14 10:24:37 INFO    |  step: 5632000, training/ep_alpha_loss: -0.000 +/- 0.000
2026-02-14 10:24:37 INFO    |  step: 5632000, training/ep_categorical_accuracy: 0.004 +/- 0.000
2026-02-14 10:24:37 INFO    |  step: 5632000, training/ep_critic_loss: 8.619 +/- 0.000
2026-02-14 10:24:37 INFO    |  step: 5632000, training/ep_entropy: -4.000 +/- 0.000
2026-02-14 10:24:37 INFO    |  step: 5632000, training/ep_log_alpha: -8.330 +/- 0.000
2026-02-14 10:24:37 INFO    |  step: 5632000, training/ep_logits_neg: -0.001 +/- 0.000
2026-02-14 10:24:37 INFO    |  step: 5632000, training/ep_logits_pos: -0.001 +/- 0.000
2026-02-14 10:24:37 INFO    |  step: 5632000, training/ep_logsumexp: 5.544 +/- 0.000
2026-02-14 10:24:37 INFO    |  step: 5632000, training/gcp_actor_loss: 2.664 +/- 0.000
2026-02-14 10:24:37 INFO    |  step: 5632000, training/gcp_alpha_loss: 0.000 +/- 0.000
2026-02-14 10:24:37 INFO    |  step: 5632000, training/gcp_categorical_accuracy: 0.481 +/- 0.000
2026-02-14 10:24:37 INFO    |  step: 5632000, training/gcp_critic_loss: 2.156 +/- 0.000
2026-02-14 10:24:37 INFO    |  step: 5632000, training/gcp_entropy: -3.998 +/- 0.000
2026-02-14 10:24:37 INFO    |  step: 5632000, training/gcp_log_alpha: -2.641 +/- 0.000
2026-02-14 10:24:37 INFO    |  step: 5632000, training/gcp_logits_neg: -9.261 +/- 0.000
2026-02-14 10:24:37 INFO    |  step: 5632000, training/gcp_logits_pos: -2.697 +/- 0.000
2026-02-14 10:24:37 INFO    |  step: 5632000, training/gcp_logsumexp: -0.606 +/- 0.000
2026-02-14 10:24:37 INFO    |  step: 5632000, eval/episode_reward: 0.000 +/- 0.000
2026-02-14 10:24:37 INFO    |  step: 5632000, eval/episode_success: 0.000 +/- 0.000
2026-02-14 10:24:37 INFO    |  step: 5632000, eval/episode_success_easy: 0.000 +/- 0.000
2026-02-14 10:24:37 INFO    |  step: 5632000, eval/episode_dist: 32635.844 +/- 0.000
2026-02-14 10:24:37 INFO    |  step: 5632000, eval/episode_success_any: 0.000 +/- 0.000
2026-02-14 10:24:37 INFO    |  step: 5632000, ep_eval/episode_reward: 0.000 +/- 0.000
2026-02-14 10:24:37 INFO    |  step: 5632000, ep_eval/episode_success: 0.000 +/- 0.000
2026-02-14 10:24:37 INFO    |  step: 5632000, ep_eval/episode_success_easy: 0.000 +/- 0.000
2026-02-14 10:24:37 INFO    |  step: 5632000, ep_eval/episode_dist: 34269.992 +/- 0.000
2026-02-14 10:24:37 INFO    |  step: 5632000, ep_eval/episode_success_any: 0.000 +/- 0.000
2026-02-14 10:24:37 INFO    |  step: 5632000, eval/episode_reward_ctrl: 0.000 +/- 0.000
2026-02-14 10:24:37 INFO    |  step: 5632000, eval/episode_reward_dist: 0.000 +/- 0.000
2026-02-14 10:24:37 INFO    |  step: 5632000, eval/episode_reward_near: 0.000 +/- 0.000
2026-02-14 10:24:37 INFO    |  step: 5632000, eval/episode_reward_survive: 0.000 +/- 0.000
2026-02-14 10:24:37 INFO    |  step: 5632000, eval/episode_success_hard: 0.000 +/- 0.000
2026-02-14 10:24:37 INFO    |  step: 5632000, ep_eval/episode_reward_ctrl: 0.000 +/- 0.000
2026-02-14 10:24:37 INFO    |  step: 5632000, ep_eval/episode_reward_dist: 0.000 +/- 0.000
2026-02-14 10:24:37 INFO    |  step: 5632000, ep_eval/episode_reward_near: 0.000 +/- 0.000
2026-02-14 10:24:37 INFO    |  step: 5632000, ep_eval/episode_reward_survive: 0.000 +/- 0.000
2026-02-14 10:24:37 INFO    |  step: 5632000, ep_eval/episode_success_hard: 0.000 +/- 0.000
2026-02-14 10:24:37 INFO    |  step: 5632000, training/actor_loss: 0.000 +/- 0.000
2026-02-14 10:24:37 INFO    |  step: 5632000, training/log_alpha: 0.000 +/- 0.000
2026-02-14 10:24:37 INFO    |  step: 5632000, training/alpha_loss: 0.000 +/- 0.000
2026-02-14 10:24:37 INFO    |  step: 5632000, training/critic_loss: 0.000 +/- 0.000
2026-02-14 10:24:37 INFO    |  step: 5632000, training/entropy: 0.000 +/- 0.000
2026-02-14 10:24:37 INFO    |  step: 5632000
2026-02-14 10:24:37 INFO    |  step: 5632000, training/sps: 4099.178 +/- 0.000
2026-02-14 10:24:37 INFO    |  step: 5632000, training/ep_actor_loss: 0.003 +/- 0.000
2026-02-14 10:24:37 INFO    |  step: 5632000, training/ep_alpha_loss: -0.000 +/- 0.000
2026-02-14 10:24:37 INFO    |  step: 5632000, training/ep_categorical_accuracy: 0.004 +/- 0.000
2026-02-14 10:24:37 INFO    |  step: 5632000, training/ep_critic_loss: 8.619 +/- 0.000
2026-02-14 10:24:37 INFO    |  step: 5632000, training/ep_entropy: -4.000 +/- 0.000
2026-02-14 10:24:37 INFO    |  step: 5632000, training/ep_log_alpha: -8.330 +/- 0.000
2026-02-14 10:24:37 INFO    |  step: 5632000, training/ep_logits_neg: -0.001 +/- 0.000
2026-02-14 10:24:37 INFO    |  step: 5632000, training/ep_logits_pos: -0.001 +/- 0.000
2026-02-14 10:24:37 INFO    |  step: 5632000, training/ep_logsumexp: 5.544 +/- 0.000
2026-02-14 10:24:37 INFO    |  step: 5632000, training/gcp_actor_loss: 3.308 +/- 0.000
2026-02-14 10:24:37 INFO    |  step: 5632000, training/gcp_alpha_loss: 0.000 +/- 0.000
2026-02-14 10:24:37 INFO    |  step: 5632000, training/gcp_categorical_accuracy: 0.492 +/- 0.000
2026-02-14 10:24:37 INFO    |  step: 5632000, training/gcp_critic_loss: 2.139 +/- 0.000
2026-02-14 10:24:37 INFO    |  step: 5632000, training/gcp_entropy: -3.999 +/- 0.000
2026-02-14 10:24:37 INFO    |  step: 5632000, training/gcp_log_alpha: -1.957 +/- 0.000
2026-02-14 10:24:37 INFO    |  step: 5632000, training/gcp_logits_neg: -9.310 +/- 0.000
2026-02-14 10:24:37 INFO    |  step: 5632000, training/gcp_logits_pos: -2.717 +/- 0.000
2026-02-14 10:24:37 INFO    |  step: 5632000, training/gcp_logsumexp: -0.649 +/- 0.000
2026-02-14 10:24:37 INFO    |  step: 5632000, eval/episode_reward: 0.000 +/- 0.000
2026-02-14 10:24:37 INFO    |  step: 5632000, eval/episode_success: 0.000 +/- 0.000
2026-02-14 10:24:37 INFO    |  step: 5632000, eval/episode_success_easy: 0.000 +/- 0.000
2026-02-14 10:24:37 INFO    |  step: 5632000, eval/episode_dist: 33136.020 +/- 0.000
2026-02-14 10:24:37 INFO    |  step: 5632000, eval/episode_success_any: 0.000 +/- 0.000
2026-02-14 10:24:37 INFO    |  step: 5632000, ep_eval/episode_reward: 0.000 +/- 0.000
2026-02-14 10:24:37 INFO    |  step: 5632000, ep_eval/episode_success: 0.000 +/- 0.000
2026-02-14 10:24:37 INFO    |  step: 5632000, ep_eval/episode_success_easy: 0.000 +/- 0.000
2026-02-14 10:24:37 INFO    |  step: 5632000, ep_eval/episode_dist: 34269.539 +/- 0.000
2026-02-14 10:24:37 INFO    |  step: 5632000, ep_eval/episode_success_any: 0.000 +/- 0.000
2026-02-14 10:24:37 INFO    |  step: 5632000, eval/episode_reward_ctrl: 0.000 +/- 0.000
2026-02-14 10:24:37 INFO    |  step: 5632000, eval/episode_reward_dist: 0.000 +/- 0.000
2026-02-14 10:24:37 INFO    |  step: 5632000, eval/episode_reward_near: 0.000 +/- 0.000
2026-02-14 10:24:37 INFO    |  step: 5632000, eval/episode_reward_survive: 0.000 +/- 0.000
2026-02-14 10:24:37 INFO    |  step: 5632000, eval/episode_success_hard: 0.000 +/- 0.000
2026-02-14 10:24:37 INFO    |  step: 5632000, ep_eval/episode_reward_ctrl: 0.000 +/- 0.000
2026-02-14 10:24:37 INFO    |  step: 5632000, ep_eval/episode_reward_dist: 0.000 +/- 0.000
2026-02-14 10:24:37 INFO    |  step: 5632000, ep_eval/episode_reward_near: 0.000 +/- 0.000
2026-02-14 10:24:37 INFO    |  step: 5632000, ep_eval/episode_reward_survive: 0.000 +/- 0.000
2026-02-14 10:24:37 INFO    |  step: 5632000, ep_eval/episode_success_hard: 0.000 +/- 0.000
2026-02-14 10:24:37 INFO    |  step: 5632000, training/actor_loss: 0.000 +/- 0.000
2026-02-14 10:24:37 INFO    |  step: 5632000, training/log_alpha: 0.000 +/- 0.000
2026-02-14 10:24:37 INFO    |  step: 5632000, training/alpha_loss: 0.000 +/- 0.000
2026-02-14 10:24:37 INFO    |  step: 5632000, training/critic_loss: 0.000 +/- 0.000
2026-02-14 10:24:37 INFO    |  step: 5632000, training/entropy: 0.000 +/- 0.000
2026-02-14 10:24:43 INFO    |  step: 7296000
2026-02-14 10:24:43 INFO    |  step: 7296000, training/sps: 5458.668 +/- 0.000
2026-02-14 10:24:43 INFO    |  step: 7296000, training/ep_actor_loss: 0.003 +/- 0.000
2026-02-14 10:24:43 INFO    |  step: 7296000, training/ep_alpha_loss: 0.000 +/- 0.000
2026-02-14 10:24:43 INFO    |  step: 7296000, training/ep_categorical_accuracy: 0.004 +/- 0.000
2026-02-14 10:24:43 INFO    |  step: 7296000, training/ep_critic_loss: 8.619 +/- 0.000
2026-02-14 10:24:43 INFO    |  step: 7296000, training/ep_entropy: -4.000 +/- 0.000
2026-02-14 10:24:43 INFO    |  step: 7296000, training/ep_log_alpha: -8.330 +/- 0.000
2026-02-14 10:24:43 INFO    |  step: 7296000, training/ep_logits_neg: -0.001 +/- 0.000
2026-02-14 10:24:43 INFO    |  step: 7296000, training/ep_logits_pos: -0.001 +/- 0.000
2026-02-14 10:24:43 INFO    |  step: 7296000, training/ep_logsumexp: 5.544 +/- 0.000
2026-02-14 10:24:43 INFO    |  step: 7296000, training/gcp_actor_loss: 3.075 +/- 0.000
2026-02-14 10:24:43 INFO    |  step: 7296000, training/gcp_alpha_loss: 0.000 +/- 0.000
2026-02-14 10:24:43 INFO    |  step: 7296000, training/gcp_categorical_accuracy: 0.496 +/- 0.000
2026-02-14 10:24:43 INFO    |  step: 7296000, training/gcp_critic_loss: 2.173 +/- 0.000
2026-02-14 10:24:43 INFO    |  step: 7296000, training/gcp_entropy: -3.998 +/- 0.000
2026-02-14 10:24:43 INFO    |  step: 7296000, training/gcp_log_alpha: -2.492 +/- 0.000
2026-02-14 10:24:43 INFO    |  step: 7296000, training/gcp_logits_neg: -9.237 +/- 0.000
2026-02-14 10:24:43 INFO    |  step: 7296000, training/gcp_logits_pos: -2.845 +/- 0.000
2026-02-14 10:24:43 INFO    |  step: 7296000, training/gcp_logsumexp: -0.754 +/- 0.000
2026-02-14 10:24:43 INFO    |  step: 7296000, eval/episode_reward: 0.000 +/- 0.000
2026-02-14 10:24:43 INFO    |  step: 7296000, eval/episode_success: 0.000 +/- 0.000
2026-02-14 10:24:43 INFO    |  step: 7296000, eval/episode_success_easy: 0.000 +/- 0.000
2026-02-14 10:24:43 INFO    |  step: 7296000, eval/episode_dist: 12370.970 +/- 0.000
2026-02-14 10:24:43 INFO    |  step: 7296000, eval/episode_success_any: 0.000 +/- 0.000
2026-02-14 10:24:43 INFO    |  step: 7296000, ep_eval/episode_reward: 0.000 +/- 0.000
2026-02-14 10:24:43 INFO    |  step: 7296000, ep_eval/episode_success: 0.000 +/- 0.000
2026-02-14 10:24:43 INFO    |  step: 7296000, ep_eval/episode_success_easy: 0.000 +/- 0.000
2026-02-14 10:24:43 INFO    |  step: 7296000, ep_eval/episode_dist: 12651.371 +/- 0.000
2026-02-14 10:24:43 INFO    |  step: 7296000, ep_eval/episode_success_any: 0.000 +/- 0.000
2026-02-14 10:24:43 INFO    |  step: 7296000, eval/episode_reward_ctrl: 0.000 +/- 0.000
2026-02-14 10:24:43 INFO    |  step: 7296000, eval/episode_reward_dist: 0.000 +/- 0.000
2026-02-14 10:24:43 INFO    |  step: 7296000, eval/episode_reward_near: 0.000 +/- 0.000
2026-02-14 10:24:43 INFO    |  step: 7296000, eval/episode_reward_survive: 0.000 +/- 0.000
2026-02-14 10:24:43 INFO    |  step: 7296000, eval/episode_success_hard: 0.000 +/- 0.000
2026-02-14 10:24:43 INFO    |  step: 7296000, ep_eval/episode_reward_ctrl: 0.000 +/- 0.000
2026-02-14 10:24:43 INFO    |  step: 7296000, ep_eval/episode_reward_dist: 0.000 +/- 0.000
2026-02-14 10:24:43 INFO    |  step: 7296000, ep_eval/episode_reward_near: 0.000 +/- 0.000
2026-02-14 10:24:43 INFO    |  step: 7296000, ep_eval/episode_reward_survive: 0.000 +/- 0.000
2026-02-14 10:24:43 INFO    |  step: 7296000, ep_eval/episode_success_hard: 0.000 +/- 0.000
2026-02-14 10:24:43 INFO    |  step: 7296000, training/actor_loss: 0.000 +/- 0.000
2026-02-14 10:24:43 INFO    |  step: 7296000, training/log_alpha: 0.000 +/- 0.000
2026-02-14 10:24:43 INFO    |  step: 7296000, training/alpha_loss: 0.000 +/- 0.000
2026-02-14 10:24:43 INFO    |  step: 7296000, training/critic_loss: 0.000 +/- 0.000
2026-02-14 10:24:43 INFO    |  step: 7296000, training/entropy: 0.000 +/- 0.000
2026-02-14 10:27:00 INFO    |  Visualization: collected_transitions shape: (1500, 256, 31), num_envs: 256
2026-02-14 10:27:00 INFO    |  Visualization: Raw collected_transitions has 256 unique trajectory IDs out of 384000 total transitions
2026-02-14 10:27:01 INFO    |  Visualization: processed_transitions shape: (1499, 256, 31)
2026-02-14 10:27:01 INFO    |  Visualization: Found 256 unique trajectory IDs out of 383744 total transitions
2026-02-14 10:27:01 INFO    |  Transition shapes: obs=(1499, 256, 31), traj_ids=(1499, 256), traj_ids_flat=(383744,)
2026-02-14 10:27:03 INFO    |  Plotted visualizations at env step 8064000.0
2026-02-14 10:27:24 INFO    |  step: 8064000
2026-02-14 10:27:24 INFO    |  step: 8064000, training/sps: 5463.367 +/- 0.000
2026-02-14 10:27:24 INFO    |  step: 8064000, training/ep_actor_loss: 0.003 +/- 0.000
2026-02-14 10:27:24 INFO    |  step: 8064000, training/ep_alpha_loss: -0.000 +/- 0.000
2026-02-14 10:27:24 INFO    |  step: 8064000, training/ep_categorical_accuracy: 0.004 +/- 0.000
2026-02-14 10:27:24 INFO    |  step: 8064000, training/ep_critic_loss: 8.619 +/- 0.000
2026-02-14 10:27:24 INFO    |  step: 8064000, training/ep_entropy: -4.000 +/- 0.000
2026-02-14 10:27:24 INFO    |  step: 8064000, training/ep_log_alpha: -8.330 +/- 0.000
2026-02-14 10:27:24 INFO    |  step: 8064000, training/ep_logits_neg: -0.001 +/- 0.000
2026-02-14 10:27:24 INFO    |  step: 8064000, training/ep_logits_pos: -0.001 +/- 0.000
2026-02-14 10:27:24 INFO    |  step: 8064000, training/ep_logsumexp: 5.544 +/- 0.000
2026-02-14 10:27:24 INFO    |  step: 8064000, training/gcp_actor_loss: 2.959 +/- 0.000
2026-02-14 10:27:24 INFO    |  step: 8064000, training/gcp_alpha_loss: 0.000 +/- 0.000
2026-02-14 10:27:24 INFO    |  step: 8064000, training/gcp_categorical_accuracy: 0.502 +/- 0.000
2026-02-14 10:27:24 INFO    |  step: 8064000, training/gcp_critic_loss: 2.155 +/- 0.000
2026-02-14 10:27:24 INFO    |  step: 8064000, training/gcp_entropy: -3.999 +/- 0.000
2026-02-14 10:27:24 INFO    |  step: 8064000, training/gcp_log_alpha: -2.659 +/- 0.000
2026-02-14 10:27:24 INFO    |  step: 8064000, training/gcp_logits_neg: -9.359 +/- 0.000
2026-02-14 10:27:24 INFO    |  step: 8064000, training/gcp_logits_pos: -2.831 +/- 0.000
2026-02-14 10:27:24 INFO    |  step: 8064000, training/gcp_logsumexp: -0.760 +/- 0.000
2026-02-14 10:27:24 INFO    |  step: 8064000, eval/episode_reward: 0.000 +/- 0.000
2026-02-14 10:27:24 INFO    |  step: 8064000, eval/episode_success: 0.000 +/- 0.000
2026-02-14 10:27:24 INFO    |  step: 8064000, eval/episode_success_easy: 0.000 +/- 0.000
2026-02-14 10:27:24 INFO    |  step: 8064000, eval/episode_dist: 12309.100 +/- 0.000
2026-02-14 10:27:24 INFO    |  step: 8064000, eval/episode_success_any: 0.000 +/- 0.000
2026-02-14 10:27:24 INFO    |  step: 8064000, ep_eval/episode_reward: 0.000 +/- 0.000
2026-02-14 10:27:24 INFO    |  step: 8064000, ep_eval/episode_success: 0.000 +/- 0.000
2026-02-14 10:27:24 INFO    |  step: 8064000, ep_eval/episode_success_easy: 0.000 +/- 0.000
2026-02-14 10:27:24 INFO    |  step: 8064000, ep_eval/episode_dist: 12211.150 +/- 0.000
2026-02-14 10:27:24 INFO    |  step: 8064000, ep_eval/episode_success_any: 0.000 +/- 0.000
2026-02-14 10:27:24 INFO    |  step: 8064000, eval/episode_reward_ctrl: 0.000 +/- 0.000
2026-02-14 10:27:24 INFO    |  step: 8064000, eval/episode_reward_dist: 0.000 +/- 0.000
2026-02-14 10:27:24 INFO    |  step: 8064000, eval/episode_reward_near: 0.000 +/- 0.000
2026-02-14 10:27:24 INFO    |  step: 8064000, eval/episode_reward_survive: 0.000 +/- 0.000
2026-02-14 10:27:24 INFO    |  step: 8064000, eval/episode_success_hard: 0.000 +/- 0.000
2026-02-14 10:27:24 INFO    |  step: 8064000, ep_eval/episode_reward_ctrl: 0.000 +/- 0.000
2026-02-14 10:27:24 INFO    |  step: 8064000, ep_eval/episode_reward_dist: 0.000 +/- 0.000
2026-02-14 10:27:24 INFO    |  step: 8064000, ep_eval/episode_reward_near: 0.000 +/- 0.000
2026-02-14 10:27:24 INFO    |  step: 8064000, ep_eval/episode_reward_survive: 0.000 +/- 0.000
2026-02-14 10:27:24 INFO    |  step: 8064000, ep_eval/episode_success_hard: 0.000 +/- 0.000
2026-02-14 10:27:24 INFO    |  step: 8064000, training/actor_loss: 0.000 +/- 0.000
2026-02-14 10:27:24 INFO    |  step: 8064000, training/log_alpha: 0.000 +/- 0.000
2026-02-14 10:27:24 INFO    |  step: 8064000, training/alpha_loss: 0.000 +/- 0.000
2026-02-14 10:27:24 INFO    |  step: 8064000, training/critic_loss: 0.000 +/- 0.000
2026-02-14 10:27:24 INFO    |  step: 8064000, training/entropy: 0.000 +/- 0.000
2026-02-14 10:28:44 INFO    |  Visualization: collected_transitions shape: (2000, 256, 31), num_envs: 256
2026-02-14 10:28:44 INFO    |  Visualization: Raw collected_transitions has 256 unique trajectory IDs out of 512000 total transitions
2026-02-14 10:28:44 INFO    |  Visualization: processed_transitions shape: (1999, 256, 31)
2026-02-14 10:28:44 INFO    |  Visualization: collected_transitions shape: (2000, 256, 31), num_envs: 256
2026-02-14 10:28:44 INFO    |  Visualization: Raw collected_transitions has 256 unique trajectory IDs out of 512000 total transitions
2026-02-14 10:28:45 INFO    |  Visualization: Found 256 unique trajectory IDs out of 511744 total transitions
2026-02-14 10:28:45 INFO    |  Transition shapes: obs=(1999, 256, 31), traj_ids=(1999, 256), traj_ids_flat=(511744,)
2026-02-14 10:28:45 INFO    |  Visualization: processed_transitions shape: (1999, 256, 31)
2026-02-14 10:28:46 INFO    |  Visualization: Found 256 unique trajectory IDs out of 511744 total transitions
2026-02-14 10:28:46 INFO    |  Transition shapes: obs=(1999, 256, 31), traj_ids=(1999, 256), traj_ids_flat=(511744,)
2026-02-14 10:28:47 INFO    |  Plotted visualizations at env step 6656000.0
2026-02-14 10:28:48 INFO    |  Plotted visualizations at env step 6656000.0
2026-02-14 10:29:25 INFO    |  step: 6656000
2026-02-14 10:29:26 INFO    |  step: 6656000
2026-02-14 10:29:27 INFO    |  actor input shape: (1, 31)
2026-02-14 10:29:28 INFO    |  actor input shape: (1, 31)
2026-02-14 10:29:41 INFO    |  Visualization: collected_transitions shape: (1500, 256, 31), num_envs: 256
2026-02-14 10:29:42 INFO    |  Visualization: Raw collected_transitions has 256 unique trajectory IDs out of 384000 total transitions
2026-02-14 10:29:42 INFO    |  Visualization: processed_transitions shape: (1499, 256, 31)
2026-02-14 10:29:43 INFO    |  Visualization: Found 256 unique trajectory IDs out of 383744 total transitions
2026-02-14 10:29:43 INFO    |  Transition shapes: obs=(1499, 256, 31), traj_ids=(1499, 256), traj_ids_flat=(383744,)
2026-02-14 10:29:45 INFO    |  Plotted visualizations at env step 8832000.0
2026-02-14 10:29:59 INFO    |  step: 6656000, training/sps: 4097.881 +/- 0.000
2026-02-14 10:29:59 INFO    |  step: 6656000, training/ep_actor_loss: 0.003 +/- 0.000
2026-02-14 10:29:59 INFO    |  step: 6656000, training/ep_alpha_loss: 0.000 +/- 0.000
2026-02-14 10:29:59 INFO    |  step: 6656000, training/ep_categorical_accuracy: 0.004 +/- 0.000
2026-02-14 10:29:59 INFO    |  step: 6656000, training/ep_critic_loss: 8.619 +/- 0.000
2026-02-14 10:29:59 INFO    |  step: 6656000, training/ep_entropy: -4.000 +/- 0.000
2026-02-14 10:29:59 INFO    |  step: 6656000, training/ep_log_alpha: -8.330 +/- 0.000
2026-02-14 10:29:59 INFO    |  step: 6656000, training/ep_logits_neg: -0.001 +/- 0.000
2026-02-14 10:29:59 INFO    |  step: 6656000, training/ep_logits_pos: -0.001 +/- 0.000
2026-02-14 10:29:59 INFO    |  step: 6656000, training/ep_logsumexp: 5.544 +/- 0.000
2026-02-14 10:29:59 INFO    |  step: 6656000, training/gcp_actor_loss: 3.471 +/- 0.000
2026-02-14 10:29:59 INFO    |  step: 6656000, training/gcp_alpha_loss: -0.000 +/- 0.000
2026-02-14 10:29:59 INFO    |  step: 6656000, training/gcp_categorical_accuracy: 0.531 +/- 0.000
2026-02-14 10:29:59 INFO    |  step: 6656000, training/gcp_critic_loss: 1.992 +/- 0.000
2026-02-14 10:29:59 INFO    |  step: 6656000, training/gcp_entropy: -4.000 +/- 0.000
2026-02-14 10:29:59 INFO    |  step: 6656000, training/gcp_log_alpha: -1.944 +/- 0.000
2026-02-14 10:29:59 INFO    |  step: 6656000, training/gcp_logits_neg: -9.582 +/- 0.000
2026-02-14 10:29:59 INFO    |  step: 6656000, training/gcp_logits_pos: -2.683 +/- 0.000
2026-02-14 10:29:59 INFO    |  step: 6656000, training/gcp_logsumexp: -0.781 +/- 0.000
2026-02-14 10:29:59 INFO    |  step: 6656000, eval/episode_reward: 0.000 +/- 0.000
2026-02-14 10:29:59 INFO    |  step: 6656000, eval/episode_success: 0.000 +/- 0.000
2026-02-14 10:29:59 INFO    |  step: 6656000, eval/episode_success_easy: 0.000 +/- 0.000
2026-02-14 10:29:59 INFO    |  step: 6656000, eval/episode_dist: 33412.195 +/- 0.000
2026-02-14 10:29:59 INFO    |  step: 6656000, eval/episode_success_any: 0.000 +/- 0.000
2026-02-14 10:29:59 INFO    |  step: 6656000, ep_eval/episode_reward: 0.000 +/- 0.000
2026-02-14 10:29:59 INFO    |  step: 6656000, ep_eval/episode_success: 0.000 +/- 0.000
2026-02-14 10:29:59 INFO    |  step: 6656000, ep_eval/episode_success_easy: 0.000 +/- 0.000
2026-02-14 10:29:59 INFO    |  step: 6656000, ep_eval/episode_dist: 33126.367 +/- 0.000
2026-02-14 10:29:59 INFO    |  step: 6656000, ep_eval/episode_success_any: 0.000 +/- 0.000
2026-02-14 10:29:59 INFO    |  step: 6656000, eval/episode_reward_ctrl: 0.000 +/- 0.000
2026-02-14 10:29:59 INFO    |  step: 6656000, eval/episode_reward_dist: 0.000 +/- 0.000
2026-02-14 10:29:59 INFO    |  step: 6656000, eval/episode_reward_near: 0.000 +/- 0.000
2026-02-14 10:29:59 INFO    |  step: 6656000, eval/episode_reward_survive: 0.000 +/- 0.000
2026-02-14 10:29:59 INFO    |  step: 6656000, eval/episode_success_hard: 0.000 +/- 0.000
2026-02-14 10:29:59 INFO    |  step: 6656000, ep_eval/episode_reward_ctrl: 0.000 +/- 0.000
2026-02-14 10:29:59 INFO    |  step: 6656000, ep_eval/episode_reward_dist: 0.000 +/- 0.000
2026-02-14 10:29:59 INFO    |  step: 6656000, ep_eval/episode_reward_near: 0.000 +/- 0.000
2026-02-14 10:29:59 INFO    |  step: 6656000, ep_eval/episode_reward_survive: 0.000 +/- 0.000
2026-02-14 10:29:59 INFO    |  step: 6656000, ep_eval/episode_success_hard: 0.000 +/- 0.000
2026-02-14 10:29:59 INFO    |  step: 6656000, training/actor_loss: 0.000 +/- 0.000
2026-02-14 10:29:59 INFO    |  step: 6656000, training/log_alpha: 0.000 +/- 0.000
2026-02-14 10:29:59 INFO    |  step: 6656000, training/alpha_loss: 0.000 +/- 0.000
2026-02-14 10:29:59 INFO    |  step: 6656000, training/critic_loss: 0.000 +/- 0.000
2026-02-14 10:29:59 INFO    |  step: 6656000, training/entropy: 0.000 +/- 0.000
2026-02-14 10:30:00 INFO    |  step: 6656000, training/sps: 4082.345 +/- 0.000
2026-02-14 10:30:00 INFO    |  step: 6656000, training/ep_actor_loss: 0.003 +/- 0.000
2026-02-14 10:30:00 INFO    |  step: 6656000, training/ep_alpha_loss: 0.000 +/- 0.000
2026-02-14 10:30:00 INFO    |  step: 6656000, training/ep_categorical_accuracy: 0.004 +/- 0.000
2026-02-14 10:30:00 INFO    |  step: 6656000, training/ep_critic_loss: 8.619 +/- 0.000
2026-02-14 10:30:00 INFO    |  step: 6656000, training/ep_entropy: -4.000 +/- 0.000
2026-02-14 10:30:00 INFO    |  step: 6656000, training/ep_log_alpha: -8.330 +/- 0.000
2026-02-14 10:30:00 INFO    |  step: 6656000, training/ep_logits_neg: -0.001 +/- 0.000
2026-02-14 10:30:00 INFO    |  step: 6656000, training/ep_logits_pos: -0.001 +/- 0.000
2026-02-14 10:30:00 INFO    |  step: 6656000, training/ep_logsumexp: 5.544 +/- 0.000
2026-02-14 10:30:00 INFO    |  step: 6656000, training/gcp_actor_loss: 2.816 +/- 0.000
2026-02-14 10:30:00 INFO    |  step: 6656000, training/gcp_alpha_loss: 0.000 +/- 0.000
2026-02-14 10:30:00 INFO    |  step: 6656000, training/gcp_categorical_accuracy: 0.502 +/- 0.000
2026-02-14 10:30:00 INFO    |  step: 6656000, training/gcp_critic_loss: 2.114 +/- 0.000
2026-02-14 10:30:00 INFO    |  step: 6656000, training/gcp_entropy: -4.000 +/- 0.000
2026-02-14 10:30:00 INFO    |  step: 6656000, training/gcp_log_alpha: -2.662 +/- 0.000
2026-02-14 10:30:00 INFO    |  step: 6656000, training/gcp_logits_neg: -9.302 +/- 0.000
2026-02-14 10:30:00 INFO    |  step: 6656000, training/gcp_logits_pos: -2.745 +/- 0.000
2026-02-14 10:30:00 INFO    |  step: 6656000, training/gcp_logsumexp: -0.708 +/- 0.000
2026-02-14 10:30:00 INFO    |  step: 6656000, eval/episode_reward: 0.000 +/- 0.000
2026-02-14 10:30:00 INFO    |  step: 6656000, eval/episode_success: 0.000 +/- 0.000
2026-02-14 10:30:00 INFO    |  step: 6656000, eval/episode_success_easy: 0.000 +/- 0.000
2026-02-14 10:30:00 INFO    |  step: 6656000, eval/episode_dist: 33347.887 +/- 0.000
2026-02-14 10:30:00 INFO    |  step: 6656000, eval/episode_success_any: 0.000 +/- 0.000
2026-02-14 10:30:00 INFO    |  step: 6656000, ep_eval/episode_reward: 0.000 +/- 0.000
2026-02-14 10:30:00 INFO    |  step: 6656000, ep_eval/episode_success: 0.000 +/- 0.000
2026-02-14 10:30:00 INFO    |  step: 6656000, ep_eval/episode_success_easy: 0.000 +/- 0.000
2026-02-14 10:30:00 INFO    |  step: 6656000, ep_eval/episode_dist: 33126.449 +/- 0.000
2026-02-14 10:30:00 INFO    |  step: 6656000, ep_eval/episode_success_any: 0.000 +/- 0.000
2026-02-14 10:30:00 INFO    |  step: 6656000, eval/episode_reward_ctrl: 0.000 +/- 0.000
2026-02-14 10:30:00 INFO    |  step: 6656000, eval/episode_reward_dist: 0.000 +/- 0.000
2026-02-14 10:30:00 INFO    |  step: 6656000, eval/episode_reward_near: 0.000 +/- 0.000
2026-02-14 10:30:00 INFO    |  step: 6656000, eval/episode_reward_survive: 0.000 +/- 0.000
2026-02-14 10:30:00 INFO    |  step: 6656000, eval/episode_success_hard: 0.000 +/- 0.000
2026-02-14 10:30:00 INFO    |  step: 6656000, ep_eval/episode_reward_ctrl: 0.000 +/- 0.000
2026-02-14 10:30:00 INFO    |  step: 6656000, ep_eval/episode_reward_dist: 0.000 +/- 0.000
2026-02-14 10:30:00 INFO    |  step: 6656000, ep_eval/episode_reward_near: 0.000 +/- 0.000
2026-02-14 10:30:00 INFO    |  step: 6656000, ep_eval/episode_reward_survive: 0.000 +/- 0.000
2026-02-14 10:30:00 INFO    |  step: 6656000, ep_eval/episode_success_hard: 0.000 +/- 0.000
2026-02-14 10:30:00 INFO    |  step: 6656000, training/actor_loss: 0.000 +/- 0.000
2026-02-14 10:30:00 INFO    |  step: 6656000, training/log_alpha: 0.000 +/- 0.000
2026-02-14 10:30:00 INFO    |  step: 6656000, training/alpha_loss: 0.000 +/- 0.000
2026-02-14 10:30:00 INFO    |  step: 6656000, training/critic_loss: 0.000 +/- 0.000
2026-02-14 10:30:00 INFO    |  step: 6656000, training/entropy: 0.000 +/- 0.000
2026-02-14 10:30:06 INFO    |  step: 8832000
2026-02-14 10:30:08 INFO    |  actor input shape: (1, 31)
2026-02-14 10:30:40 INFO    |  step: 8832000, training/sps: 5462.055 +/- 0.000
2026-02-14 10:30:40 INFO    |  step: 8832000, training/ep_actor_loss: 0.003 +/- 0.000
2026-02-14 10:30:40 INFO    |  step: 8832000, training/ep_alpha_loss: -0.000 +/- 0.000
2026-02-14 10:30:40 INFO    |  step: 8832000, training/ep_categorical_accuracy: 0.004 +/- 0.000
2026-02-14 10:30:40 INFO    |  step: 8832000, training/ep_critic_loss: 8.619 +/- 0.000
2026-02-14 10:30:40 INFO    |  step: 8832000, training/ep_entropy: -4.000 +/- 0.000
2026-02-14 10:30:40 INFO    |  step: 8832000, training/ep_log_alpha: -8.330 +/- 0.000
2026-02-14 10:30:40 INFO    |  step: 8832000, training/ep_logits_neg: -0.001 +/- 0.000
2026-02-14 10:30:40 INFO    |  step: 8832000, training/ep_logits_pos: -0.001 +/- 0.000
2026-02-14 10:30:40 INFO    |  step: 8832000, training/ep_logsumexp: 5.544 +/- 0.000
2026-02-14 10:30:40 INFO    |  step: 8832000, training/gcp_actor_loss: 2.891 +/- 0.000
2026-02-14 10:30:40 INFO    |  step: 8832000, training/gcp_alpha_loss: -0.000 +/- 0.000
2026-02-14 10:30:40 INFO    |  step: 8832000, training/gcp_categorical_accuracy: 0.547 +/- 0.000
2026-02-14 10:30:40 INFO    |  step: 8832000, training/gcp_critic_loss: 1.962 +/- 0.000
2026-02-14 10:30:40 INFO    |  step: 8832000, training/gcp_entropy: -4.001 +/- 0.000
2026-02-14 10:30:40 INFO    |  step: 8832000, training/gcp_log_alpha: -2.570 +/- 0.000
2026-02-14 10:30:40 INFO    |  step: 8832000, training/gcp_logits_neg: -9.580 +/- 0.000
2026-02-14 10:30:40 INFO    |  step: 8832000, training/gcp_logits_pos: -2.670 +/- 0.000
2026-02-14 10:30:40 INFO    |  step: 8832000, training/gcp_logsumexp: -0.799 +/- 0.000
2026-02-14 10:30:40 INFO    |  step: 8832000, eval/episode_reward: 0.000 +/- 0.000
2026-02-14 10:30:40 INFO    |  step: 8832000, eval/episode_success: 0.000 +/- 0.000
2026-02-14 10:30:40 INFO    |  step: 8832000, eval/episode_success_easy: 0.000 +/- 0.000
2026-02-14 10:30:40 INFO    |  step: 8832000, eval/episode_dist: 12283.412 +/- 0.000
2026-02-14 10:30:40 INFO    |  step: 8832000, eval/episode_success_any: 0.000 +/- 0.000
2026-02-14 10:30:40 INFO    |  step: 8832000, ep_eval/episode_reward: 0.000 +/- 0.000
2026-02-14 10:30:40 INFO    |  step: 8832000, ep_eval/episode_success: 0.000 +/- 0.000
2026-02-14 10:30:40 INFO    |  step: 8832000, ep_eval/episode_success_easy: 0.000 +/- 0.000
2026-02-14 10:30:40 INFO    |  step: 8832000, ep_eval/episode_dist: 12489.653 +/- 0.000
2026-02-14 10:30:40 INFO    |  step: 8832000, ep_eval/episode_success_any: 0.000 +/- 0.000
2026-02-14 10:30:40 INFO    |  step: 8832000, eval/episode_reward_ctrl: 0.000 +/- 0.000
2026-02-14 10:30:40 INFO    |  step: 8832000, eval/episode_reward_dist: 0.000 +/- 0.000
2026-02-14 10:30:40 INFO    |  step: 8832000, eval/episode_reward_near: 0.000 +/- 0.000
2026-02-14 10:30:40 INFO    |  step: 8832000, eval/episode_reward_survive: 0.000 +/- 0.000
2026-02-14 10:30:40 INFO    |  step: 8832000, eval/episode_success_hard: 0.000 +/- 0.000
2026-02-14 10:30:40 INFO    |  step: 8832000, ep_eval/episode_reward_ctrl: 0.000 +/- 0.000
2026-02-14 10:30:40 INFO    |  step: 8832000, ep_eval/episode_reward_dist: 0.000 +/- 0.000
2026-02-14 10:30:40 INFO    |  step: 8832000, ep_eval/episode_reward_near: 0.000 +/- 0.000
2026-02-14 10:30:40 INFO    |  step: 8832000, ep_eval/episode_reward_survive: 0.000 +/- 0.000
2026-02-14 10:30:40 INFO    |  step: 8832000, ep_eval/episode_success_hard: 0.000 +/- 0.000
2026-02-14 10:30:40 INFO    |  step: 8832000, training/actor_loss: 0.000 +/- 0.000
2026-02-14 10:30:40 INFO    |  step: 8832000, training/log_alpha: 0.000 +/- 0.000
2026-02-14 10:30:40 INFO    |  step: 8832000, training/alpha_loss: 0.000 +/- 0.000
2026-02-14 10:30:40 INFO    |  step: 8832000, training/critic_loss: 0.000 +/- 0.000
2026-02-14 10:30:40 INFO    |  step: 8832000, training/entropy: 0.000 +/- 0.000
2026-02-14 10:32:56 INFO    |  Visualization: collected_transitions shape: (1500, 256, 31), num_envs: 256
2026-02-14 10:32:56 INFO    |  Visualization: Raw collected_transitions has 256 unique trajectory IDs out of 384000 total transitions
2026-02-14 10:32:57 INFO    |  Visualization: processed_transitions shape: (1499, 256, 31)
2026-02-14 10:32:57 INFO    |  Visualization: Found 256 unique trajectory IDs out of 383744 total transitions
2026-02-14 10:32:57 INFO    |  Transition shapes: obs=(1499, 256, 31), traj_ids=(1499, 256), traj_ids_flat=(383744,)
2026-02-14 10:32:59 INFO    |  Plotted visualizations at env step 9600000.0
2026-02-14 10:33:20 INFO    |  step: 9600000
2026-02-14 10:33:20 INFO    |  step: 9600000, training/sps: 5504.386 +/- 0.000
2026-02-14 10:33:20 INFO    |  step: 9600000, training/ep_actor_loss: 0.003 +/- 0.000
2026-02-14 10:33:20 INFO    |  step: 9600000, training/ep_alpha_loss: 0.000 +/- 0.000
2026-02-14 10:33:20 INFO    |  step: 9600000, training/ep_categorical_accuracy: 0.004 +/- 0.000
2026-02-14 10:33:20 INFO    |  step: 9600000, training/ep_critic_loss: 8.619 +/- 0.000
2026-02-14 10:33:20 INFO    |  step: 9600000, training/ep_entropy: -4.000 +/- 0.000
2026-02-14 10:33:20 INFO    |  step: 9600000, training/ep_log_alpha: -8.330 +/- 0.000
2026-02-14 10:33:20 INFO    |  step: 9600000, training/ep_logits_neg: -0.001 +/- 0.000
2026-02-14 10:33:20 INFO    |  step: 9600000, training/ep_logits_pos: -0.001 +/- 0.000
2026-02-14 10:33:20 INFO    |  step: 9600000, training/ep_logsumexp: 5.544 +/- 0.000
2026-02-14 10:33:20 INFO    |  step: 9600000, training/gcp_actor_loss: 2.882 +/- 0.000
2026-02-14 10:33:20 INFO    |  step: 9600000, training/gcp_alpha_loss: -0.000 +/- 0.000
2026-02-14 10:33:20 INFO    |  step: 9600000, training/gcp_categorical_accuracy: 0.592 +/- 0.000
2026-02-14 10:33:20 INFO    |  step: 9600000, training/gcp_critic_loss: 1.787 +/- 0.000
2026-02-14 10:33:20 INFO    |  step: 9600000, training/gcp_entropy: -4.002 +/- 0.000
2026-02-14 10:33:20 INFO    |  step: 9600000, training/gcp_log_alpha: -2.442 +/- 0.000
2026-02-14 10:33:20 INFO    |  step: 9600000, training/gcp_logits_neg: -9.774 +/- 0.000
2026-02-14 10:33:20 INFO    |  step: 9600000, training/gcp_logits_pos: -2.519 +/- 0.000
2026-02-14 10:33:20 INFO    |  step: 9600000, training/gcp_logsumexp: -0.832 +/- 0.000
2026-02-14 10:33:20 INFO    |  step: 9600000, eval/episode_reward: 0.000 +/- 0.000
2026-02-14 10:33:20 INFO    |  step: 9600000, eval/episode_success: 0.000 +/- 0.000
2026-02-14 10:33:20 INFO    |  step: 9600000, eval/episode_success_easy: 0.000 +/- 0.000
2026-02-14 10:33:20 INFO    |  step: 9600000, eval/episode_dist: 12055.570 +/- 0.000
2026-02-14 10:33:20 INFO    |  step: 9600000, eval/episode_success_any: 0.000 +/- 0.000
2026-02-14 10:33:20 INFO    |  step: 9600000, ep_eval/episode_reward: 0.000 +/- 0.000
2026-02-14 10:33:20 INFO    |  step: 9600000, ep_eval/episode_success: 0.000 +/- 0.000
2026-02-14 10:33:20 INFO    |  step: 9600000, ep_eval/episode_success_easy: 0.000 +/- 0.000
2026-02-14 10:33:20 INFO    |  step: 9600000, ep_eval/episode_dist: 12140.563 +/- 0.000
2026-02-14 10:33:20 INFO    |  step: 9600000, ep_eval/episode_success_any: 0.000 +/- 0.000
2026-02-14 10:33:20 INFO    |  step: 9600000, eval/episode_reward_ctrl: 0.000 +/- 0.000
2026-02-14 10:33:20 INFO    |  step: 9600000, eval/episode_reward_dist: 0.000 +/- 0.000
2026-02-14 10:33:20 INFO    |  step: 9600000, eval/episode_reward_near: 0.000 +/- 0.000
2026-02-14 10:33:20 INFO    |  step: 9600000, eval/episode_reward_survive: 0.000 +/- 0.000
2026-02-14 10:33:20 INFO    |  step: 9600000, eval/episode_success_hard: 0.000 +/- 0.000
2026-02-14 10:33:20 INFO    |  step: 9600000, ep_eval/episode_reward_ctrl: 0.000 +/- 0.000
2026-02-14 10:33:20 INFO    |  step: 9600000, ep_eval/episode_reward_dist: 0.000 +/- 0.000
2026-02-14 10:33:20 INFO    |  step: 9600000, ep_eval/episode_reward_near: 0.000 +/- 0.000
2026-02-14 10:33:20 INFO    |  step: 9600000, ep_eval/episode_reward_survive: 0.000 +/- 0.000
2026-02-14 10:33:20 INFO    |  step: 9600000, ep_eval/episode_success_hard: 0.000 +/- 0.000
2026-02-14 10:33:20 INFO    |  step: 9600000, training/actor_loss: 0.000 +/- 0.000
2026-02-14 10:33:20 INFO    |  step: 9600000, training/log_alpha: 0.000 +/- 0.000
2026-02-14 10:33:20 INFO    |  step: 9600000, training/alpha_loss: 0.000 +/- 0.000
2026-02-14 10:33:20 INFO    |  step: 9600000, training/critic_loss: 0.000 +/- 0.000
2026-02-14 10:33:20 INFO    |  step: 9600000, training/entropy: 0.000 +/- 0.000
2026-02-14 10:34:07 INFO    |  Visualization: collected_transitions shape: (2000, 256, 31), num_envs: 256
2026-02-14 10:34:07 INFO    |  Visualization: Raw collected_transitions has 256 unique trajectory IDs out of 512000 total transitions
2026-02-14 10:34:07 INFO    |  Visualization: processed_transitions shape: (1999, 256, 31)
2026-02-14 10:34:08 INFO    |  Visualization: Found 256 unique trajectory IDs out of 511744 total transitions
2026-02-14 10:34:08 INFO    |  Transition shapes: obs=(1999, 256, 31), traj_ids=(1999, 256), traj_ids_flat=(511744,)
2026-02-14 10:34:08 INFO    |  Visualization: collected_transitions shape: (2000, 256, 31), num_envs: 256
2026-02-14 10:34:08 INFO    |  Visualization: Raw collected_transitions has 256 unique trajectory IDs out of 512000 total transitions
2026-02-14 10:34:09 INFO    |  Visualization: processed_transitions shape: (1999, 256, 31)
2026-02-14 10:34:10 INFO    |  Visualization: Found 256 unique trajectory IDs out of 511744 total transitions
2026-02-14 10:34:10 INFO    |  Transition shapes: obs=(1999, 256, 31), traj_ids=(1999, 256), traj_ids_flat=(511744,)
2026-02-14 10:34:10 INFO    |  Plotted visualizations at env step 7680000.0
2026-02-14 10:34:12 INFO    |  Plotted visualizations at env step 7680000.0
2026-02-14 10:34:48 INFO    |  step: 7680000
2026-02-14 10:34:48 INFO    |  step: 7680000, training/sps: 4085.573 +/- 0.000
2026-02-14 10:34:48 INFO    |  step: 7680000, training/ep_actor_loss: 0.003 +/- 0.000
2026-02-14 10:34:48 INFO    |  step: 7680000, training/ep_alpha_loss: 0.000 +/- 0.000
2026-02-14 10:34:48 INFO    |  step: 7680000, training/ep_categorical_accuracy: 0.004 +/- 0.000
2026-02-14 10:34:48 INFO    |  step: 7680000, training/ep_critic_loss: 8.619 +/- 0.000
2026-02-14 10:34:48 INFO    |  step: 7680000, training/ep_entropy: -4.000 +/- 0.000
2026-02-14 10:34:48 INFO    |  step: 7680000, training/ep_log_alpha: -8.330 +/- 0.000
2026-02-14 10:34:48 INFO    |  step: 7680000, training/ep_logits_neg: -0.001 +/- 0.000
2026-02-14 10:34:48 INFO    |  step: 7680000, training/ep_logits_pos: -0.001 +/- 0.000
2026-02-14 10:34:48 INFO    |  step: 7680000, training/ep_logsumexp: 5.544 +/- 0.000
2026-02-14 10:34:48 INFO    |  step: 7680000, training/gcp_actor_loss: 3.392 +/- 0.000
2026-02-14 10:34:48 INFO    |  step: 7680000, training/gcp_alpha_loss: 0.000 +/- 0.000
2026-02-14 10:34:48 INFO    |  step: 7680000, training/gcp_categorical_accuracy: 0.570 +/- 0.000
2026-02-14 10:34:48 INFO    |  step: 7680000, training/gcp_critic_loss: 1.855 +/- 0.000
2026-02-14 10:34:48 INFO    |  step: 7680000, training/gcp_entropy: -3.999 +/- 0.000
2026-02-14 10:34:48 INFO    |  step: 7680000, training/gcp_log_alpha: -1.984 +/- 0.000
2026-02-14 10:34:48 INFO    |  step: 7680000, training/gcp_logits_neg: -9.752 +/- 0.000
2026-02-14 10:34:48 INFO    |  step: 7680000, training/gcp_logits_pos: -2.570 +/- 0.000
2026-02-14 10:34:48 INFO    |  step: 7680000, training/gcp_logsumexp: -0.811 +/- 0.000
2026-02-14 10:34:48 INFO    |  step: 7680000, eval/episode_reward: 0.000 +/- 0.000
2026-02-14 10:34:48 INFO    |  step: 7680000, eval/episode_success: 0.000 +/- 0.000
2026-02-14 10:34:48 INFO    |  step: 7680000, eval/episode_success_easy: 0.000 +/- 0.000
2026-02-14 10:34:48 INFO    |  step: 7680000, eval/episode_dist: 33836.219 +/- 0.000
2026-02-14 10:34:48 INFO    |  step: 7680000, eval/episode_success_any: 0.000 +/- 0.000
2026-02-14 10:34:48 INFO    |  step: 7680000, ep_eval/episode_reward: 0.000 +/- 0.000
2026-02-14 10:34:48 INFO    |  step: 7680000, ep_eval/episode_success: 0.000 +/- 0.000
2026-02-14 10:34:48 INFO    |  step: 7680000, ep_eval/episode_success_easy: 0.000 +/- 0.000
2026-02-14 10:34:48 INFO    |  step: 7680000, ep_eval/episode_dist: 34248.059 +/- 0.000
2026-02-14 10:34:48 INFO    |  step: 7680000, ep_eval/episode_success_any: 0.000 +/- 0.000
2026-02-14 10:34:48 INFO    |  step: 7680000, eval/episode_reward_ctrl: 0.000 +/- 0.000
2026-02-14 10:34:48 INFO    |  step: 7680000, eval/episode_reward_dist: 0.000 +/- 0.000
2026-02-14 10:34:48 INFO    |  step: 7680000, eval/episode_reward_near: 0.000 +/- 0.000
2026-02-14 10:34:48 INFO    |  step: 7680000, eval/episode_reward_survive: 0.000 +/- 0.000
2026-02-14 10:34:48 INFO    |  step: 7680000, eval/episode_success_hard: 0.000 +/- 0.000
2026-02-14 10:34:48 INFO    |  step: 7680000, ep_eval/episode_reward_ctrl: 0.000 +/- 0.000
2026-02-14 10:34:48 INFO    |  step: 7680000, ep_eval/episode_reward_dist: 0.000 +/- 0.000
2026-02-14 10:34:48 INFO    |  step: 7680000, ep_eval/episode_reward_near: 0.000 +/- 0.000
2026-02-14 10:34:48 INFO    |  step: 7680000, ep_eval/episode_reward_survive: 0.000 +/- 0.000
2026-02-14 10:34:48 INFO    |  step: 7680000, ep_eval/episode_success_hard: 0.000 +/- 0.000
2026-02-14 10:34:48 INFO    |  step: 7680000, training/actor_loss: 0.000 +/- 0.000
2026-02-14 10:34:48 INFO    |  step: 7680000, training/log_alpha: 0.000 +/- 0.000
2026-02-14 10:34:48 INFO    |  step: 7680000, training/alpha_loss: 0.000 +/- 0.000
2026-02-14 10:34:48 INFO    |  step: 7680000, training/critic_loss: 0.000 +/- 0.000
2026-02-14 10:34:48 INFO    |  step: 7680000, training/entropy: 0.000 +/- 0.000
2026-02-14 10:34:50 INFO    |  step: 7680000
2026-02-14 10:34:50 INFO    |  step: 7680000, training/sps: 4060.603 +/- 0.000
2026-02-14 10:34:50 INFO    |  step: 7680000, training/ep_actor_loss: 0.003 +/- 0.000
2026-02-14 10:34:50 INFO    |  step: 7680000, training/ep_alpha_loss: 0.000 +/- 0.000
2026-02-14 10:34:50 INFO    |  step: 7680000, training/ep_categorical_accuracy: 0.004 +/- 0.000
2026-02-14 10:34:50 INFO    |  step: 7680000, training/ep_critic_loss: 8.619 +/- 0.000
2026-02-14 10:34:50 INFO    |  step: 7680000, training/ep_entropy: -4.000 +/- 0.000
2026-02-14 10:34:50 INFO    |  step: 7680000, training/ep_log_alpha: -8.330 +/- 0.000
2026-02-14 10:34:50 INFO    |  step: 7680000, training/ep_logits_neg: -0.001 +/- 0.000
2026-02-14 10:34:50 INFO    |  step: 7680000, training/ep_logits_pos: -0.001 +/- 0.000
2026-02-14 10:34:50 INFO    |  step: 7680000, training/ep_logsumexp: 5.544 +/- 0.000
2026-02-14 10:34:50 INFO    |  step: 7680000, training/gcp_actor_loss: 2.886 +/- 0.000
2026-02-14 10:34:50 INFO    |  step: 7680000, training/gcp_alpha_loss: -0.000 +/- 0.000
2026-02-14 10:34:50 INFO    |  step: 7680000, training/gcp_categorical_accuracy: 0.520 +/- 0.000
2026-02-14 10:34:50 INFO    |  step: 7680000, training/gcp_critic_loss: 2.061 +/- 0.000
2026-02-14 10:34:50 INFO    |  step: 7680000, training/gcp_entropy: -4.000 +/- 0.000
2026-02-14 10:34:50 INFO    |  step: 7680000, training/gcp_log_alpha: -2.626 +/- 0.000
2026-02-14 10:34:50 INFO    |  step: 7680000, training/gcp_logits_neg: -9.390 +/- 0.000
2026-02-14 10:34:50 INFO    |  step: 7680000, training/gcp_logits_pos: -2.693 +/- 0.000
2026-02-14 10:34:50 INFO    |  step: 7680000, training/gcp_logsumexp: -0.711 +/- 0.000
2026-02-14 10:34:50 INFO    |  step: 7680000, eval/episode_reward: 0.000 +/- 0.000
2026-02-14 10:34:50 INFO    |  step: 7680000, eval/episode_success: 0.000 +/- 0.000
2026-02-14 10:34:50 INFO    |  step: 7680000, eval/episode_success_easy: 0.000 +/- 0.000
2026-02-14 10:34:50 INFO    |  step: 7680000, eval/episode_dist: 33572.383 +/- 0.000
2026-02-14 10:34:50 INFO    |  step: 7680000, eval/episode_success_any: 0.000 +/- 0.000
2026-02-14 10:34:50 INFO    |  step: 7680000, ep_eval/episode_reward: 0.000 +/- 0.000
2026-02-14 10:34:50 INFO    |  step: 7680000, ep_eval/episode_success: 0.000 +/- 0.000
2026-02-14 10:34:50 INFO    |  step: 7680000, ep_eval/episode_success_easy: 0.000 +/- 0.000
2026-02-14 10:34:50 INFO    |  step: 7680000, ep_eval/episode_dist: 34247.906 +/- 0.000
2026-02-14 10:34:50 INFO    |  step: 7680000, ep_eval/episode_success_any: 0.000 +/- 0.000
2026-02-14 10:34:50 INFO    |  step: 7680000, eval/episode_reward_ctrl: 0.000 +/- 0.000
2026-02-14 10:34:50 INFO    |  step: 7680000, eval/episode_reward_dist: 0.000 +/- 0.000
2026-02-14 10:34:50 INFO    |  step: 7680000, eval/episode_reward_near: 0.000 +/- 0.000
2026-02-14 10:34:50 INFO    |  step: 7680000, eval/episode_reward_survive: 0.000 +/- 0.000
2026-02-14 10:34:50 INFO    |  step: 7680000, eval/episode_success_hard: 0.000 +/- 0.000
2026-02-14 10:34:50 INFO    |  step: 7680000, ep_eval/episode_reward_ctrl: 0.000 +/- 0.000
2026-02-14 10:34:50 INFO    |  step: 7680000, ep_eval/episode_reward_dist: 0.000 +/- 0.000
2026-02-14 10:34:50 INFO    |  step: 7680000, ep_eval/episode_reward_near: 0.000 +/- 0.000
2026-02-14 10:34:50 INFO    |  step: 7680000, ep_eval/episode_reward_survive: 0.000 +/- 0.000
2026-02-14 10:34:50 INFO    |  step: 7680000, ep_eval/episode_success_hard: 0.000 +/- 0.000
2026-02-14 10:34:50 INFO    |  step: 7680000, training/actor_loss: 0.000 +/- 0.000
2026-02-14 10:34:50 INFO    |  step: 7680000, training/log_alpha: 0.000 +/- 0.000
2026-02-14 10:34:50 INFO    |  step: 7680000, training/alpha_loss: 0.000 +/- 0.000
2026-02-14 10:34:50 INFO    |  step: 7680000, training/critic_loss: 0.000 +/- 0.000
2026-02-14 10:34:50 INFO    |  step: 7680000, training/entropy: 0.000 +/- 0.000
2026-02-14 10:35:37 INFO    |  Visualization: collected_transitions shape: (1500, 256, 31), num_envs: 256
2026-02-14 10:35:37 INFO    |  Visualization: Raw collected_transitions has 256 unique trajectory IDs out of 384000 total transitions
2026-02-14 10:35:38 INFO    |  Visualization: processed_transitions shape: (1499, 256, 31)
2026-02-14 10:35:38 INFO    |  Visualization: Found 256 unique trajectory IDs out of 383744 total transitions
2026-02-14 10:35:38 INFO    |  Transition shapes: obs=(1499, 256, 31), traj_ids=(1499, 256), traj_ids_flat=(383744,)
2026-02-14 10:35:40 INFO    |  Plotted visualizations at env step 10368000.0
2026-02-14 10:36:01 INFO    |  step: 10368000
2026-02-14 10:36:01 INFO    |  step: 10368000, training/sps: 5459.918 +/- 0.000
2026-02-14 10:36:01 INFO    |  step: 10368000, training/ep_actor_loss: 0.003 +/- 0.000
2026-02-14 10:36:01 INFO    |  step: 10368000, training/ep_alpha_loss: -0.000 +/- 0.000
2026-02-14 10:36:01 INFO    |  step: 10368000, training/ep_categorical_accuracy: 0.004 +/- 0.000
2026-02-14 10:36:01 INFO    |  step: 10368000, training/ep_critic_loss: 8.619 +/- 0.000
2026-02-14 10:36:01 INFO    |  step: 10368000, training/ep_entropy: -4.000 +/- 0.000
2026-02-14 10:36:01 INFO    |  step: 10368000, training/ep_log_alpha: -8.330 +/- 0.000
2026-02-14 10:36:01 INFO    |  step: 10368000, training/ep_logits_neg: -0.001 +/- 0.000
2026-02-14 10:36:01 INFO    |  step: 10368000, training/ep_logits_pos: -0.001 +/- 0.000
2026-02-14 10:36:01 INFO    |  step: 10368000, training/ep_logsumexp: 5.544 +/- 0.000
2026-02-14 10:36:01 INFO    |  step: 10368000, training/gcp_actor_loss: 2.852 +/- 0.000
2026-02-14 10:36:01 INFO    |  step: 10368000, training/gcp_alpha_loss: 0.000 +/- 0.000
2026-02-14 10:36:01 INFO    |  step: 10368000, training/gcp_categorical_accuracy: 0.613 +/- 0.000
2026-02-14 10:36:01 INFO    |  step: 10368000, training/gcp_critic_loss: 1.731 +/- 0.000
2026-02-14 10:36:01 INFO    |  step: 10368000, training/gcp_entropy: -3.999 +/- 0.000
2026-02-14 10:36:01 INFO    |  step: 10368000, training/gcp_log_alpha: -2.447 +/- 0.000
2026-02-14 10:36:01 INFO    |  step: 10368000, training/gcp_logits_neg: -9.843 +/- 0.000
2026-02-14 10:36:01 INFO    |  step: 10368000, training/gcp_logits_pos: -2.473 +/- 0.000
2026-02-14 10:36:01 INFO    |  step: 10368000, training/gcp_logsumexp: -0.846 +/- 0.000
2026-02-14 10:36:01 INFO    |  step: 10368000, eval/episode_reward: 0.000 +/- 0.000
2026-02-14 10:36:01 INFO    |  step: 10368000, eval/episode_success: 0.000 +/- 0.000
2026-02-14 10:36:01 INFO    |  step: 10368000, eval/episode_success_easy: 0.000 +/- 0.000
2026-02-14 10:36:01 INFO    |  step: 10368000, eval/episode_dist: 12335.051 +/- 0.000
2026-02-14 10:36:01 INFO    |  step: 10368000, eval/episode_success_any: 0.000 +/- 0.000
2026-02-14 10:36:01 INFO    |  step: 10368000, ep_eval/episode_reward: 0.000 +/- 0.000
2026-02-14 10:36:01 INFO    |  step: 10368000, ep_eval/episode_success: 0.000 +/- 0.000
2026-02-14 10:36:01 INFO    |  step: 10368000, ep_eval/episode_success_easy: 0.000 +/- 0.000
2026-02-14 10:36:01 INFO    |  step: 10368000, ep_eval/episode_dist: 12301.670 +/- 0.000
2026-02-14 10:36:01 INFO    |  step: 10368000, ep_eval/episode_success_any: 0.000 +/- 0.000
2026-02-14 10:36:01 INFO    |  step: 10368000, eval/episode_reward_ctrl: 0.000 +/- 0.000
2026-02-14 10:36:01 INFO    |  step: 10368000, eval/episode_reward_dist: 0.000 +/- 0.000
2026-02-14 10:36:01 INFO    |  step: 10368000, eval/episode_reward_near: 0.000 +/- 0.000
2026-02-14 10:36:01 INFO    |  step: 10368000, eval/episode_reward_survive: 0.000 +/- 0.000
2026-02-14 10:36:01 INFO    |  step: 10368000, eval/episode_success_hard: 0.000 +/- 0.000
2026-02-14 10:36:01 INFO    |  step: 10368000, ep_eval/episode_reward_ctrl: 0.000 +/- 0.000
2026-02-14 10:36:01 INFO    |  step: 10368000, ep_eval/episode_reward_dist: 0.000 +/- 0.000
2026-02-14 10:36:01 INFO    |  step: 10368000, ep_eval/episode_reward_near: 0.000 +/- 0.000
2026-02-14 10:36:01 INFO    |  step: 10368000, ep_eval/episode_reward_survive: 0.000 +/- 0.000
2026-02-14 10:36:01 INFO    |  step: 10368000, ep_eval/episode_success_hard: 0.000 +/- 0.000
2026-02-14 10:36:01 INFO    |  step: 10368000, training/actor_loss: 0.000 +/- 0.000
2026-02-14 10:36:01 INFO    |  step: 10368000, training/log_alpha: 0.000 +/- 0.000
2026-02-14 10:36:01 INFO    |  step: 10368000, training/alpha_loss: 0.000 +/- 0.000
2026-02-14 10:36:01 INFO    |  step: 10368000, training/critic_loss: 0.000 +/- 0.000
2026-02-14 10:36:01 INFO    |  step: 10368000, training/entropy: 0.000 +/- 0.000
2026-02-14 10:38:19 INFO    |  Visualization: collected_transitions shape: (1500, 256, 31), num_envs: 256
2026-02-14 10:38:19 INFO    |  Visualization: Raw collected_transitions has 256 unique trajectory IDs out of 384000 total transitions
2026-02-14 10:38:19 INFO    |  Visualization: processed_transitions shape: (1499, 256, 31)
2026-02-14 10:38:20 INFO    |  Visualization: Found 256 unique trajectory IDs out of 383744 total transitions
2026-02-14 10:38:20 INFO    |  Transition shapes: obs=(1499, 256, 31), traj_ids=(1499, 256), traj_ids_flat=(383744,)
2026-02-14 10:38:22 INFO    |  Plotted visualizations at env step 11136000.0
2026-02-14 10:38:43 INFO    |  step: 11136000
2026-02-14 10:38:43 INFO    |  step: 11136000, training/sps: 5438.446 +/- 0.000
2026-02-14 10:38:43 INFO    |  step: 11136000, training/ep_actor_loss: 0.003 +/- 0.000
2026-02-14 10:38:43 INFO    |  step: 11136000, training/ep_alpha_loss: 0.000 +/- 0.000
2026-02-14 10:38:43 INFO    |  step: 11136000, training/ep_categorical_accuracy: 0.004 +/- 0.000
2026-02-14 10:38:43 INFO    |  step: 11136000, training/ep_critic_loss: 8.619 +/- 0.000
2026-02-14 10:38:43 INFO    |  step: 11136000, training/ep_entropy: -4.000 +/- 0.000
2026-02-14 10:38:43 INFO    |  step: 11136000, training/ep_log_alpha: -8.330 +/- 0.000
2026-02-14 10:38:43 INFO    |  step: 11136000, training/ep_logits_neg: -0.001 +/- 0.000
2026-02-14 10:38:43 INFO    |  step: 11136000, training/ep_logits_pos: -0.001 +/- 0.000
2026-02-14 10:38:43 INFO    |  step: 11136000, training/ep_logsumexp: 5.544 +/- 0.000
2026-02-14 10:38:43 INFO    |  step: 11136000, training/gcp_actor_loss: 2.915 +/- 0.000
2026-02-14 10:38:43 INFO    |  step: 11136000, training/gcp_alpha_loss: -0.000 +/- 0.000
2026-02-14 10:38:43 INFO    |  step: 11136000, training/gcp_categorical_accuracy: 0.627 +/- 0.000
2026-02-14 10:38:43 INFO    |  step: 11136000, training/gcp_critic_loss: 1.698 +/- 0.000
2026-02-14 10:38:43 INFO    |  step: 11136000, training/gcp_entropy: -4.001 +/- 0.000
2026-02-14 10:38:43 INFO    |  step: 11136000, training/gcp_log_alpha: -2.374 +/- 0.000
2026-02-14 10:38:43 INFO    |  step: 11136000, training/gcp_logits_neg: -9.793 +/- 0.000
2026-02-14 10:38:43 INFO    |  step: 11136000, training/gcp_logits_pos: -2.454 +/- 0.000
2026-02-14 10:38:43 INFO    |  step: 11136000, training/gcp_logsumexp: -0.863 +/- 0.000
2026-02-14 10:38:43 INFO    |  step: 11136000, eval/episode_reward: 0.000 +/- 0.000
2026-02-14 10:38:43 INFO    |  step: 11136000, eval/episode_success: 0.000 +/- 0.000
2026-02-14 10:38:43 INFO    |  step: 11136000, eval/episode_success_easy: 0.000 +/- 0.000
2026-02-14 10:38:43 INFO    |  step: 11136000, eval/episode_dist: 11837.381 +/- 0.000
2026-02-14 10:38:43 INFO    |  step: 11136000, eval/episode_success_any: 0.000 +/- 0.000
2026-02-14 10:38:43 INFO    |  step: 11136000, ep_eval/episode_reward: 0.000 +/- 0.000
2026-02-14 10:38:43 INFO    |  step: 11136000, ep_eval/episode_success: 0.000 +/- 0.000
2026-02-14 10:38:43 INFO    |  step: 11136000, ep_eval/episode_success_easy: 0.000 +/- 0.000
2026-02-14 10:38:43 INFO    |  step: 11136000, ep_eval/episode_dist: 12195.383 +/- 0.000
2026-02-14 10:38:43 INFO    |  step: 11136000, ep_eval/episode_success_any: 0.000 +/- 0.000
2026-02-14 10:38:43 INFO    |  step: 11136000, eval/episode_reward_ctrl: 0.000 +/- 0.000
2026-02-14 10:38:43 INFO    |  step: 11136000, eval/episode_reward_dist: 0.000 +/- 0.000
2026-02-14 10:38:43 INFO    |  step: 11136000, eval/episode_reward_near: 0.000 +/- 0.000
2026-02-14 10:38:43 INFO    |  step: 11136000, eval/episode_reward_survive: 0.000 +/- 0.000
2026-02-14 10:38:43 INFO    |  step: 11136000, eval/episode_success_hard: 0.000 +/- 0.000
2026-02-14 10:38:43 INFO    |  step: 11136000, ep_eval/episode_reward_ctrl: 0.000 +/- 0.000
2026-02-14 10:38:43 INFO    |  step: 11136000, ep_eval/episode_reward_dist: 0.000 +/- 0.000
2026-02-14 10:38:43 INFO    |  step: 11136000, ep_eval/episode_reward_near: 0.000 +/- 0.000
2026-02-14 10:38:43 INFO    |  step: 11136000, ep_eval/episode_reward_survive: 0.000 +/- 0.000
2026-02-14 10:38:43 INFO    |  step: 11136000, ep_eval/episode_success_hard: 0.000 +/- 0.000
2026-02-14 10:38:43 INFO    |  step: 11136000, training/actor_loss: 0.000 +/- 0.000
2026-02-14 10:38:43 INFO    |  step: 11136000, training/log_alpha: 0.000 +/- 0.000
2026-02-14 10:38:43 INFO    |  step: 11136000, training/alpha_loss: 0.000 +/- 0.000
2026-02-14 10:38:43 INFO    |  step: 11136000, training/critic_loss: 0.000 +/- 0.000
2026-02-14 10:38:43 INFO    |  step: 11136000, training/entropy: 0.000 +/- 0.000
2026-02-14 10:38:55 INFO    |  Visualization: collected_transitions shape: (2000, 256, 31), num_envs: 256
2026-02-14 10:38:55 INFO    |  Visualization: Raw collected_transitions has 256 unique trajectory IDs out of 512000 total transitions
2026-02-14 10:38:56 INFO    |  Visualization: processed_transitions shape: (1999, 256, 31)
2026-02-14 10:38:56 INFO    |  Visualization: Found 256 unique trajectory IDs out of 511744 total transitions
2026-02-14 10:38:56 INFO    |  Transition shapes: obs=(1999, 256, 31), traj_ids=(1999, 256), traj_ids_flat=(511744,)
2026-02-14 10:38:58 INFO    |  Visualization: collected_transitions shape: (2000, 256, 31), num_envs: 256
2026-02-14 10:38:58 INFO    |  Visualization: Raw collected_transitions has 256 unique trajectory IDs out of 512000 total transitions
2026-02-14 10:38:58 INFO    |  Plotted visualizations at env step 8704000.0
2026-02-14 10:38:59 INFO    |  Visualization: processed_transitions shape: (1999, 256, 31)
2026-02-14 10:39:00 INFO    |  Visualization: Found 256 unique trajectory IDs out of 511744 total transitions
2026-02-14 10:39:00 INFO    |  Transition shapes: obs=(1999, 256, 31), traj_ids=(1999, 256), traj_ids_flat=(511744,)
2026-02-14 10:39:02 INFO    |  Plotted visualizations at env step 8704000.0
2026-02-14 10:39:37 INFO    |  step: 8704000
2026-02-14 10:39:37 INFO    |  step: 8704000, training/sps: 4092.232 +/- 0.000
2026-02-14 10:39:37 INFO    |  step: 8704000, training/ep_actor_loss: 0.003 +/- 0.000
2026-02-14 10:39:37 INFO    |  step: 8704000, training/ep_alpha_loss: -0.000 +/- 0.000
2026-02-14 10:39:37 INFO    |  step: 8704000, training/ep_categorical_accuracy: 0.004 +/- 0.000
2026-02-14 10:39:37 INFO    |  step: 8704000, training/ep_critic_loss: 8.619 +/- 0.000
2026-02-14 10:39:37 INFO    |  step: 8704000, training/ep_entropy: -4.000 +/- 0.000
2026-02-14 10:39:37 INFO    |  step: 8704000, training/ep_log_alpha: -8.330 +/- 0.000
2026-02-14 10:39:37 INFO    |  step: 8704000, training/ep_logits_neg: -0.001 +/- 0.000
2026-02-14 10:39:37 INFO    |  step: 8704000, training/ep_logits_pos: -0.001 +/- 0.000
2026-02-14 10:39:37 INFO    |  step: 8704000, training/ep_logsumexp: 5.544 +/- 0.000
2026-02-14 10:39:37 INFO    |  step: 8704000, training/gcp_actor_loss: 3.126 +/- 0.000
2026-02-14 10:39:37 INFO    |  step: 8704000, training/gcp_alpha_loss: 0.000 +/- 0.000
2026-02-14 10:39:37 INFO    |  step: 8704000, training/gcp_categorical_accuracy: 0.585 +/- 0.000
2026-02-14 10:39:37 INFO    |  step: 8704000, training/gcp_critic_loss: 1.800 +/- 0.000
2026-02-14 10:39:37 INFO    |  step: 8704000, training/gcp_entropy: -3.998 +/- 0.000
2026-02-14 10:39:37 INFO    |  step: 8704000, training/gcp_log_alpha: -2.201 +/- 0.000
2026-02-14 10:39:37 INFO    |  step: 8704000, training/gcp_logits_neg: -9.817 +/- 0.000
2026-02-14 10:39:37 INFO    |  step: 8704000, training/gcp_logits_pos: -2.523 +/- 0.000
2026-02-14 10:39:37 INFO    |  step: 8704000, training/gcp_logsumexp: -0.821 +/- 0.000
2026-02-14 10:39:37 INFO    |  step: 8704000, eval/episode_reward: 0.000 +/- 0.000
2026-02-14 10:39:37 INFO    |  step: 8704000, eval/episode_success: 0.000 +/- 0.000
2026-02-14 10:39:37 INFO    |  step: 8704000, eval/episode_success_easy: 0.000 +/- 0.000
2026-02-14 10:39:37 INFO    |  step: 8704000, eval/episode_dist: 34940.551 +/- 0.000
2026-02-14 10:39:37 INFO    |  step: 8704000, eval/episode_success_any: 0.000 +/- 0.000
2026-02-14 10:39:37 INFO    |  step: 8704000, ep_eval/episode_reward: 0.000 +/- 0.000
2026-02-14 10:39:37 INFO    |  step: 8704000, ep_eval/episode_success: 0.000 +/- 0.000
2026-02-14 10:39:37 INFO    |  step: 8704000, ep_eval/episode_success_easy: 0.000 +/- 0.000
2026-02-14 10:39:37 INFO    |  step: 8704000, ep_eval/episode_dist: 33392.078 +/- 0.000
2026-02-14 10:39:37 INFO    |  step: 8704000, ep_eval/episode_success_any: 0.000 +/- 0.000
2026-02-14 10:39:37 INFO    |  step: 8704000, eval/episode_reward_ctrl: 0.000 +/- 0.000
2026-02-14 10:39:37 INFO    |  step: 8704000, eval/episode_reward_dist: 0.000 +/- 0.000
2026-02-14 10:39:37 INFO    |  step: 8704000, eval/episode_reward_near: 0.000 +/- 0.000
2026-02-14 10:39:37 INFO    |  step: 8704000, eval/episode_reward_survive: 0.000 +/- 0.000
2026-02-14 10:39:37 INFO    |  step: 8704000, eval/episode_success_hard: 0.000 +/- 0.000
2026-02-14 10:39:37 INFO    |  step: 8704000, ep_eval/episode_reward_ctrl: 0.000 +/- 0.000
2026-02-14 10:39:37 INFO    |  step: 8704000, ep_eval/episode_reward_dist: 0.000 +/- 0.000
2026-02-14 10:39:37 INFO    |  step: 8704000, ep_eval/episode_reward_near: 0.000 +/- 0.000
2026-02-14 10:39:37 INFO    |  step: 8704000, ep_eval/episode_reward_survive: 0.000 +/- 0.000
2026-02-14 10:39:37 INFO    |  step: 8704000, ep_eval/episode_success_hard: 0.000 +/- 0.000
2026-02-14 10:39:37 INFO    |  step: 8704000, training/actor_loss: 0.000 +/- 0.000
2026-02-14 10:39:37 INFO    |  step: 8704000, training/log_alpha: 0.000 +/- 0.000
2026-02-14 10:39:37 INFO    |  step: 8704000, training/alpha_loss: 0.000 +/- 0.000
2026-02-14 10:39:37 INFO    |  step: 8704000, training/critic_loss: 0.000 +/- 0.000
2026-02-14 10:39:37 INFO    |  step: 8704000, training/entropy: 0.000 +/- 0.000
2026-02-14 10:39:40 INFO    |  step: 8704000
2026-02-14 10:39:40 INFO    |  step: 8704000, training/sps: 4066.555 +/- 0.000
2026-02-14 10:39:40 INFO    |  step: 8704000, training/ep_actor_loss: 0.003 +/- 0.000
2026-02-14 10:39:40 INFO    |  step: 8704000, training/ep_alpha_loss: -0.000 +/- 0.000
2026-02-14 10:39:40 INFO    |  step: 8704000, training/ep_categorical_accuracy: 0.004 +/- 0.000
2026-02-14 10:39:40 INFO    |  step: 8704000, training/ep_critic_loss: 8.619 +/- 0.000
2026-02-14 10:39:40 INFO    |  step: 8704000, training/ep_entropy: -4.000 +/- 0.000
2026-02-14 10:39:40 INFO    |  step: 8704000, training/ep_log_alpha: -8.330 +/- 0.000
2026-02-14 10:39:40 INFO    |  step: 8704000, training/ep_logits_neg: -0.001 +/- 0.000
2026-02-14 10:39:40 INFO    |  step: 8704000, training/ep_logits_pos: -0.001 +/- 0.000
2026-02-14 10:39:40 INFO    |  step: 8704000, training/ep_logsumexp: 5.544 +/- 0.000
2026-02-14 10:39:40 INFO    |  step: 8704000, training/gcp_actor_loss: 2.860 +/- 0.000
2026-02-14 10:39:40 INFO    |  step: 8704000, training/gcp_alpha_loss: 0.000 +/- 0.000
2026-02-14 10:39:40 INFO    |  step: 8704000, training/gcp_categorical_accuracy: 0.548 +/- 0.000
2026-02-14 10:39:40 INFO    |  step: 8704000, training/gcp_critic_loss: 1.987 +/- 0.000
2026-02-14 10:39:40 INFO    |  step: 8704000, training/gcp_entropy: -4.000 +/- 0.000
2026-02-14 10:39:40 INFO    |  step: 8704000, training/gcp_log_alpha: -2.670 +/- 0.000
2026-02-14 10:39:40 INFO    |  step: 8704000, training/gcp_logits_neg: -9.502 +/- 0.000
2026-02-14 10:39:40 INFO    |  step: 8704000, training/gcp_logits_pos: -2.632 +/- 0.000
2026-02-14 10:39:40 INFO    |  step: 8704000, training/gcp_logsumexp: -0.727 +/- 0.000
2026-02-14 10:39:40 INFO    |  step: 8704000, eval/episode_reward: 0.000 +/- 0.000
2026-02-14 10:39:40 INFO    |  step: 8704000, eval/episode_success: 0.000 +/- 0.000
2026-02-14 10:39:40 INFO    |  step: 8704000, eval/episode_success_easy: 0.000 +/- 0.000
2026-02-14 10:39:40 INFO    |  step: 8704000, eval/episode_dist: 34833.609 +/- 0.000
2026-02-14 10:39:40 INFO    |  step: 8704000, eval/episode_success_any: 0.000 +/- 0.000
2026-02-14 10:39:40 INFO    |  step: 8704000, ep_eval/episode_reward: 0.000 +/- 0.000
2026-02-14 10:39:40 INFO    |  step: 8704000, ep_eval/episode_success: 0.000 +/- 0.000
2026-02-14 10:39:40 INFO    |  step: 8704000, ep_eval/episode_success_easy: 0.000 +/- 0.000
2026-02-14 10:39:40 INFO    |  step: 8704000, ep_eval/episode_dist: 33391.234 +/- 0.000
2026-02-14 10:39:40 INFO    |  step: 8704000, ep_eval/episode_success_any: 0.000 +/- 0.000
2026-02-14 10:39:40 INFO    |  step: 8704000, eval/episode_reward_ctrl: 0.000 +/- 0.000
2026-02-14 10:39:40 INFO    |  step: 8704000, eval/episode_reward_dist: 0.000 +/- 0.000
2026-02-14 10:39:40 INFO    |  step: 8704000, eval/episode_reward_near: 0.000 +/- 0.000
2026-02-14 10:39:40 INFO    |  step: 8704000, eval/episode_reward_survive: 0.000 +/- 0.000
2026-02-14 10:39:40 INFO    |  step: 8704000, eval/episode_success_hard: 0.000 +/- 0.000
2026-02-14 10:39:40 INFO    |  step: 8704000, ep_eval/episode_reward_ctrl: 0.000 +/- 0.000
2026-02-14 10:39:40 INFO    |  step: 8704000, ep_eval/episode_reward_dist: 0.000 +/- 0.000
2026-02-14 10:39:40 INFO    |  step: 8704000, ep_eval/episode_reward_near: 0.000 +/- 0.000
2026-02-14 10:39:40 INFO    |  step: 8704000, ep_eval/episode_reward_survive: 0.000 +/- 0.000
2026-02-14 10:39:40 INFO    |  step: 8704000, ep_eval/episode_success_hard: 0.000 +/- 0.000
2026-02-14 10:39:40 INFO    |  step: 8704000, training/actor_loss: 0.000 +/- 0.000
2026-02-14 10:39:40 INFO    |  step: 8704000, training/log_alpha: 0.000 +/- 0.000
2026-02-14 10:39:40 INFO    |  step: 8704000, training/alpha_loss: 0.000 +/- 0.000
2026-02-14 10:39:40 INFO    |  step: 8704000, training/critic_loss: 0.000 +/- 0.000
2026-02-14 10:39:40 INFO    |  step: 8704000, training/entropy: 0.000 +/- 0.000
2026-02-14 10:41:00 INFO    |  Visualization: collected_transitions shape: (1500, 256, 31), num_envs: 256
2026-02-14 10:41:00 INFO    |  Visualization: Raw collected_transitions has 256 unique trajectory IDs out of 384000 total transitions
2026-02-14 10:41:01 INFO    |  Visualization: processed_transitions shape: (1499, 256, 31)
2026-02-14 10:41:02 INFO    |  Visualization: Found 256 unique trajectory IDs out of 383744 total transitions
2026-02-14 10:41:02 INFO    |  Transition shapes: obs=(1499, 256, 31), traj_ids=(1499, 256), traj_ids_flat=(383744,)
2026-02-14 10:41:04 INFO    |  Plotted visualizations at env step 11904000.0
2026-02-14 10:41:24 INFO    |  step: 11904000
2026-02-14 10:41:24 INFO    |  step: 11904000, training/sps: 5462.352 +/- 0.000
2026-02-14 10:41:24 INFO    |  step: 11904000, training/ep_actor_loss: 0.003 +/- 0.000
2026-02-14 10:41:24 INFO    |  step: 11904000, training/ep_alpha_loss: -0.000 +/- 0.000
2026-02-14 10:41:24 INFO    |  step: 11904000, training/ep_categorical_accuracy: 0.004 +/- 0.000
2026-02-14 10:41:24 INFO    |  step: 11904000, training/ep_critic_loss: 8.619 +/- 0.000
2026-02-14 10:41:24 INFO    |  step: 11904000, training/ep_entropy: -4.000 +/- 0.000
2026-02-14 10:41:24 INFO    |  step: 11904000, training/ep_log_alpha: -8.330 +/- 0.000
2026-02-14 10:41:24 INFO    |  step: 11904000, training/ep_logits_neg: -0.001 +/- 0.000
2026-02-14 10:41:24 INFO    |  step: 11904000, training/ep_logits_pos: -0.001 +/- 0.000
2026-02-14 10:41:24 INFO    |  step: 11904000, training/ep_logsumexp: 5.544 +/- 0.000
2026-02-14 10:41:24 INFO    |  step: 11904000, training/gcp_actor_loss: 2.979 +/- 0.000
2026-02-14 10:41:24 INFO    |  step: 11904000, training/gcp_alpha_loss: -0.000 +/- 0.000
2026-02-14 10:41:24 INFO    |  step: 11904000, training/gcp_categorical_accuracy: 0.633 +/- 0.000
2026-02-14 10:41:24 INFO    |  step: 11904000, training/gcp_critic_loss: 1.662 +/- 0.000
2026-02-14 10:41:24 INFO    |  step: 11904000, training/gcp_entropy: -4.001 +/- 0.000
2026-02-14 10:41:24 INFO    |  step: 11904000, training/gcp_log_alpha: -2.291 +/- 0.000
2026-02-14 10:41:24 INFO    |  step: 11904000, training/gcp_logits_neg: -9.828 +/- 0.000
2026-02-14 10:41:24 INFO    |  step: 11904000, training/gcp_logits_pos: -2.414 +/- 0.000
2026-02-14 10:41:24 INFO    |  step: 11904000, training/gcp_logsumexp: -0.861 +/- 0.000
2026-02-14 10:41:24 INFO    |  step: 11904000, eval/episode_reward: 0.000 +/- 0.000
2026-02-14 10:41:24 INFO    |  step: 11904000, eval/episode_success: 0.000 +/- 0.000
2026-02-14 10:41:24 INFO    |  step: 11904000, eval/episode_success_easy: 0.000 +/- 0.000
2026-02-14 10:41:24 INFO    |  step: 11904000, eval/episode_dist: 12384.312 +/- 0.000
2026-02-14 10:41:24 INFO    |  step: 11904000, eval/episode_success_any: 0.000 +/- 0.000
2026-02-14 10:41:24 INFO    |  step: 11904000, ep_eval/episode_reward: 0.000 +/- 0.000
2026-02-14 10:41:24 INFO    |  step: 11904000, ep_eval/episode_success: 0.000 +/- 0.000
2026-02-14 10:41:24 INFO    |  step: 11904000, ep_eval/episode_success_easy: 0.000 +/- 0.000
2026-02-14 10:41:24 INFO    |  step: 11904000, ep_eval/episode_dist: 12642.270 +/- 0.000
2026-02-14 10:41:24 INFO    |  step: 11904000, ep_eval/episode_success_any: 0.000 +/- 0.000
2026-02-14 10:41:24 INFO    |  step: 11904000, eval/episode_reward_ctrl: 0.000 +/- 0.000
2026-02-14 10:41:24 INFO    |  step: 11904000, eval/episode_reward_dist: 0.000 +/- 0.000
2026-02-14 10:41:24 INFO    |  step: 11904000, eval/episode_reward_near: 0.000 +/- 0.000
2026-02-14 10:41:24 INFO    |  step: 11904000, eval/episode_reward_survive: 0.000 +/- 0.000
2026-02-14 10:41:24 INFO    |  step: 11904000, eval/episode_success_hard: 0.000 +/- 0.000
2026-02-14 10:41:24 INFO    |  step: 11904000, ep_eval/episode_reward_ctrl: 0.000 +/- 0.000
2026-02-14 10:41:24 INFO    |  step: 11904000, ep_eval/episode_reward_dist: 0.000 +/- 0.000
2026-02-14 10:41:24 INFO    |  step: 11904000, ep_eval/episode_reward_near: 0.000 +/- 0.000
2026-02-14 10:41:24 INFO    |  step: 11904000, ep_eval/episode_reward_survive: 0.000 +/- 0.000
2026-02-14 10:41:24 INFO    |  step: 11904000, ep_eval/episode_success_hard: 0.000 +/- 0.000
2026-02-14 10:41:24 INFO    |  step: 11904000, training/actor_loss: 0.000 +/- 0.000
2026-02-14 10:41:24 INFO    |  step: 11904000, training/log_alpha: 0.000 +/- 0.000
2026-02-14 10:41:24 INFO    |  step: 11904000, training/alpha_loss: 0.000 +/- 0.000
2026-02-14 10:41:24 INFO    |  step: 11904000, training/critic_loss: 0.000 +/- 0.000
2026-02-14 10:41:24 INFO    |  step: 11904000, training/entropy: 0.000 +/- 0.000
2026-02-14 10:43:42 INFO    |  Visualization: collected_transitions shape: (1500, 256, 31), num_envs: 256
2026-02-14 10:43:42 INFO    |  Visualization: Raw collected_transitions has 256 unique trajectory IDs out of 384000 total transitions
2026-02-14 10:43:43 INFO    |  Visualization: processed_transitions shape: (1499, 256, 31)
2026-02-14 10:43:43 INFO    |  Visualization: Found 256 unique trajectory IDs out of 383744 total transitions
2026-02-14 10:43:43 INFO    |  Transition shapes: obs=(1499, 256, 31), traj_ids=(1499, 256), traj_ids_flat=(383744,)
2026-02-14 10:43:43 INFO    |  Visualization: collected_transitions shape: (2000, 256, 31), num_envs: 256
2026-02-14 10:43:43 INFO    |  Visualization: Raw collected_transitions has 256 unique trajectory IDs out of 512000 total transitions
2026-02-14 10:43:44 INFO    |  Visualization: processed_transitions shape: (1999, 256, 31)
2026-02-14 10:43:45 INFO    |  Visualization: Found 256 unique trajectory IDs out of 511744 total transitions
2026-02-14 10:43:45 INFO    |  Transition shapes: obs=(1999, 256, 31), traj_ids=(1999, 256), traj_ids_flat=(511744,)
2026-02-14 10:43:45 INFO    |  Plotted visualizations at env step 12672000.0
2026-02-14 10:43:47 INFO    |  Plotted visualizations at env step 9728000.0
2026-02-14 10:43:47 INFO    |  Visualization: collected_transitions shape: (2000, 256, 31), num_envs: 256
2026-02-14 10:43:48 INFO    |  Visualization: Raw collected_transitions has 256 unique trajectory IDs out of 512000 total transitions
2026-02-14 10:43:48 INFO    |  Visualization: processed_transitions shape: (1999, 256, 31)
2026-02-14 10:43:49 INFO    |  Visualization: Found 256 unique trajectory IDs out of 511744 total transitions
2026-02-14 10:43:49 INFO    |  Transition shapes: obs=(1999, 256, 31), traj_ids=(1999, 256), traj_ids_flat=(511744,)
2026-02-14 10:43:51 INFO    |  Plotted visualizations at env step 9728000.0
2026-02-14 10:44:06 INFO    |  step: 12672000
2026-02-14 10:44:09 INFO    |  actor input shape: (1, 31)
2026-02-14 10:44:25 INFO    |  step: 9728000
2026-02-14 10:44:25 INFO    |  step: 9728000, training/sps: 4094.638 +/- 0.000
2026-02-14 10:44:25 INFO    |  step: 9728000, training/ep_actor_loss: 0.003 +/- 0.000
2026-02-14 10:44:25 INFO    |  step: 9728000, training/ep_alpha_loss: 0.000 +/- 0.000
2026-02-14 10:44:25 INFO    |  step: 9728000, training/ep_categorical_accuracy: 0.004 +/- 0.000
2026-02-14 10:44:25 INFO    |  step: 9728000, training/ep_critic_loss: 8.619 +/- 0.000
2026-02-14 10:44:25 INFO    |  step: 9728000, training/ep_entropy: -4.000 +/- 0.000
2026-02-14 10:44:25 INFO    |  step: 9728000, training/ep_log_alpha: -8.330 +/- 0.000
2026-02-14 10:44:25 INFO    |  step: 9728000, training/ep_logits_neg: -0.001 +/- 0.000
2026-02-14 10:44:25 INFO    |  step: 9728000, training/ep_logits_pos: -0.001 +/- 0.000
2026-02-14 10:44:25 INFO    |  step: 9728000, training/ep_logsumexp: 5.544 +/- 0.000
2026-02-14 10:44:25 INFO    |  step: 9728000, training/gcp_actor_loss: 2.751 +/- 0.000
2026-02-14 10:44:25 INFO    |  step: 9728000, training/gcp_alpha_loss: 0.000 +/- 0.000
2026-02-14 10:44:25 INFO    |  step: 9728000, training/gcp_categorical_accuracy: 0.614 +/- 0.000
2026-02-14 10:44:25 INFO    |  step: 9728000, training/gcp_critic_loss: 1.703 +/- 0.000
2026-02-14 10:44:25 INFO    |  step: 9728000, training/gcp_entropy: -3.998 +/- 0.000
2026-02-14 10:44:25 INFO    |  step: 9728000, training/gcp_log_alpha: -2.537 +/- 0.000
2026-02-14 10:44:25 INFO    |  step: 9728000, training/gcp_logits_neg: -9.981 +/- 0.000
2026-02-14 10:44:25 INFO    |  step: 9728000, training/gcp_logits_pos: -2.439 +/- 0.000
2026-02-14 10:44:25 INFO    |  step: 9728000, training/gcp_logsumexp: -0.838 +/- 0.000
2026-02-14 10:44:25 INFO    |  step: 9728000, eval/episode_reward: 0.000 +/- 0.000
2026-02-14 10:44:25 INFO    |  step: 9728000, eval/episode_success: 0.000 +/- 0.000
2026-02-14 10:44:25 INFO    |  step: 9728000, eval/episode_success_easy: 0.000 +/- 0.000
2026-02-14 10:44:25 INFO    |  step: 9728000, eval/episode_dist: 33221.352 +/- 0.000
2026-02-14 10:44:25 INFO    |  step: 9728000, eval/episode_success_any: 0.000 +/- 0.000
2026-02-14 10:44:25 INFO    |  step: 9728000, ep_eval/episode_reward: 0.000 +/- 0.000
2026-02-14 10:44:25 INFO    |  step: 9728000, ep_eval/episode_success: 0.000 +/- 0.000
2026-02-14 10:44:25 INFO    |  step: 9728000, ep_eval/episode_success_easy: 0.000 +/- 0.000
2026-02-14 10:44:25 INFO    |  step: 9728000, ep_eval/episode_dist: 34363.199 +/- 0.000
2026-02-14 10:44:25 INFO    |  step: 9728000, ep_eval/episode_success_any: 0.000 +/- 0.000
2026-02-14 10:44:25 INFO    |  step: 9728000, eval/episode_reward_ctrl: 0.000 +/- 0.000
2026-02-14 10:44:25 INFO    |  step: 9728000, eval/episode_reward_dist: 0.000 +/- 0.000
2026-02-14 10:44:25 INFO    |  step: 9728000, eval/episode_reward_near: 0.000 +/- 0.000
2026-02-14 10:44:25 INFO    |  step: 9728000, eval/episode_reward_survive: 0.000 +/- 0.000
2026-02-14 10:44:25 INFO    |  step: 9728000, eval/episode_success_hard: 0.000 +/- 0.000
2026-02-14 10:44:25 INFO    |  step: 9728000, ep_eval/episode_reward_ctrl: 0.000 +/- 0.000
2026-02-14 10:44:25 INFO    |  step: 9728000, ep_eval/episode_reward_dist: 0.000 +/- 0.000
2026-02-14 10:44:25 INFO    |  step: 9728000, ep_eval/episode_reward_near: 0.000 +/- 0.000
2026-02-14 10:44:25 INFO    |  step: 9728000, ep_eval/episode_reward_survive: 0.000 +/- 0.000
2026-02-14 10:44:25 INFO    |  step: 9728000, ep_eval/episode_success_hard: 0.000 +/- 0.000
2026-02-14 10:44:25 INFO    |  step: 9728000, training/actor_loss: 0.000 +/- 0.000
2026-02-14 10:44:25 INFO    |  step: 9728000, training/log_alpha: 0.000 +/- 0.000
2026-02-14 10:44:25 INFO    |  step: 9728000, training/alpha_loss: 0.000 +/- 0.000
2026-02-14 10:44:25 INFO    |  step: 9728000, training/critic_loss: 0.000 +/- 0.000
2026-02-14 10:44:25 INFO    |  step: 9728000, training/entropy: 0.000 +/- 0.000
2026-02-14 10:44:29 INFO    |  step: 9728000
2026-02-14 10:44:29 INFO    |  step: 9728000, training/sps: 4080.093 +/- 0.000
2026-02-14 10:44:29 INFO    |  step: 9728000, training/ep_actor_loss: 0.003 +/- 0.000
2026-02-14 10:44:29 INFO    |  step: 9728000, training/ep_alpha_loss: 0.000 +/- 0.000
2026-02-14 10:44:29 INFO    |  step: 9728000, training/ep_categorical_accuracy: 0.004 +/- 0.000
2026-02-14 10:44:29 INFO    |  step: 9728000, training/ep_critic_loss: 8.619 +/- 0.000
2026-02-14 10:44:29 INFO    |  step: 9728000, training/ep_entropy: -4.000 +/- 0.000
2026-02-14 10:44:29 INFO    |  step: 9728000, training/ep_log_alpha: -8.330 +/- 0.000
2026-02-14 10:44:29 INFO    |  step: 9728000, training/ep_logits_neg: -0.001 +/- 0.000
2026-02-14 10:44:29 INFO    |  step: 9728000, training/ep_logits_pos: -0.001 +/- 0.000
2026-02-14 10:44:29 INFO    |  step: 9728000, training/ep_logsumexp: 5.544 +/- 0.000
2026-02-14 10:44:29 INFO    |  step: 9728000, training/gcp_actor_loss: 2.809 +/- 0.000
2026-02-14 10:44:29 INFO    |  step: 9728000, training/gcp_alpha_loss: 0.000 +/- 0.000
2026-02-14 10:44:29 INFO    |  step: 9728000, training/gcp_categorical_accuracy: 0.574 +/- 0.000
2026-02-14 10:44:29 INFO    |  step: 9728000, training/gcp_critic_loss: 1.885 +/- 0.000
2026-02-14 10:44:29 INFO    |  step: 9728000, training/gcp_entropy: -4.000 +/- 0.000
2026-02-14 10:44:29 INFO    |  step: 9728000, training/gcp_log_alpha: -2.681 +/- 0.000
2026-02-14 10:44:29 INFO    |  step: 9728000, training/gcp_logits_neg: -9.675 +/- 0.000
2026-02-14 10:44:29 INFO    |  step: 9728000, training/gcp_logits_pos: -2.548 +/- 0.000
2026-02-14 10:44:29 INFO    |  step: 9728000, training/gcp_logsumexp: -0.750 +/- 0.000
2026-02-14 10:44:29 INFO    |  step: 9728000, eval/episode_reward: 0.000 +/- 0.000
2026-02-14 10:44:29 INFO    |  step: 9728000, eval/episode_success: 0.000 +/- 0.000
2026-02-14 10:44:29 INFO    |  step: 9728000, eval/episode_success_easy: 0.000 +/- 0.000
2026-02-14 10:44:29 INFO    |  step: 9728000, eval/episode_dist: 33002.406 +/- 0.000
2026-02-14 10:44:29 INFO    |  step: 9728000, eval/episode_success_any: 0.000 +/- 0.000
2026-02-14 10:44:29 INFO    |  step: 9728000, ep_eval/episode_reward: 0.000 +/- 0.000
2026-02-14 10:44:29 INFO    |  step: 9728000, ep_eval/episode_success: 0.000 +/- 0.000
2026-02-14 10:44:29 INFO    |  step: 9728000, ep_eval/episode_success_easy: 0.000 +/- 0.000
2026-02-14 10:44:29 INFO    |  step: 9728000, ep_eval/episode_dist: 34362.781 +/- 0.000
2026-02-14 10:44:29 INFO    |  step: 9728000, ep_eval/episode_success_any: 0.000 +/- 0.000
2026-02-14 10:44:29 INFO    |  step: 9728000, eval/episode_reward_ctrl: 0.000 +/- 0.000
2026-02-14 10:44:29 INFO    |  step: 9728000, eval/episode_reward_dist: 0.000 +/- 0.000
2026-02-14 10:44:29 INFO    |  step: 9728000, eval/episode_reward_near: 0.000 +/- 0.000
2026-02-14 10:44:29 INFO    |  step: 9728000, eval/episode_reward_survive: 0.000 +/- 0.000
2026-02-14 10:44:29 INFO    |  step: 9728000, eval/episode_success_hard: 0.000 +/- 0.000
2026-02-14 10:44:29 INFO    |  step: 9728000, ep_eval/episode_reward_ctrl: 0.000 +/- 0.000
2026-02-14 10:44:29 INFO    |  step: 9728000, ep_eval/episode_reward_dist: 0.000 +/- 0.000
2026-02-14 10:44:29 INFO    |  step: 9728000, ep_eval/episode_reward_near: 0.000 +/- 0.000
2026-02-14 10:44:29 INFO    |  step: 9728000, ep_eval/episode_reward_survive: 0.000 +/- 0.000
2026-02-14 10:44:29 INFO    |  step: 9728000, ep_eval/episode_success_hard: 0.000 +/- 0.000
2026-02-14 10:44:29 INFO    |  step: 9728000, training/actor_loss: 0.000 +/- 0.000
2026-02-14 10:44:29 INFO    |  step: 9728000, training/log_alpha: 0.000 +/- 0.000
2026-02-14 10:44:29 INFO    |  step: 9728000, training/alpha_loss: 0.000 +/- 0.000
2026-02-14 10:44:29 INFO    |  step: 9728000, training/critic_loss: 0.000 +/- 0.000
2026-02-14 10:44:29 INFO    |  step: 9728000, training/entropy: 0.000 +/- 0.000
2026-02-14 10:44:39 INFO    |  step: 12672000, training/sps: 5449.731 +/- 0.000
2026-02-14 10:44:39 INFO    |  step: 12672000, training/ep_actor_loss: 0.003 +/- 0.000
2026-02-14 10:44:39 INFO    |  step: 12672000, training/ep_alpha_loss: 0.000 +/- 0.000
2026-02-14 10:44:39 INFO    |  step: 12672000, training/ep_categorical_accuracy: 0.004 +/- 0.000
2026-02-14 10:44:39 INFO    |  step: 12672000, training/ep_critic_loss: 8.619 +/- 0.000
2026-02-14 10:44:39 INFO    |  step: 12672000, training/ep_entropy: -4.000 +/- 0.000
2026-02-14 10:44:39 INFO    |  step: 12672000, training/ep_log_alpha: -8.330 +/- 0.000
2026-02-14 10:44:39 INFO    |  step: 12672000, training/ep_logits_neg: -0.001 +/- 0.000
2026-02-14 10:44:39 INFO    |  step: 12672000, training/ep_logits_pos: -0.001 +/- 0.000
2026-02-14 10:44:39 INFO    |  step: 12672000, training/ep_logsumexp: 5.544 +/- 0.000
2026-02-14 10:44:39 INFO    |  step: 12672000, training/gcp_actor_loss: 3.121 +/- 0.000
2026-02-14 10:44:39 INFO    |  step: 12672000, training/gcp_alpha_loss: 0.000 +/- 0.000
2026-02-14 10:44:39 INFO    |  step: 12672000, training/gcp_categorical_accuracy: 0.620 +/- 0.000
2026-02-14 10:44:39 INFO    |  step: 12672000, training/gcp_critic_loss: 1.738 +/- 0.000
2026-02-14 10:44:39 INFO    |  step: 12672000, training/gcp_entropy: -3.998 +/- 0.000
2026-02-14 10:44:39 INFO    |  step: 12672000, training/gcp_log_alpha: -2.251 +/- 0.000
2026-02-14 10:44:39 INFO    |  step: 12672000, training/gcp_logits_neg: -9.671 +/- 0.000
2026-02-14 10:44:39 INFO    |  step: 12672000, training/gcp_logits_pos: -2.488 +/- 0.000
2026-02-14 10:44:39 INFO    |  step: 12672000, training/gcp_logsumexp: -0.857 +/- 0.000
2026-02-14 10:44:39 INFO    |  step: 12672000, eval/episode_reward: 0.000 +/- 0.000
2026-02-14 10:44:39 INFO    |  step: 12672000, eval/episode_success: 0.000 +/- 0.000
2026-02-14 10:44:39 INFO    |  step: 12672000, eval/episode_success_easy: 0.000 +/- 0.000
2026-02-14 10:44:39 INFO    |  step: 12672000, eval/episode_dist: 12056.226 +/- 0.000
2026-02-14 10:44:39 INFO    |  step: 12672000, eval/episode_success_any: 0.000 +/- 0.000
2026-02-14 10:44:39 INFO    |  step: 12672000, ep_eval/episode_reward: 0.000 +/- 0.000
2026-02-14 10:44:39 INFO    |  step: 12672000, ep_eval/episode_success: 0.000 +/- 0.000
2026-02-14 10:44:39 INFO    |  step: 12672000, ep_eval/episode_success_easy: 0.000 +/- 0.000
2026-02-14 10:44:39 INFO    |  step: 12672000, ep_eval/episode_dist: 12331.404 +/- 0.000
2026-02-14 10:44:39 INFO    |  step: 12672000, ep_eval/episode_success_any: 0.000 +/- 0.000
2026-02-14 10:44:39 INFO    |  step: 12672000, eval/episode_reward_ctrl: 0.000 +/- 0.000
2026-02-14 10:44:39 INFO    |  step: 12672000, eval/episode_reward_dist: 0.000 +/- 0.000
2026-02-14 10:44:39 INFO    |  step: 12672000, eval/episode_reward_near: 0.000 +/- 0.000
2026-02-14 10:44:39 INFO    |  step: 12672000, eval/episode_reward_survive: 0.000 +/- 0.000
2026-02-14 10:44:39 INFO    |  step: 12672000, eval/episode_success_hard: 0.000 +/- 0.000
2026-02-14 10:44:39 INFO    |  step: 12672000, ep_eval/episode_reward_ctrl: 0.000 +/- 0.000
2026-02-14 10:44:39 INFO    |  step: 12672000, ep_eval/episode_reward_dist: 0.000 +/- 0.000
2026-02-14 10:44:39 INFO    |  step: 12672000, ep_eval/episode_reward_near: 0.000 +/- 0.000
2026-02-14 10:44:39 INFO    |  step: 12672000, ep_eval/episode_reward_survive: 0.000 +/- 0.000
2026-02-14 10:44:39 INFO    |  step: 12672000, ep_eval/episode_success_hard: 0.000 +/- 0.000
2026-02-14 10:44:39 INFO    |  step: 12672000, training/actor_loss: 0.000 +/- 0.000
2026-02-14 10:44:39 INFO    |  step: 12672000, training/log_alpha: 0.000 +/- 0.000
2026-02-14 10:44:39 INFO    |  step: 12672000, training/alpha_loss: 0.000 +/- 0.000
2026-02-14 10:44:39 INFO    |  step: 12672000, training/critic_loss: 0.000 +/- 0.000
2026-02-14 10:44:39 INFO    |  step: 12672000, training/entropy: 0.000 +/- 0.000
2026-02-14 10:46:55 INFO    |  Visualization: collected_transitions shape: (1500, 256, 31), num_envs: 256
2026-02-14 10:46:55 INFO    |  Visualization: Raw collected_transitions has 256 unique trajectory IDs out of 384000 total transitions
2026-02-14 10:46:56 INFO    |  Visualization: processed_transitions shape: (1499, 256, 31)
2026-02-14 10:46:56 INFO    |  Visualization: Found 256 unique trajectory IDs out of 383744 total transitions
2026-02-14 10:46:56 INFO    |  Transition shapes: obs=(1499, 256, 31), traj_ids=(1499, 256), traj_ids_flat=(383744,)
2026-02-14 10:46:59 INFO    |  Plotted visualizations at env step 13440000.0
2026-02-14 10:47:19 INFO    |  step: 13440000
2026-02-14 10:47:19 INFO    |  step: 13440000, training/sps: 5484.091 +/- 0.000
2026-02-14 10:47:19 INFO    |  step: 13440000, training/ep_actor_loss: 0.003 +/- 0.000
2026-02-14 10:47:19 INFO    |  step: 13440000, training/ep_alpha_loss: -0.000 +/- 0.000
2026-02-14 10:47:19 INFO    |  step: 13440000, training/ep_categorical_accuracy: 0.004 +/- 0.000
2026-02-14 10:47:19 INFO    |  step: 13440000, training/ep_critic_loss: 8.619 +/- 0.000
2026-02-14 10:47:19 INFO    |  step: 13440000, training/ep_entropy: -4.000 +/- 0.000
2026-02-14 10:47:19 INFO    |  step: 13440000, training/ep_log_alpha: -8.330 +/- 0.000
2026-02-14 10:47:19 INFO    |  step: 13440000, training/ep_logits_neg: -0.001 +/- 0.000
2026-02-14 10:47:19 INFO    |  step: 13440000, training/ep_logits_pos: -0.001 +/- 0.000
2026-02-14 10:47:19 INFO    |  step: 13440000, training/ep_logsumexp: 5.544 +/- 0.000
2026-02-14 10:47:19 INFO    |  step: 13440000, training/gcp_actor_loss: 2.962 +/- 0.000
2026-02-14 10:47:19 INFO    |  step: 13440000, training/gcp_alpha_loss: 0.000 +/- 0.000
2026-02-14 10:47:19 INFO    |  step: 13440000, training/gcp_categorical_accuracy: 0.622 +/- 0.000
2026-02-14 10:47:19 INFO    |  step: 13440000, training/gcp_critic_loss: 1.740 +/- 0.000
2026-02-14 10:47:19 INFO    |  step: 13440000, training/gcp_entropy: -3.999 +/- 0.000
2026-02-14 10:47:19 INFO    |  step: 13440000, training/gcp_log_alpha: -2.409 +/- 0.000
2026-02-14 10:47:19 INFO    |  step: 13440000, training/gcp_logits_neg: -9.647 +/- 0.000
2026-02-14 10:47:19 INFO    |  step: 13440000, training/gcp_logits_pos: -2.487 +/- 0.000
2026-02-14 10:47:19 INFO    |  step: 13440000, training/gcp_logsumexp: -0.853 +/- 0.000
2026-02-14 10:47:19 INFO    |  step: 13440000, eval/episode_reward: 0.000 +/- 0.000
2026-02-14 10:47:19 INFO    |  step: 13440000, eval/episode_success: 0.000 +/- 0.000
2026-02-14 10:47:19 INFO    |  step: 13440000, eval/episode_success_easy: 0.000 +/- 0.000
2026-02-14 10:47:19 INFO    |  step: 13440000, eval/episode_dist: 11973.447 +/- 0.000
2026-02-14 10:47:19 INFO    |  step: 13440000, eval/episode_success_any: 0.000 +/- 0.000
2026-02-14 10:47:19 INFO    |  step: 13440000, ep_eval/episode_reward: 0.000 +/- 0.000
2026-02-14 10:47:19 INFO    |  step: 13440000, ep_eval/episode_success: 0.000 +/- 0.000
2026-02-14 10:47:19 INFO    |  step: 13440000, ep_eval/episode_success_easy: 0.000 +/- 0.000
2026-02-14 10:47:19 INFO    |  step: 13440000, ep_eval/episode_dist: 12332.244 +/- 0.000
2026-02-14 10:47:19 INFO    |  step: 13440000, ep_eval/episode_success_any: 0.000 +/- 0.000
2026-02-14 10:47:19 INFO    |  step: 13440000, eval/episode_reward_ctrl: 0.000 +/- 0.000
2026-02-14 10:47:19 INFO    |  step: 13440000, eval/episode_reward_dist: 0.000 +/- 0.000
2026-02-14 10:47:19 INFO    |  step: 13440000, eval/episode_reward_near: 0.000 +/- 0.000
2026-02-14 10:47:19 INFO    |  step: 13440000, eval/episode_reward_survive: 0.000 +/- 0.000
2026-02-14 10:47:19 INFO    |  step: 13440000, eval/episode_success_hard: 0.000 +/- 0.000
2026-02-14 10:47:19 INFO    |  step: 13440000, ep_eval/episode_reward_ctrl: 0.000 +/- 0.000
2026-02-14 10:47:19 INFO    |  step: 13440000, ep_eval/episode_reward_dist: 0.000 +/- 0.000
2026-02-14 10:47:19 INFO    |  step: 13440000, ep_eval/episode_reward_near: 0.000 +/- 0.000
2026-02-14 10:47:19 INFO    |  step: 13440000, ep_eval/episode_reward_survive: 0.000 +/- 0.000
2026-02-14 10:47:19 INFO    |  step: 13440000, ep_eval/episode_success_hard: 0.000 +/- 0.000
2026-02-14 10:47:19 INFO    |  step: 13440000, training/actor_loss: 0.000 +/- 0.000
2026-02-14 10:47:19 INFO    |  step: 13440000, training/log_alpha: 0.000 +/- 0.000
2026-02-14 10:47:19 INFO    |  step: 13440000, training/alpha_loss: 0.000 +/- 0.000
2026-02-14 10:47:19 INFO    |  step: 13440000, training/critic_loss: 0.000 +/- 0.000
2026-02-14 10:47:19 INFO    |  step: 13440000, training/entropy: 0.000 +/- 0.000
2026-02-14 10:48:31 INFO    |  Visualization: collected_transitions shape: (2000, 256, 31), num_envs: 256
2026-02-14 10:48:31 INFO    |  Visualization: Raw collected_transitions has 256 unique trajectory IDs out of 512000 total transitions
2026-02-14 10:48:32 INFO    |  Visualization: processed_transitions shape: (1999, 256, 31)
2026-02-14 10:48:33 INFO    |  Visualization: Found 256 unique trajectory IDs out of 511744 total transitions
2026-02-14 10:48:33 INFO    |  Transition shapes: obs=(1999, 256, 31), traj_ids=(1999, 256), traj_ids_flat=(511744,)
2026-02-14 10:48:35 INFO    |  Plotted visualizations at env step 10752000.0
2026-02-14 10:48:37 INFO    |  Visualization: collected_transitions shape: (2000, 256, 31), num_envs: 256
2026-02-14 10:48:37 INFO    |  Visualization: Raw collected_transitions has 256 unique trajectory IDs out of 512000 total transitions
2026-02-14 10:48:38 INFO    |  Visualization: processed_transitions shape: (1999, 256, 31)
2026-02-14 10:48:38 INFO    |  Visualization: Found 256 unique trajectory IDs out of 511744 total transitions
2026-02-14 10:48:38 INFO    |  Transition shapes: obs=(1999, 256, 31), traj_ids=(1999, 256), traj_ids_flat=(511744,)
2026-02-14 10:48:40 INFO    |  Plotted visualizations at env step 10752000.0
2026-02-14 10:49:12 INFO    |  step: 10752000
2026-02-14 10:49:12 INFO    |  step: 10752000, training/sps: 4093.760 +/- 0.000
2026-02-14 10:49:12 INFO    |  step: 10752000, training/ep_actor_loss: 0.003 +/- 0.000
2026-02-14 10:49:12 INFO    |  step: 10752000, training/ep_alpha_loss: 0.000 +/- 0.000
2026-02-14 10:49:12 INFO    |  step: 10752000, training/ep_categorical_accuracy: 0.004 +/- 0.000
2026-02-14 10:49:12 INFO    |  step: 10752000, training/ep_critic_loss: 8.619 +/- 0.000
2026-02-14 10:49:12 INFO    |  step: 10752000, training/ep_entropy: -4.000 +/- 0.000
2026-02-14 10:49:12 INFO    |  step: 10752000, training/ep_log_alpha: -8.330 +/- 0.000
2026-02-14 10:49:12 INFO    |  step: 10752000, training/ep_logits_neg: -0.001 +/- 0.000
2026-02-14 10:49:12 INFO    |  step: 10752000, training/ep_logits_pos: -0.001 +/- 0.000
2026-02-14 10:49:12 INFO    |  step: 10752000, training/ep_logsumexp: 5.544 +/- 0.000
2026-02-14 10:49:12 INFO    |  step: 10752000, training/gcp_actor_loss: 2.564 +/- 0.000
2026-02-14 10:49:12 INFO    |  step: 10752000, training/gcp_alpha_loss: -0.000 +/- 0.000
2026-02-14 10:49:12 INFO    |  step: 10752000, training/gcp_categorical_accuracy: 0.635 +/- 0.000
2026-02-14 10:49:12 INFO    |  step: 10752000, training/gcp_critic_loss: 1.621 +/- 0.000
2026-02-14 10:49:12 INFO    |  step: 10752000, training/gcp_entropy: -4.000 +/- 0.000
2026-02-14 10:49:12 INFO    |  step: 10752000, training/gcp_log_alpha: -2.736 +/- 0.000
2026-02-14 10:49:12 INFO    |  step: 10752000, training/gcp_logits_neg: -10.049 +/- 0.000
2026-02-14 10:49:12 INFO    |  step: 10752000, training/gcp_logits_pos: -2.366 +/- 0.000
2026-02-14 10:49:12 INFO    |  step: 10752000, training/gcp_logsumexp: -0.851 +/- 0.000
2026-02-14 10:49:12 INFO    |  step: 10752000, eval/episode_reward: 0.000 +/- 0.000
2026-02-14 10:49:12 INFO    |  step: 10752000, eval/episode_success: 0.000 +/- 0.000
2026-02-14 10:49:12 INFO    |  step: 10752000, eval/episode_success_easy: 0.000 +/- 0.000
2026-02-14 10:49:12 INFO    |  step: 10752000, eval/episode_dist: 33102.457 +/- 0.000
2026-02-14 10:49:12 INFO    |  step: 10752000, eval/episode_success_any: 0.000 +/- 0.000
2026-02-14 10:49:12 INFO    |  step: 10752000, ep_eval/episode_reward: 0.000 +/- 0.000
2026-02-14 10:49:12 INFO    |  step: 10752000, ep_eval/episode_success: 0.000 +/- 0.000
2026-02-14 10:49:12 INFO    |  step: 10752000, ep_eval/episode_success_easy: 0.000 +/- 0.000
2026-02-14 10:49:12 INFO    |  step: 10752000, ep_eval/episode_dist: 34375.566 +/- 0.000
2026-02-14 10:49:12 INFO    |  step: 10752000, ep_eval/episode_success_any: 0.000 +/- 0.000
2026-02-14 10:49:12 INFO    |  step: 10752000, eval/episode_reward_ctrl: 0.000 +/- 0.000
2026-02-14 10:49:12 INFO    |  step: 10752000, eval/episode_reward_dist: 0.000 +/- 0.000
2026-02-14 10:49:12 INFO    |  step: 10752000, eval/episode_reward_near: 0.000 +/- 0.000
2026-02-14 10:49:12 INFO    |  step: 10752000, eval/episode_reward_survive: 0.000 +/- 0.000
2026-02-14 10:49:12 INFO    |  step: 10752000, eval/episode_success_hard: 0.000 +/- 0.000
2026-02-14 10:49:12 INFO    |  step: 10752000, ep_eval/episode_reward_ctrl: 0.000 +/- 0.000
2026-02-14 10:49:12 INFO    |  step: 10752000, ep_eval/episode_reward_dist: 0.000 +/- 0.000
2026-02-14 10:49:12 INFO    |  step: 10752000, ep_eval/episode_reward_near: 0.000 +/- 0.000
2026-02-14 10:49:12 INFO    |  step: 10752000, ep_eval/episode_reward_survive: 0.000 +/- 0.000
2026-02-14 10:49:12 INFO    |  step: 10752000, ep_eval/episode_success_hard: 0.000 +/- 0.000
2026-02-14 10:49:12 INFO    |  step: 10752000, training/actor_loss: 0.000 +/- 0.000
2026-02-14 10:49:12 INFO    |  step: 10752000, training/log_alpha: 0.000 +/- 0.000
2026-02-14 10:49:12 INFO    |  step: 10752000, training/alpha_loss: 0.000 +/- 0.000
2026-02-14 10:49:12 INFO    |  step: 10752000, training/critic_loss: 0.000 +/- 0.000
2026-02-14 10:49:12 INFO    |  step: 10752000, training/entropy: 0.000 +/- 0.000
2026-02-14 10:49:18 INFO    |  step: 10752000
2026-02-14 10:49:18 INFO    |  step: 10752000, training/sps: 4067.318 +/- 0.000
2026-02-14 10:49:18 INFO    |  step: 10752000, training/ep_actor_loss: 0.003 +/- 0.000
2026-02-14 10:49:18 INFO    |  step: 10752000, training/ep_alpha_loss: 0.000 +/- 0.000
2026-02-14 10:49:18 INFO    |  step: 10752000, training/ep_categorical_accuracy: 0.004 +/- 0.000
2026-02-14 10:49:18 INFO    |  step: 10752000, training/ep_critic_loss: 8.619 +/- 0.000
2026-02-14 10:49:18 INFO    |  step: 10752000, training/ep_entropy: -4.000 +/- 0.000
2026-02-14 10:49:18 INFO    |  step: 10752000, training/ep_log_alpha: -8.330 +/- 0.000
2026-02-14 10:49:18 INFO    |  step: 10752000, training/ep_logits_neg: -0.001 +/- 0.000
2026-02-14 10:49:18 INFO    |  step: 10752000, training/ep_logits_pos: -0.001 +/- 0.000
2026-02-14 10:49:18 INFO    |  step: 10752000, training/ep_logsumexp: 5.544 +/- 0.000
2026-02-14 10:49:18 INFO    |  step: 10752000, training/gcp_actor_loss: 2.739 +/- 0.000
2026-02-14 10:49:18 INFO    |  step: 10752000, training/gcp_alpha_loss: 0.000 +/- 0.000
2026-02-14 10:49:18 INFO    |  step: 10752000, training/gcp_categorical_accuracy: 0.593 +/- 0.000
2026-02-14 10:49:18 INFO    |  step: 10752000, training/gcp_critic_loss: 1.829 +/- 0.000
2026-02-14 10:49:18 INFO    |  step: 10752000, training/gcp_entropy: -3.999 +/- 0.000
2026-02-14 10:49:18 INFO    |  step: 10752000, training/gcp_log_alpha: -2.777 +/- 0.000
2026-02-14 10:49:18 INFO    |  step: 10752000, training/gcp_logits_neg: -9.685 +/- 0.000
2026-02-14 10:49:18 INFO    |  step: 10752000, training/gcp_logits_pos: -2.519 +/- 0.000
2026-02-14 10:49:18 INFO    |  step: 10752000, training/gcp_logsumexp: -0.782 +/- 0.000
2026-02-14 10:49:18 INFO    |  step: 10752000, eval/episode_reward: 0.000 +/- 0.000
2026-02-14 10:49:18 INFO    |  step: 10752000, eval/episode_success: 0.000 +/- 0.000
2026-02-14 10:49:18 INFO    |  step: 10752000, eval/episode_success_easy: 0.000 +/- 0.000
2026-02-14 10:49:18 INFO    |  step: 10752000, eval/episode_dist: 33239.465 +/- 0.000
2026-02-14 10:49:18 INFO    |  step: 10752000, eval/episode_success_any: 0.000 +/- 0.000
2026-02-14 10:49:18 INFO    |  step: 10752000, ep_eval/episode_reward: 0.000 +/- 0.000
2026-02-14 10:49:18 INFO    |  step: 10752000, ep_eval/episode_success: 0.000 +/- 0.000
2026-02-14 10:49:18 INFO    |  step: 10752000, ep_eval/episode_success_easy: 0.000 +/- 0.000
2026-02-14 10:49:18 INFO    |  step: 10752000, ep_eval/episode_dist: 34376.293 +/- 0.000
2026-02-14 10:49:18 INFO    |  step: 10752000, ep_eval/episode_success_any: 0.000 +/- 0.000
2026-02-14 10:49:18 INFO    |  step: 10752000, eval/episode_reward_ctrl: 0.000 +/- 0.000
2026-02-14 10:49:18 INFO    |  step: 10752000, eval/episode_reward_dist: 0.000 +/- 0.000
2026-02-14 10:49:18 INFO    |  step: 10752000, eval/episode_reward_near: 0.000 +/- 0.000
2026-02-14 10:49:18 INFO    |  step: 10752000, eval/episode_reward_survive: 0.000 +/- 0.000
2026-02-14 10:49:18 INFO    |  step: 10752000, eval/episode_success_hard: 0.000 +/- 0.000
2026-02-14 10:49:18 INFO    |  step: 10752000, ep_eval/episode_reward_ctrl: 0.000 +/- 0.000
2026-02-14 10:49:18 INFO    |  step: 10752000, ep_eval/episode_reward_dist: 0.000 +/- 0.000
2026-02-14 10:49:18 INFO    |  step: 10752000, ep_eval/episode_reward_near: 0.000 +/- 0.000
2026-02-14 10:49:18 INFO    |  step: 10752000, ep_eval/episode_reward_survive: 0.000 +/- 0.000
2026-02-14 10:49:18 INFO    |  step: 10752000, ep_eval/episode_success_hard: 0.000 +/- 0.000
2026-02-14 10:49:18 INFO    |  step: 10752000, training/actor_loss: 0.000 +/- 0.000
2026-02-14 10:49:18 INFO    |  step: 10752000, training/log_alpha: 0.000 +/- 0.000
2026-02-14 10:49:18 INFO    |  step: 10752000, training/alpha_loss: 0.000 +/- 0.000
2026-02-14 10:49:18 INFO    |  step: 10752000, training/critic_loss: 0.000 +/- 0.000
2026-02-14 10:49:18 INFO    |  step: 10752000, training/entropy: 0.000 +/- 0.000
2026-02-14 10:49:37 INFO    |  Visualization: collected_transitions shape: (1500, 256, 31), num_envs: 256
2026-02-14 10:49:37 INFO    |  Visualization: Raw collected_transitions has 256 unique trajectory IDs out of 384000 total transitions
2026-02-14 10:49:37 INFO    |  Visualization: processed_transitions shape: (1499, 256, 31)
2026-02-14 10:49:38 INFO    |  Visualization: Found 256 unique trajectory IDs out of 383744 total transitions
2026-02-14 10:49:38 INFO    |  Transition shapes: obs=(1499, 256, 31), traj_ids=(1499, 256), traj_ids_flat=(383744,)
2026-02-14 10:49:40 INFO    |  Plotted visualizations at env step 14208000.0
2026-02-14 10:50:01 INFO    |  step: 14208000
2026-02-14 10:50:01 INFO    |  step: 14208000, training/sps: 5456.043 +/- 0.000
2026-02-14 10:50:01 INFO    |  step: 14208000, training/ep_actor_loss: 0.003 +/- 0.000
2026-02-14 10:50:01 INFO    |  step: 14208000, training/ep_alpha_loss: -0.000 +/- 0.000
2026-02-14 10:50:01 INFO    |  step: 14208000, training/ep_categorical_accuracy: 0.004 +/- 0.000
2026-02-14 10:50:01 INFO    |  step: 14208000, training/ep_critic_loss: 8.619 +/- 0.000
2026-02-14 10:50:01 INFO    |  step: 14208000, training/ep_entropy: -4.000 +/- 0.000
2026-02-14 10:50:01 INFO    |  step: 14208000, training/ep_log_alpha: -8.330 +/- 0.000
2026-02-14 10:50:01 INFO    |  step: 14208000, training/ep_logits_neg: -0.001 +/- 0.000
2026-02-14 10:50:01 INFO    |  step: 14208000, training/ep_logits_pos: -0.001 +/- 0.000
2026-02-14 10:50:01 INFO    |  step: 14208000, training/ep_logsumexp: 5.544 +/- 0.000
2026-02-14 10:50:01 INFO    |  step: 14208000, training/gcp_actor_loss: 2.853 +/- 0.000
2026-02-14 10:50:01 INFO    |  step: 14208000, training/gcp_alpha_loss: 0.000 +/- 0.000
2026-02-14 10:50:01 INFO    |  step: 14208000, training/gcp_categorical_accuracy: 0.628 +/- 0.000
2026-02-14 10:50:01 INFO    |  step: 14208000, training/gcp_critic_loss: 1.706 +/- 0.000
2026-02-14 10:50:01 INFO    |  step: 14208000, training/gcp_entropy: -3.998 +/- 0.000
2026-02-14 10:50:01 INFO    |  step: 14208000, training/gcp_log_alpha: -2.505 +/- 0.000
2026-02-14 10:50:01 INFO    |  step: 14208000, training/gcp_logits_neg: -9.708 +/- 0.000
2026-02-14 10:50:01 INFO    |  step: 14208000, training/gcp_logits_pos: -2.447 +/- 0.000
2026-02-14 10:50:01 INFO    |  step: 14208000, training/gcp_logsumexp: -0.846 +/- 0.000
2026-02-14 10:50:01 INFO    |  step: 14208000, eval/episode_reward: 0.000 +/- 0.000
2026-02-14 10:50:01 INFO    |  step: 14208000, eval/episode_success: 0.000 +/- 0.000
2026-02-14 10:50:01 INFO    |  step: 14208000, eval/episode_success_easy: 0.000 +/- 0.000
2026-02-14 10:50:01 INFO    |  step: 14208000, eval/episode_dist: 11817.689 +/- 0.000
2026-02-14 10:50:01 INFO    |  step: 14208000, eval/episode_success_any: 0.000 +/- 0.000
2026-02-14 10:50:01 INFO    |  step: 14208000, ep_eval/episode_reward: 0.000 +/- 0.000
2026-02-14 10:50:01 INFO    |  step: 14208000, ep_eval/episode_success: 0.000 +/- 0.000
2026-02-14 10:50:01 INFO    |  step: 14208000, ep_eval/episode_success_easy: 0.000 +/- 0.000
2026-02-14 10:50:01 INFO    |  step: 14208000, ep_eval/episode_dist: 11973.510 +/- 0.000
2026-02-14 10:50:01 INFO    |  step: 14208000, ep_eval/episode_success_any: 0.000 +/- 0.000
2026-02-14 10:50:01 INFO    |  step: 14208000, eval/episode_reward_ctrl: 0.000 +/- 0.000
2026-02-14 10:50:01 INFO    |  step: 14208000, eval/episode_reward_dist: 0.000 +/- 0.000
2026-02-14 10:50:01 INFO    |  step: 14208000, eval/episode_reward_near: 0.000 +/- 0.000
2026-02-14 10:50:01 INFO    |  step: 14208000, eval/episode_reward_survive: 0.000 +/- 0.000
2026-02-14 10:50:01 INFO    |  step: 14208000, eval/episode_success_hard: 0.000 +/- 0.000
2026-02-14 10:50:01 INFO    |  step: 14208000, ep_eval/episode_reward_ctrl: 0.000 +/- 0.000
2026-02-14 10:50:01 INFO    |  step: 14208000, ep_eval/episode_reward_dist: 0.000 +/- 0.000
2026-02-14 10:50:01 INFO    |  step: 14208000, ep_eval/episode_reward_near: 0.000 +/- 0.000
2026-02-14 10:50:01 INFO    |  step: 14208000, ep_eval/episode_reward_survive: 0.000 +/- 0.000
2026-02-14 10:50:01 INFO    |  step: 14208000, ep_eval/episode_success_hard: 0.000 +/- 0.000
2026-02-14 10:50:01 INFO    |  step: 14208000, training/actor_loss: 0.000 +/- 0.000
2026-02-14 10:50:01 INFO    |  step: 14208000, training/log_alpha: 0.000 +/- 0.000
2026-02-14 10:50:01 INFO    |  step: 14208000, training/alpha_loss: 0.000 +/- 0.000
2026-02-14 10:50:01 INFO    |  step: 14208000, training/critic_loss: 0.000 +/- 0.000
2026-02-14 10:50:01 INFO    |  step: 14208000, training/entropy: 0.000 +/- 0.000
2026-02-14 10:52:19 INFO    |  Visualization: collected_transitions shape: (1500, 256, 31), num_envs: 256
2026-02-14 10:52:19 INFO    |  Visualization: Raw collected_transitions has 256 unique trajectory IDs out of 384000 total transitions
2026-02-14 10:52:19 INFO    |  Visualization: processed_transitions shape: (1499, 256, 31)
2026-02-14 10:52:20 INFO    |  Visualization: Found 256 unique trajectory IDs out of 383744 total transitions
2026-02-14 10:52:20 INFO    |  Transition shapes: obs=(1499, 256, 31), traj_ids=(1499, 256), traj_ids_flat=(383744,)
2026-02-14 10:52:22 INFO    |  Plotted visualizations at env step 14976000.0
2026-02-14 10:52:43 INFO    |  step: 14976000
2026-02-14 10:52:43 INFO    |  step: 14976000, training/sps: 5447.185 +/- 0.000
2026-02-14 10:52:43 INFO    |  step: 14976000, training/ep_actor_loss: 0.003 +/- 0.000
2026-02-14 10:52:43 INFO    |  step: 14976000, training/ep_alpha_loss: 0.000 +/- 0.000
2026-02-14 10:52:43 INFO    |  step: 14976000, training/ep_categorical_accuracy: 0.004 +/- 0.000
2026-02-14 10:52:43 INFO    |  step: 14976000, training/ep_critic_loss: 8.619 +/- 0.000
2026-02-14 10:52:43 INFO    |  step: 14976000, training/ep_entropy: -4.000 +/- 0.000
2026-02-14 10:52:43 INFO    |  step: 14976000, training/ep_log_alpha: -8.330 +/- 0.000
2026-02-14 10:52:43 INFO    |  step: 14976000, training/ep_logits_neg: -0.001 +/- 0.000
2026-02-14 10:52:43 INFO    |  step: 14976000, training/ep_logits_pos: -0.001 +/- 0.000
2026-02-14 10:52:43 INFO    |  step: 14976000, training/ep_logsumexp: 5.544 +/- 0.000
2026-02-14 10:52:43 INFO    |  step: 14976000, training/gcp_actor_loss: 2.814 +/- 0.000
2026-02-14 10:52:43 INFO    |  step: 14976000, training/gcp_alpha_loss: 0.000 +/- 0.000
2026-02-14 10:52:43 INFO    |  step: 14976000, training/gcp_categorical_accuracy: 0.597 +/- 0.000
2026-02-14 10:52:43 INFO    |  step: 14976000, training/gcp_critic_loss: 1.832 +/- 0.000
2026-02-14 10:52:43 INFO    |  step: 14976000, training/gcp_entropy: -3.998 +/- 0.000
2026-02-14 10:52:43 INFO    |  step: 14976000, training/gcp_log_alpha: -2.672 +/- 0.000
2026-02-14 10:52:43 INFO    |  step: 14976000, training/gcp_logits_neg: -9.550 +/- 0.000
2026-02-14 10:52:43 INFO    |  step: 14976000, training/gcp_logits_pos: -2.565 +/- 0.000
2026-02-14 10:52:43 INFO    |  step: 14976000, training/gcp_logsumexp: -0.833 +/- 0.000
2026-02-14 10:52:43 INFO    |  step: 14976000, eval/episode_reward: 0.000 +/- 0.000
2026-02-14 10:52:43 INFO    |  step: 14976000, eval/episode_success: 0.000 +/- 0.000
2026-02-14 10:52:43 INFO    |  step: 14976000, eval/episode_success_easy: 0.000 +/- 0.000
2026-02-14 10:52:43 INFO    |  step: 14976000, eval/episode_dist: 12254.277 +/- 0.000
2026-02-14 10:52:43 INFO    |  step: 14976000, eval/episode_success_any: 0.000 +/- 0.000
2026-02-14 10:52:43 INFO    |  step: 14976000, ep_eval/episode_reward: 0.000 +/- 0.000
2026-02-14 10:52:43 INFO    |  step: 14976000, ep_eval/episode_success: 0.000 +/- 0.000
2026-02-14 10:52:43 INFO    |  step: 14976000, ep_eval/episode_success_easy: 0.000 +/- 0.000
2026-02-14 10:52:43 INFO    |  step: 14976000, ep_eval/episode_dist: 12450.449 +/- 0.000
2026-02-14 10:52:43 INFO    |  step: 14976000, ep_eval/episode_success_any: 0.000 +/- 0.000
2026-02-14 10:52:43 INFO    |  step: 14976000, eval/episode_reward_ctrl: 0.000 +/- 0.000
2026-02-14 10:52:43 INFO    |  step: 14976000, eval/episode_reward_dist: 0.000 +/- 0.000
2026-02-14 10:52:43 INFO    |  step: 14976000, eval/episode_reward_near: 0.000 +/- 0.000
2026-02-14 10:52:43 INFO    |  step: 14976000, eval/episode_reward_survive: 0.000 +/- 0.000
2026-02-14 10:52:43 INFO    |  step: 14976000, eval/episode_success_hard: 0.000 +/- 0.000
2026-02-14 10:52:43 INFO    |  step: 14976000, ep_eval/episode_reward_ctrl: 0.000 +/- 0.000
2026-02-14 10:52:43 INFO    |  step: 14976000, ep_eval/episode_reward_dist: 0.000 +/- 0.000
2026-02-14 10:52:43 INFO    |  step: 14976000, ep_eval/episode_reward_near: 0.000 +/- 0.000
2026-02-14 10:52:43 INFO    |  step: 14976000, ep_eval/episode_reward_survive: 0.000 +/- 0.000
2026-02-14 10:52:43 INFO    |  step: 14976000, ep_eval/episode_success_hard: 0.000 +/- 0.000
2026-02-14 10:52:43 INFO    |  step: 14976000, training/actor_loss: 0.000 +/- 0.000
2026-02-14 10:52:43 INFO    |  step: 14976000, training/log_alpha: 0.000 +/- 0.000
2026-02-14 10:52:43 INFO    |  step: 14976000, training/alpha_loss: 0.000 +/- 0.000
2026-02-14 10:52:43 INFO    |  step: 14976000, training/critic_loss: 0.000 +/- 0.000
2026-02-14 10:52:43 INFO    |  step: 14976000, training/entropy: 0.000 +/- 0.000
2026-02-14 10:53:20 INFO    |  Visualization: collected_transitions shape: (2000, 256, 31), num_envs: 256
2026-02-14 10:53:20 INFO    |  Visualization: Raw collected_transitions has 256 unique trajectory IDs out of 512000 total transitions
2026-02-14 10:53:21 INFO    |  Visualization: processed_transitions shape: (1999, 256, 31)
2026-02-14 10:53:21 INFO    |  Visualization: Found 256 unique trajectory IDs out of 511744 total transitions
2026-02-14 10:53:21 INFO    |  Transition shapes: obs=(1999, 256, 31), traj_ids=(1999, 256), traj_ids_flat=(511744,)
2026-02-14 10:53:23 INFO    |  Plotted visualizations at env step 11776000.0
2026-02-14 10:53:26 INFO    |  Visualization: collected_transitions shape: (2000, 256, 31), num_envs: 256
2026-02-14 10:53:26 INFO    |  Visualization: Raw collected_transitions has 256 unique trajectory IDs out of 512000 total transitions
2026-02-14 10:53:26 INFO    |  Visualization: processed_transitions shape: (1999, 256, 31)
2026-02-14 10:53:27 INFO    |  Visualization: Found 256 unique trajectory IDs out of 511744 total transitions
2026-02-14 10:53:27 INFO    |  Transition shapes: obs=(1999, 256, 31), traj_ids=(1999, 256), traj_ids_flat=(511744,)
2026-02-14 10:53:29 INFO    |  Plotted visualizations at env step 11776000.0
2026-02-14 10:54:01 INFO    |  step: 11776000
2026-02-14 10:54:04 INFO    |  actor input shape: (1, 31)
2026-02-14 10:54:07 INFO    |  step: 11776000
2026-02-14 10:54:10 INFO    |  actor input shape: (1, 31)
2026-02-14 10:54:35 INFO    |  step: 11776000, training/sps: 4084.513 +/- 0.000
2026-02-14 10:54:35 INFO    |  step: 11776000, training/ep_actor_loss: 0.003 +/- 0.000
2026-02-14 10:54:35 INFO    |  step: 11776000, training/ep_alpha_loss: -0.000 +/- 0.000
2026-02-14 10:54:35 INFO    |  step: 11776000, training/ep_categorical_accuracy: 0.004 +/- 0.000
2026-02-14 10:54:35 INFO    |  step: 11776000, training/ep_critic_loss: 8.619 +/- 0.000
2026-02-14 10:54:35 INFO    |  step: 11776000, training/ep_entropy: -4.000 +/- 0.000
2026-02-14 10:54:35 INFO    |  step: 11776000, training/ep_log_alpha: -8.330 +/- 0.000
2026-02-14 10:54:35 INFO    |  step: 11776000, training/ep_logits_neg: -0.001 +/- 0.000
2026-02-14 10:54:35 INFO    |  step: 11776000, training/ep_logits_pos: -0.001 +/- 0.000
2026-02-14 10:54:35 INFO    |  step: 11776000, training/ep_logsumexp: 5.544 +/- 0.000
2026-02-14 10:54:35 INFO    |  step: 11776000, training/gcp_actor_loss: 2.577 +/- 0.000
2026-02-14 10:54:35 INFO    |  step: 11776000, training/gcp_alpha_loss: -0.000 +/- 0.000
2026-02-14 10:54:35 INFO    |  step: 11776000, training/gcp_categorical_accuracy: 0.633 +/- 0.000
2026-02-14 10:54:35 INFO    |  step: 11776000, training/gcp_critic_loss: 1.612 +/- 0.000
2026-02-14 10:54:35 INFO    |  step: 11776000, training/gcp_entropy: -4.000 +/- 0.000
2026-02-14 10:54:35 INFO    |  step: 11776000, training/gcp_log_alpha: -2.686 +/- 0.000
2026-02-14 10:54:35 INFO    |  step: 11776000, training/gcp_logits_neg: -10.048 +/- 0.000
2026-02-14 10:54:35 INFO    |  step: 11776000, training/gcp_logits_pos: -2.370 +/- 0.000
2026-02-14 10:54:35 INFO    |  step: 11776000, training/gcp_logsumexp: -0.867 +/- 0.000
2026-02-14 10:54:35 INFO    |  step: 11776000, eval/episode_reward: 0.000 +/- 0.000
2026-02-14 10:54:35 INFO    |  step: 11776000, eval/episode_success: 0.000 +/- 0.000
2026-02-14 10:54:35 INFO    |  step: 11776000, eval/episode_success_easy: 0.000 +/- 0.000
2026-02-14 10:54:35 INFO    |  step: 11776000, eval/episode_dist: 32355.602 +/- 0.000
2026-02-14 10:54:35 INFO    |  step: 11776000, eval/episode_success_any: 0.000 +/- 0.000
2026-02-14 10:54:35 INFO    |  step: 11776000, ep_eval/episode_reward: 0.000 +/- 0.000
2026-02-14 10:54:35 INFO    |  step: 11776000, ep_eval/episode_success: 0.000 +/- 0.000
2026-02-14 10:54:35 INFO    |  step: 11776000, ep_eval/episode_success_easy: 0.000 +/- 0.000
2026-02-14 10:54:35 INFO    |  step: 11776000, ep_eval/episode_dist: 33442.133 +/- 0.000
2026-02-14 10:54:35 INFO    |  step: 11776000, ep_eval/episode_success_any: 0.000 +/- 0.000
2026-02-14 10:54:35 INFO    |  step: 11776000, eval/episode_reward_ctrl: 0.000 +/- 0.000
2026-02-14 10:54:35 INFO    |  step: 11776000, eval/episode_reward_dist: 0.000 +/- 0.000
2026-02-14 10:54:35 INFO    |  step: 11776000, eval/episode_reward_near: 0.000 +/- 0.000
2026-02-14 10:54:35 INFO    |  step: 11776000, eval/episode_reward_survive: 0.000 +/- 0.000
2026-02-14 10:54:35 INFO    |  step: 11776000, eval/episode_success_hard: 0.000 +/- 0.000
2026-02-14 10:54:35 INFO    |  step: 11776000, ep_eval/episode_reward_ctrl: 0.000 +/- 0.000
2026-02-14 10:54:35 INFO    |  step: 11776000, ep_eval/episode_reward_dist: 0.000 +/- 0.000
2026-02-14 10:54:35 INFO    |  step: 11776000, ep_eval/episode_reward_near: 0.000 +/- 0.000
2026-02-14 10:54:35 INFO    |  step: 11776000, ep_eval/episode_reward_survive: 0.000 +/- 0.000
2026-02-14 10:54:35 INFO    |  step: 11776000, ep_eval/episode_success_hard: 0.000 +/- 0.000
2026-02-14 10:54:35 INFO    |  step: 11776000, training/actor_loss: 0.000 +/- 0.000
2026-02-14 10:54:35 INFO    |  step: 11776000, training/log_alpha: 0.000 +/- 0.000
2026-02-14 10:54:35 INFO    |  step: 11776000, training/alpha_loss: 0.000 +/- 0.000
2026-02-14 10:54:35 INFO    |  step: 11776000, training/critic_loss: 0.000 +/- 0.000
2026-02-14 10:54:35 INFO    |  step: 11776000, training/entropy: 0.000 +/- 0.000
2026-02-14 10:54:41 INFO    |  step: 11776000, training/sps: 4083.375 +/- 0.000
2026-02-14 10:54:41 INFO    |  step: 11776000, training/ep_actor_loss: 0.003 +/- 0.000
2026-02-14 10:54:41 INFO    |  step: 11776000, training/ep_alpha_loss: -0.000 +/- 0.000
2026-02-14 10:54:41 INFO    |  step: 11776000, training/ep_categorical_accuracy: 0.004 +/- 0.000
2026-02-14 10:54:41 INFO    |  step: 11776000, training/ep_critic_loss: 8.619 +/- 0.000
2026-02-14 10:54:41 INFO    |  step: 11776000, training/ep_entropy: -4.000 +/- 0.000
2026-02-14 10:54:41 INFO    |  step: 11776000, training/ep_log_alpha: -8.330 +/- 0.000
2026-02-14 10:54:41 INFO    |  step: 11776000, training/ep_logits_neg: -0.001 +/- 0.000
2026-02-14 10:54:41 INFO    |  step: 11776000, training/ep_logits_pos: -0.001 +/- 0.000
2026-02-14 10:54:41 INFO    |  step: 11776000, training/ep_logsumexp: 5.544 +/- 0.000
2026-02-14 10:54:41 INFO    |  step: 11776000, training/gcp_actor_loss: 2.697 +/- 0.000
2026-02-14 10:54:41 INFO    |  step: 11776000, training/gcp_alpha_loss: 0.000 +/- 0.000
2026-02-14 10:54:41 INFO    |  step: 11776000, training/gcp_categorical_accuracy: 0.588 +/- 0.000
2026-02-14 10:54:41 INFO    |  step: 11776000, training/gcp_critic_loss: 1.864 +/- 0.000
2026-02-14 10:54:41 INFO    |  step: 11776000, training/gcp_entropy: -3.999 +/- 0.000
2026-02-14 10:54:41 INFO    |  step: 11776000, training/gcp_log_alpha: -2.874 +/- 0.000
2026-02-14 10:54:41 INFO    |  step: 11776000, training/gcp_logits_neg: -9.621 +/- 0.000
2026-02-14 10:54:41 INFO    |  step: 11776000, training/gcp_logits_pos: -2.569 +/- 0.000
2026-02-14 10:54:41 INFO    |  step: 11776000, training/gcp_logsumexp: -0.798 +/- 0.000
2026-02-14 10:54:41 INFO    |  step: 11776000, eval/episode_reward: 0.000 +/- 0.000
2026-02-14 10:54:41 INFO    |  step: 11776000, eval/episode_success: 0.000 +/- 0.000
2026-02-14 10:54:41 INFO    |  step: 11776000, eval/episode_success_easy: 0.000 +/- 0.000
2026-02-14 10:54:41 INFO    |  step: 11776000, eval/episode_dist: 32387.416 +/- 0.000
2026-02-14 10:54:41 INFO    |  step: 11776000, eval/episode_success_any: 0.000 +/- 0.000
2026-02-14 10:54:41 INFO    |  step: 11776000, ep_eval/episode_reward: 0.000 +/- 0.000
2026-02-14 10:54:41 INFO    |  step: 11776000, ep_eval/episode_success: 0.000 +/- 0.000
2026-02-14 10:54:41 INFO    |  step: 11776000, ep_eval/episode_success_easy: 0.000 +/- 0.000
2026-02-14 10:54:41 INFO    |  step: 11776000, ep_eval/episode_dist: 33443.312 +/- 0.000
2026-02-14 10:54:41 INFO    |  step: 11776000, ep_eval/episode_success_any: 0.000 +/- 0.000
2026-02-14 10:54:41 INFO    |  step: 11776000, eval/episode_reward_ctrl: 0.000 +/- 0.000
2026-02-14 10:54:41 INFO    |  step: 11776000, eval/episode_reward_dist: 0.000 +/- 0.000
2026-02-14 10:54:41 INFO    |  step: 11776000, eval/episode_reward_near: 0.000 +/- 0.000
2026-02-14 10:54:41 INFO    |  step: 11776000, eval/episode_reward_survive: 0.000 +/- 0.000
2026-02-14 10:54:41 INFO    |  step: 11776000, eval/episode_success_hard: 0.000 +/- 0.000
2026-02-14 10:54:41 INFO    |  step: 11776000, ep_eval/episode_reward_ctrl: 0.000 +/- 0.000
2026-02-14 10:54:41 INFO    |  step: 11776000, ep_eval/episode_reward_dist: 0.000 +/- 0.000
2026-02-14 10:54:41 INFO    |  step: 11776000, ep_eval/episode_reward_near: 0.000 +/- 0.000
2026-02-14 10:54:41 INFO    |  step: 11776000, ep_eval/episode_reward_survive: 0.000 +/- 0.000
2026-02-14 10:54:41 INFO    |  step: 11776000, ep_eval/episode_success_hard: 0.000 +/- 0.000
2026-02-14 10:54:41 INFO    |  step: 11776000, training/actor_loss: 0.000 +/- 0.000
2026-02-14 10:54:41 INFO    |  step: 11776000, training/log_alpha: 0.000 +/- 0.000
2026-02-14 10:54:41 INFO    |  step: 11776000, training/alpha_loss: 0.000 +/- 0.000
2026-02-14 10:54:41 INFO    |  step: 11776000, training/critic_loss: 0.000 +/- 0.000
2026-02-14 10:54:41 INFO    |  step: 11776000, training/entropy: 0.000 +/- 0.000
2026-02-14 10:55:01 INFO    |  Visualization: collected_transitions shape: (1500, 256, 31), num_envs: 256
2026-02-14 10:55:01 INFO    |  Visualization: Raw collected_transitions has 256 unique trajectory IDs out of 384000 total transitions
2026-02-14 10:55:02 INFO    |  Visualization: processed_transitions shape: (1499, 256, 31)
2026-02-14 10:55:02 INFO    |  Visualization: Found 256 unique trajectory IDs out of 383744 total transitions
2026-02-14 10:55:02 INFO    |  Transition shapes: obs=(1499, 256, 31), traj_ids=(1499, 256), traj_ids_flat=(383744,)
2026-02-14 10:55:04 INFO    |  Plotted visualizations at env step 15744000.0
2026-02-14 10:55:25 INFO    |  step: 15744000
2026-02-14 10:55:25 INFO    |  step: 15744000, training/sps: 5429.924 +/- 0.000
2026-02-14 10:55:25 INFO    |  step: 15744000, training/ep_actor_loss: 0.003 +/- 0.000
2026-02-14 10:55:25 INFO    |  step: 15744000, training/ep_alpha_loss: -0.000 +/- 0.000
2026-02-14 10:55:25 INFO    |  step: 15744000, training/ep_categorical_accuracy: 0.004 +/- 0.000
2026-02-14 10:55:25 INFO    |  step: 15744000, training/ep_critic_loss: 8.619 +/- 0.000
2026-02-14 10:55:25 INFO    |  step: 15744000, training/ep_entropy: -4.000 +/- 0.000
2026-02-14 10:55:25 INFO    |  step: 15744000, training/ep_log_alpha: -8.330 +/- 0.000
2026-02-14 10:55:25 INFO    |  step: 15744000, training/ep_logits_neg: -0.001 +/- 0.000
2026-02-14 10:55:25 INFO    |  step: 15744000, training/ep_logits_pos: -0.001 +/- 0.000
2026-02-14 10:55:25 INFO    |  step: 15744000, training/ep_logsumexp: 5.544 +/- 0.000
2026-02-14 10:55:25 INFO    |  step: 15744000, training/gcp_actor_loss: 2.744 +/- 0.000
2026-02-14 10:55:25 INFO    |  step: 15744000, training/gcp_alpha_loss: 0.000 +/- 0.000
2026-02-14 10:55:25 INFO    |  step: 15744000, training/gcp_categorical_accuracy: 0.583 +/- 0.000
2026-02-14 10:55:25 INFO    |  step: 15744000, training/gcp_critic_loss: 1.901 +/- 0.000
2026-02-14 10:55:25 INFO    |  step: 15744000, training/gcp_entropy: -3.998 +/- 0.000
2026-02-14 10:55:25 INFO    |  step: 15744000, training/gcp_log_alpha: -2.862 +/- 0.000
2026-02-14 10:55:25 INFO    |  step: 15744000, training/gcp_logits_neg: -9.486 +/- 0.000
2026-02-14 10:55:25 INFO    |  step: 15744000, training/gcp_logits_pos: -2.616 +/- 0.000
2026-02-14 10:55:25 INFO    |  step: 15744000, training/gcp_logsumexp: -0.809 +/- 0.000
2026-02-14 10:55:25 INFO    |  step: 15744000, eval/episode_reward: 0.000 +/- 0.000
2026-02-14 10:55:25 INFO    |  step: 15744000, eval/episode_success: 0.000 +/- 0.000
2026-02-14 10:55:25 INFO    |  step: 15744000, eval/episode_success_easy: 0.000 +/- 0.000
2026-02-14 10:55:25 INFO    |  step: 15744000, eval/episode_dist: 12416.642 +/- 0.000
2026-02-14 10:55:25 INFO    |  step: 15744000, eval/episode_success_any: 0.000 +/- 0.000
2026-02-14 10:55:25 INFO    |  step: 15744000, ep_eval/episode_reward: 0.000 +/- 0.000
2026-02-14 10:55:25 INFO    |  step: 15744000, ep_eval/episode_success: 0.000 +/- 0.000
2026-02-14 10:55:25 INFO    |  step: 15744000, ep_eval/episode_success_easy: 0.000 +/- 0.000
2026-02-14 10:55:25 INFO    |  step: 15744000, ep_eval/episode_dist: 12214.219 +/- 0.000
2026-02-14 10:55:25 INFO    |  step: 15744000, ep_eval/episode_success_any: 0.000 +/- 0.000
2026-02-14 10:55:25 INFO    |  step: 15744000, eval/episode_reward_ctrl: 0.000 +/- 0.000
2026-02-14 10:55:25 INFO    |  step: 15744000, eval/episode_reward_dist: 0.000 +/- 0.000
2026-02-14 10:55:25 INFO    |  step: 15744000, eval/episode_reward_near: 0.000 +/- 0.000
2026-02-14 10:55:25 INFO    |  step: 15744000, eval/episode_reward_survive: 0.000 +/- 0.000
2026-02-14 10:55:25 INFO    |  step: 15744000, eval/episode_success_hard: 0.000 +/- 0.000
2026-02-14 10:55:25 INFO    |  step: 15744000, ep_eval/episode_reward_ctrl: 0.000 +/- 0.000
2026-02-14 10:55:25 INFO    |  step: 15744000, ep_eval/episode_reward_dist: 0.000 +/- 0.000
2026-02-14 10:55:25 INFO    |  step: 15744000, ep_eval/episode_reward_near: 0.000 +/- 0.000
2026-02-14 10:55:25 INFO    |  step: 15744000, ep_eval/episode_reward_survive: 0.000 +/- 0.000
2026-02-14 10:55:25 INFO    |  step: 15744000, ep_eval/episode_success_hard: 0.000 +/- 0.000
2026-02-14 10:55:25 INFO    |  step: 15744000, training/actor_loss: 0.000 +/- 0.000
2026-02-14 10:55:25 INFO    |  step: 15744000, training/log_alpha: 0.000 +/- 0.000
2026-02-14 10:55:25 INFO    |  step: 15744000, training/alpha_loss: 0.000 +/- 0.000
2026-02-14 10:55:25 INFO    |  step: 15744000, training/critic_loss: 0.000 +/- 0.000
2026-02-14 10:55:25 INFO    |  step: 15744000, training/entropy: 0.000 +/- 0.000
2026-02-14 10:57:42 INFO    |  Visualization: collected_transitions shape: (1500, 256, 31), num_envs: 256
2026-02-14 10:57:42 INFO    |  Visualization: Raw collected_transitions has 256 unique trajectory IDs out of 384000 total transitions
2026-02-14 10:57:43 INFO    |  Visualization: processed_transitions shape: (1499, 256, 31)
2026-02-14 10:57:43 INFO    |  Visualization: Found 256 unique trajectory IDs out of 383744 total transitions
2026-02-14 10:57:43 INFO    |  Transition shapes: obs=(1499, 256, 31), traj_ids=(1499, 256), traj_ids_flat=(383744,)
2026-02-14 10:57:45 INFO    |  Plotted visualizations at env step 16512000.0
2026-02-14 10:58:06 INFO    |  step: 16512000
2026-02-14 10:58:08 INFO    |  actor input shape: (1, 31)
2026-02-14 10:58:38 INFO    |  step: 16512000, training/sps: 5477.010 +/- 0.000
2026-02-14 10:58:38 INFO    |  step: 16512000, training/ep_actor_loss: 0.003 +/- 0.000
2026-02-14 10:58:38 INFO    |  step: 16512000, training/ep_alpha_loss: 0.000 +/- 0.000
2026-02-14 10:58:38 INFO    |  step: 16512000, training/ep_categorical_accuracy: 0.004 +/- 0.000
2026-02-14 10:58:38 INFO    |  step: 16512000, training/ep_critic_loss: 8.619 +/- 0.000
2026-02-14 10:58:38 INFO    |  step: 16512000, training/ep_entropy: -4.000 +/- 0.000
2026-02-14 10:58:38 INFO    |  step: 16512000, training/ep_log_alpha: -8.330 +/- 0.000
2026-02-14 10:58:38 INFO    |  step: 16512000, training/ep_logits_neg: -0.001 +/- 0.000
2026-02-14 10:58:38 INFO    |  step: 16512000, training/ep_logits_pos: -0.001 +/- 0.000
2026-02-14 10:58:38 INFO    |  step: 16512000, training/ep_logsumexp: 5.544 +/- 0.000
2026-02-14 10:58:38 INFO    |  step: 16512000, training/gcp_actor_loss: 2.672 +/- 0.000
2026-02-14 10:58:38 INFO    |  step: 16512000, training/gcp_alpha_loss: 0.000 +/- 0.000
2026-02-14 10:58:38 INFO    |  step: 16512000, training/gcp_categorical_accuracy: 0.584 +/- 0.000
2026-02-14 10:58:38 INFO    |  step: 16512000, training/gcp_critic_loss: 1.908 +/- 0.000
2026-02-14 10:58:38 INFO    |  step: 16512000, training/gcp_entropy: -3.999 +/- 0.000
2026-02-14 10:58:38 INFO    |  step: 16512000, training/gcp_log_alpha: -2.998 +/- 0.000
2026-02-14 10:58:38 INFO    |  step: 16512000, training/gcp_logits_neg: -9.462 +/- 0.000
2026-02-14 10:58:38 INFO    |  step: 16512000, training/gcp_logits_pos: -2.617 +/- 0.000
2026-02-14 10:58:38 INFO    |  step: 16512000, training/gcp_logsumexp: -0.802 +/- 0.000
2026-02-14 10:58:38 INFO    |  step: 16512000, eval/episode_reward: 0.000 +/- 0.000
2026-02-14 10:58:38 INFO    |  step: 16512000, eval/episode_success: 0.000 +/- 0.000
2026-02-14 10:58:38 INFO    |  step: 16512000, eval/episode_success_easy: 0.000 +/- 0.000
2026-02-14 10:58:38 INFO    |  step: 16512000, eval/episode_dist: 12658.901 +/- 0.000
2026-02-14 10:58:38 INFO    |  step: 16512000, eval/episode_success_any: 0.000 +/- 0.000
2026-02-14 10:58:38 INFO    |  step: 16512000, ep_eval/episode_reward: 0.000 +/- 0.000
2026-02-14 10:58:38 INFO    |  step: 16512000, ep_eval/episode_success: 0.000 +/- 0.000
2026-02-14 10:58:38 INFO    |  step: 16512000, ep_eval/episode_success_easy: 0.000 +/- 0.000
2026-02-14 10:58:38 INFO    |  step: 16512000, ep_eval/episode_dist: 11971.522 +/- 0.000
2026-02-14 10:58:38 INFO    |  step: 16512000, ep_eval/episode_success_any: 0.000 +/- 0.000
2026-02-14 10:58:38 INFO    |  step: 16512000, eval/episode_reward_ctrl: 0.000 +/- 0.000
2026-02-14 10:58:38 INFO    |  step: 16512000, eval/episode_reward_dist: 0.000 +/- 0.000
2026-02-14 10:58:38 INFO    |  step: 16512000, eval/episode_reward_near: 0.000 +/- 0.000
2026-02-14 10:58:38 INFO    |  step: 16512000, eval/episode_reward_survive: 0.000 +/- 0.000
2026-02-14 10:58:38 INFO    |  step: 16512000, eval/episode_success_hard: 0.000 +/- 0.000
2026-02-14 10:58:38 INFO    |  step: 16512000, ep_eval/episode_reward_ctrl: 0.000 +/- 0.000
2026-02-14 10:58:38 INFO    |  step: 16512000, ep_eval/episode_reward_dist: 0.000 +/- 0.000
2026-02-14 10:58:38 INFO    |  step: 16512000, ep_eval/episode_reward_near: 0.000 +/- 0.000
2026-02-14 10:58:38 INFO    |  step: 16512000, ep_eval/episode_reward_survive: 0.000 +/- 0.000
2026-02-14 10:58:38 INFO    |  step: 16512000, ep_eval/episode_success_hard: 0.000 +/- 0.000
2026-02-14 10:58:38 INFO    |  step: 16512000, training/actor_loss: 0.000 +/- 0.000
2026-02-14 10:58:38 INFO    |  step: 16512000, training/log_alpha: 0.000 +/- 0.000
2026-02-14 10:58:38 INFO    |  step: 16512000, training/alpha_loss: 0.000 +/- 0.000
2026-02-14 10:58:38 INFO    |  step: 16512000, training/critic_loss: 0.000 +/- 0.000
2026-02-14 10:58:38 INFO    |  step: 16512000, training/entropy: 0.000 +/- 0.000
2026-02-14 10:58:43 INFO    |  Visualization: collected_transitions shape: (2000, 256, 31), num_envs: 256
2026-02-14 10:58:43 INFO    |  Visualization: Raw collected_transitions has 256 unique trajectory IDs out of 512000 total transitions
2026-02-14 10:58:44 INFO    |  Visualization: processed_transitions shape: (1999, 256, 31)
2026-02-14 10:58:44 INFO    |  Visualization: Found 256 unique trajectory IDs out of 511744 total transitions
2026-02-14 10:58:44 INFO    |  Transition shapes: obs=(1999, 256, 31), traj_ids=(1999, 256), traj_ids_flat=(511744,)
2026-02-14 10:58:46 INFO    |  Plotted visualizations at env step 12800000.0
2026-02-14 10:58:49 INFO    |  Visualization: collected_transitions shape: (2000, 256, 31), num_envs: 256
2026-02-14 10:58:49 INFO    |  Visualization: Raw collected_transitions has 256 unique trajectory IDs out of 512000 total transitions
2026-02-14 10:58:49 INFO    |  Visualization: processed_transitions shape: (1999, 256, 31)
2026-02-14 10:58:50 INFO    |  Visualization: Found 256 unique trajectory IDs out of 511744 total transitions
2026-02-14 10:58:50 INFO    |  Transition shapes: obs=(1999, 256, 31), traj_ids=(1999, 256), traj_ids_flat=(511744,)
2026-02-14 10:58:52 INFO    |  Plotted visualizations at env step 12800000.0
2026-02-14 10:59:24 INFO    |  step: 12800000
2026-02-14 10:59:24 INFO    |  step: 12800000, training/sps: 4077.856 +/- 0.000
2026-02-14 10:59:24 INFO    |  step: 12800000, training/ep_actor_loss: 0.003 +/- 0.000
2026-02-14 10:59:24 INFO    |  step: 12800000, training/ep_alpha_loss: 0.000 +/- 0.000
2026-02-14 10:59:24 INFO    |  step: 12800000, training/ep_categorical_accuracy: 0.004 +/- 0.000
2026-02-14 10:59:24 INFO    |  step: 12800000, training/ep_critic_loss: 8.619 +/- 0.000
2026-02-14 10:59:24 INFO    |  step: 12800000, training/ep_entropy: -4.000 +/- 0.000
2026-02-14 10:59:24 INFO    |  step: 12800000, training/ep_log_alpha: -8.330 +/- 0.000
2026-02-14 10:59:24 INFO    |  step: 12800000, training/ep_logits_neg: -0.001 +/- 0.000
2026-02-14 10:59:24 INFO    |  step: 12800000, training/ep_logits_pos: -0.001 +/- 0.000
2026-02-14 10:59:24 INFO    |  step: 12800000, training/ep_logsumexp: 5.544 +/- 0.000
2026-02-14 10:59:24 INFO    |  step: 12800000, training/gcp_actor_loss: 2.610 +/- 0.000
2026-02-14 10:59:24 INFO    |  step: 12800000, training/gcp_alpha_loss: 0.000 +/- 0.000
2026-02-14 10:59:24 INFO    |  step: 12800000, training/gcp_categorical_accuracy: 0.623 +/- 0.000
2026-02-14 10:59:24 INFO    |  step: 12800000, training/gcp_critic_loss: 1.692 +/- 0.000
2026-02-14 10:59:24 INFO    |  step: 12800000, training/gcp_entropy: -3.999 +/- 0.000
2026-02-14 10:59:24 INFO    |  step: 12800000, training/gcp_log_alpha: -2.762 +/- 0.000
2026-02-14 10:59:24 INFO    |  step: 12800000, training/gcp_logits_neg: -9.873 +/- 0.000
2026-02-14 10:59:24 INFO    |  step: 12800000, training/gcp_logits_pos: -2.458 +/- 0.000
2026-02-14 10:59:24 INFO    |  step: 12800000, training/gcp_logsumexp: -0.875 +/- 0.000
2026-02-14 10:59:24 INFO    |  step: 12800000, eval/episode_reward: 0.000 +/- 0.000
2026-02-14 10:59:24 INFO    |  step: 12800000, eval/episode_success: 0.000 +/- 0.000
2026-02-14 10:59:24 INFO    |  step: 12800000, eval/episode_success_easy: 0.000 +/- 0.000
2026-02-14 10:59:24 INFO    |  step: 12800000, eval/episode_dist: 33142.672 +/- 0.000
2026-02-14 10:59:24 INFO    |  step: 12800000, eval/episode_success_any: 0.000 +/- 0.000
2026-02-14 10:59:24 INFO    |  step: 12800000, ep_eval/episode_reward: 0.000 +/- 0.000
2026-02-14 10:59:24 INFO    |  step: 12800000, ep_eval/episode_success: 0.000 +/- 0.000
2026-02-14 10:59:24 INFO    |  step: 12800000, ep_eval/episode_success_easy: 0.000 +/- 0.000
2026-02-14 10:59:24 INFO    |  step: 12800000, ep_eval/episode_dist: 32803.742 +/- 0.000
2026-02-14 10:59:24 INFO    |  step: 12800000, ep_eval/episode_success_any: 0.000 +/- 0.000
2026-02-14 10:59:24 INFO    |  step: 12800000, eval/episode_reward_ctrl: 0.000 +/- 0.000
2026-02-14 10:59:24 INFO    |  step: 12800000, eval/episode_reward_dist: 0.000 +/- 0.000
2026-02-14 10:59:24 INFO    |  step: 12800000, eval/episode_reward_near: 0.000 +/- 0.000
2026-02-14 10:59:24 INFO    |  step: 12800000, eval/episode_reward_survive: 0.000 +/- 0.000
2026-02-14 10:59:24 INFO    |  step: 12800000, eval/episode_success_hard: 0.000 +/- 0.000
2026-02-14 10:59:24 INFO    |  step: 12800000, ep_eval/episode_reward_ctrl: 0.000 +/- 0.000
2026-02-14 10:59:24 INFO    |  step: 12800000, ep_eval/episode_reward_dist: 0.000 +/- 0.000
2026-02-14 10:59:24 INFO    |  step: 12800000, ep_eval/episode_reward_near: 0.000 +/- 0.000
2026-02-14 10:59:24 INFO    |  step: 12800000, ep_eval/episode_reward_survive: 0.000 +/- 0.000
2026-02-14 10:59:24 INFO    |  step: 12800000, ep_eval/episode_success_hard: 0.000 +/- 0.000
2026-02-14 10:59:24 INFO    |  step: 12800000, training/actor_loss: 0.000 +/- 0.000
2026-02-14 10:59:24 INFO    |  step: 12800000, training/log_alpha: 0.000 +/- 0.000
2026-02-14 10:59:24 INFO    |  step: 12800000, training/alpha_loss: 0.000 +/- 0.000
2026-02-14 10:59:24 INFO    |  step: 12800000, training/critic_loss: 0.000 +/- 0.000
2026-02-14 10:59:24 INFO    |  step: 12800000, training/entropy: 0.000 +/- 0.000
2026-02-14 10:59:29 INFO    |  step: 12800000
2026-02-14 10:59:29 INFO    |  step: 12800000, training/sps: 4077.803 +/- 0.000
2026-02-14 10:59:29 INFO    |  step: 12800000, training/ep_actor_loss: 0.003 +/- 0.000
2026-02-14 10:59:29 INFO    |  step: 12800000, training/ep_alpha_loss: 0.000 +/- 0.000
2026-02-14 10:59:29 INFO    |  step: 12800000, training/ep_categorical_accuracy: 0.004 +/- 0.000
2026-02-14 10:59:29 INFO    |  step: 12800000, training/ep_critic_loss: 8.619 +/- 0.000
2026-02-14 10:59:29 INFO    |  step: 12800000, training/ep_entropy: -4.000 +/- 0.000
2026-02-14 10:59:29 INFO    |  step: 12800000, training/ep_log_alpha: -8.330 +/- 0.000
2026-02-14 10:59:29 INFO    |  step: 12800000, training/ep_logits_neg: -0.001 +/- 0.000
2026-02-14 10:59:29 INFO    |  step: 12800000, training/ep_logits_pos: -0.001 +/- 0.000
2026-02-14 10:59:29 INFO    |  step: 12800000, training/ep_logsumexp: 5.544 +/- 0.000
2026-02-14 10:59:29 INFO    |  step: 12800000, training/gcp_actor_loss: 2.659 +/- 0.000
2026-02-14 10:59:29 INFO    |  step: 12800000, training/gcp_alpha_loss: 0.000 +/- 0.000
2026-02-14 10:59:29 INFO    |  step: 12800000, training/gcp_categorical_accuracy: 0.570 +/- 0.000
2026-02-14 10:59:29 INFO    |  step: 12800000, training/gcp_critic_loss: 1.972 +/- 0.000
2026-02-14 10:59:29 INFO    |  step: 12800000, training/gcp_entropy: -3.999 +/- 0.000
2026-02-14 10:59:29 INFO    |  step: 12800000, training/gcp_log_alpha: -3.149 +/- 0.000
2026-02-14 10:59:29 INFO    |  step: 12800000, training/gcp_logits_neg: -9.455 +/- 0.000
2026-02-14 10:59:29 INFO    |  step: 12800000, training/gcp_logits_pos: -2.680 +/- 0.000
2026-02-14 10:59:29 INFO    |  step: 12800000, training/gcp_logsumexp: -0.799 +/- 0.000
2026-02-14 10:59:29 INFO    |  step: 12800000, eval/episode_reward: 0.000 +/- 0.000
2026-02-14 10:59:29 INFO    |  step: 12800000, eval/episode_success: 0.000 +/- 0.000
2026-02-14 10:59:29 INFO    |  step: 12800000, eval/episode_success_easy: 0.000 +/- 0.000
2026-02-14 10:59:29 INFO    |  step: 12800000, eval/episode_dist: 33111.902 +/- 0.000
2026-02-14 10:59:29 INFO    |  step: 12800000, eval/episode_success_any: 0.000 +/- 0.000
2026-02-14 10:59:29 INFO    |  step: 12800000, ep_eval/episode_reward: 0.000 +/- 0.000
2026-02-14 10:59:29 INFO    |  step: 12800000, ep_eval/episode_success: 0.000 +/- 0.000
2026-02-14 10:59:29 INFO    |  step: 12800000, ep_eval/episode_success_easy: 0.000 +/- 0.000
2026-02-14 10:59:29 INFO    |  step: 12800000, ep_eval/episode_dist: 32803.234 +/- 0.000
2026-02-14 10:59:29 INFO    |  step: 12800000, ep_eval/episode_success_any: 0.000 +/- 0.000
2026-02-14 10:59:29 INFO    |  step: 12800000, eval/episode_reward_ctrl: 0.000 +/- 0.000
2026-02-14 10:59:29 INFO    |  step: 12800000, eval/episode_reward_dist: 0.000 +/- 0.000
2026-02-14 10:59:29 INFO    |  step: 12800000, eval/episode_reward_near: 0.000 +/- 0.000
2026-02-14 10:59:29 INFO    |  step: 12800000, eval/episode_reward_survive: 0.000 +/- 0.000
2026-02-14 10:59:29 INFO    |  step: 12800000, eval/episode_success_hard: 0.000 +/- 0.000
2026-02-14 10:59:29 INFO    |  step: 12800000, ep_eval/episode_reward_ctrl: 0.000 +/- 0.000
2026-02-14 10:59:29 INFO    |  step: 12800000, ep_eval/episode_reward_dist: 0.000 +/- 0.000
2026-02-14 10:59:29 INFO    |  step: 12800000, ep_eval/episode_reward_near: 0.000 +/- 0.000
2026-02-14 10:59:29 INFO    |  step: 12800000, ep_eval/episode_reward_survive: 0.000 +/- 0.000
2026-02-14 10:59:29 INFO    |  step: 12800000, ep_eval/episode_success_hard: 0.000 +/- 0.000
2026-02-14 10:59:29 INFO    |  step: 12800000, training/actor_loss: 0.000 +/- 0.000
2026-02-14 10:59:29 INFO    |  step: 12800000, training/log_alpha: 0.000 +/- 0.000
2026-02-14 10:59:29 INFO    |  step: 12800000, training/alpha_loss: 0.000 +/- 0.000
2026-02-14 10:59:29 INFO    |  step: 12800000, training/critic_loss: 0.000 +/- 0.000
2026-02-14 10:59:29 INFO    |  step: 12800000, training/entropy: 0.000 +/- 0.000
2026-02-14 11:00:56 INFO    |  Visualization: collected_transitions shape: (1500, 256, 31), num_envs: 256
2026-02-14 11:00:56 INFO    |  Visualization: Raw collected_transitions has 256 unique trajectory IDs out of 384000 total transitions
2026-02-14 11:00:57 INFO    |  Visualization: processed_transitions shape: (1499, 256, 31)
2026-02-14 11:00:58 INFO    |  Visualization: Found 256 unique trajectory IDs out of 383744 total transitions
2026-02-14 11:00:58 INFO    |  Transition shapes: obs=(1499, 256, 31), traj_ids=(1499, 256), traj_ids_flat=(383744,)
2026-02-14 11:01:00 INFO    |  Plotted visualizations at env step 17280000.0
2026-02-14 11:01:21 INFO    |  step: 17280000
2026-02-14 11:01:21 INFO    |  step: 17280000, training/sps: 5433.291 +/- 0.000
2026-02-14 11:01:21 INFO    |  step: 17280000, training/ep_actor_loss: 0.003 +/- 0.000
2026-02-14 11:01:21 INFO    |  step: 17280000, training/ep_alpha_loss: -0.000 +/- 0.000
2026-02-14 11:01:21 INFO    |  step: 17280000, training/ep_categorical_accuracy: 0.004 +/- 0.000
2026-02-14 11:01:21 INFO    |  step: 17280000, training/ep_critic_loss: 8.619 +/- 0.000
2026-02-14 11:01:21 INFO    |  step: 17280000, training/ep_entropy: -4.000 +/- 0.000
2026-02-14 11:01:21 INFO    |  step: 17280000, training/ep_log_alpha: -8.330 +/- 0.000
2026-02-14 11:01:21 INFO    |  step: 17280000, training/ep_logits_neg: -0.001 +/- 0.000
2026-02-14 11:01:21 INFO    |  step: 17280000, training/ep_logits_pos: -0.001 +/- 0.000
2026-02-14 11:01:21 INFO    |  step: 17280000, training/ep_logsumexp: 5.544 +/- 0.000
2026-02-14 11:01:21 INFO    |  step: 17280000, training/gcp_actor_loss: 2.643 +/- 0.000
2026-02-14 11:01:21 INFO    |  step: 17280000, training/gcp_alpha_loss: 0.000 +/- 0.000
2026-02-14 11:01:21 INFO    |  step: 17280000, training/gcp_categorical_accuracy: 0.578 +/- 0.000
2026-02-14 11:01:21 INFO    |  step: 17280000, training/gcp_critic_loss: 1.925 +/- 0.000
2026-02-14 11:01:21 INFO    |  step: 17280000, training/gcp_entropy: -3.999 +/- 0.000
2026-02-14 11:01:21 INFO    |  step: 17280000, training/gcp_log_alpha: -3.044 +/- 0.000
2026-02-14 11:01:21 INFO    |  step: 17280000, training/gcp_logits_neg: -9.484 +/- 0.000
2026-02-14 11:01:21 INFO    |  step: 17280000, training/gcp_logits_pos: -2.630 +/- 0.000
2026-02-14 11:01:21 INFO    |  step: 17280000, training/gcp_logsumexp: -0.798 +/- 0.000
2026-02-14 11:01:21 INFO    |  step: 17280000, eval/episode_reward: 0.000 +/- 0.000
2026-02-14 11:01:21 INFO    |  step: 17280000, eval/episode_success: 0.000 +/- 0.000
2026-02-14 11:01:21 INFO    |  step: 17280000, eval/episode_success_easy: 0.000 +/- 0.000
2026-02-14 11:01:21 INFO    |  step: 17280000, eval/episode_dist: 12347.083 +/- 0.000
2026-02-14 11:01:21 INFO    |  step: 17280000, eval/episode_success_any: 0.000 +/- 0.000
2026-02-14 11:01:21 INFO    |  step: 17280000, ep_eval/episode_reward: 0.000 +/- 0.000
2026-02-14 11:01:21 INFO    |  step: 17280000, ep_eval/episode_success: 0.000 +/- 0.000
2026-02-14 11:01:21 INFO    |  step: 17280000, ep_eval/episode_success_easy: 0.000 +/- 0.000
2026-02-14 11:01:21 INFO    |  step: 17280000, ep_eval/episode_dist: 11989.723 +/- 0.000
2026-02-14 11:01:21 INFO    |  step: 17280000, ep_eval/episode_success_any: 0.000 +/- 0.000
2026-02-14 11:01:21 INFO    |  step: 17280000, eval/episode_reward_ctrl: 0.000 +/- 0.000
2026-02-14 11:01:21 INFO    |  step: 17280000, eval/episode_reward_dist: 0.000 +/- 0.000
2026-02-14 11:01:21 INFO    |  step: 17280000, eval/episode_reward_near: 0.000 +/- 0.000
2026-02-14 11:01:21 INFO    |  step: 17280000, eval/episode_reward_survive: 0.000 +/- 0.000
2026-02-14 11:01:21 INFO    |  step: 17280000, eval/episode_success_hard: 0.000 +/- 0.000
2026-02-14 11:01:21 INFO    |  step: 17280000, ep_eval/episode_reward_ctrl: 0.000 +/- 0.000
2026-02-14 11:01:21 INFO    |  step: 17280000, ep_eval/episode_reward_dist: 0.000 +/- 0.000
2026-02-14 11:01:21 INFO    |  step: 17280000, ep_eval/episode_reward_near: 0.000 +/- 0.000
2026-02-14 11:01:21 INFO    |  step: 17280000, ep_eval/episode_reward_survive: 0.000 +/- 0.000
2026-02-14 11:01:21 INFO    |  step: 17280000, ep_eval/episode_success_hard: 0.000 +/- 0.000
2026-02-14 11:01:21 INFO    |  step: 17280000, training/actor_loss: 0.000 +/- 0.000
2026-02-14 11:01:21 INFO    |  step: 17280000, training/log_alpha: 0.000 +/- 0.000
2026-02-14 11:01:21 INFO    |  step: 17280000, training/alpha_loss: 0.000 +/- 0.000
2026-02-14 11:01:21 INFO    |  step: 17280000, training/critic_loss: 0.000 +/- 0.000
2026-02-14 11:01:21 INFO    |  step: 17280000, training/entropy: 0.000 +/- 0.000
2026-02-14 11:03:31 INFO    |  Visualization: collected_transitions shape: (2000, 256, 31), num_envs: 256
2026-02-14 11:03:31 INFO    |  Visualization: Raw collected_transitions has 256 unique trajectory IDs out of 512000 total transitions
2026-02-14 11:03:32 INFO    |  Visualization: processed_transitions shape: (1999, 256, 31)
2026-02-14 11:03:32 INFO    |  Visualization: Found 256 unique trajectory IDs out of 511744 total transitions
2026-02-14 11:03:32 INFO    |  Transition shapes: obs=(1999, 256, 31), traj_ids=(1999, 256), traj_ids_flat=(511744,)
2026-02-14 11:03:35 INFO    |  Plotted visualizations at env step 13824000.0
2026-02-14 11:03:36 INFO    |  Visualization: collected_transitions shape: (2000, 256, 31), num_envs: 256
2026-02-14 11:03:36 INFO    |  Visualization: Raw collected_transitions has 256 unique trajectory IDs out of 512000 total transitions
2026-02-14 11:03:37 INFO    |  Visualization: processed_transitions shape: (1999, 256, 31)
2026-02-14 11:03:37 INFO    |  Visualization: Found 256 unique trajectory IDs out of 511744 total transitions
2026-02-14 11:03:37 INFO    |  Transition shapes: obs=(1999, 256, 31), traj_ids=(1999, 256), traj_ids_flat=(511744,)
2026-02-14 11:03:38 INFO    |  Visualization: collected_transitions shape: (1500, 256, 31), num_envs: 256
2026-02-14 11:03:38 INFO    |  Visualization: Raw collected_transitions has 256 unique trajectory IDs out of 384000 total transitions
2026-02-14 11:03:39 INFO    |  Visualization: processed_transitions shape: (1499, 256, 31)
2026-02-14 11:03:39 INFO    |  Visualization: Found 256 unique trajectory IDs out of 383744 total transitions
2026-02-14 11:03:39 INFO    |  Transition shapes: obs=(1499, 256, 31), traj_ids=(1499, 256), traj_ids_flat=(383744,)
2026-02-14 11:03:40 INFO    |  Plotted visualizations at env step 13824000.0
2026-02-14 11:03:42 INFO    |  Plotted visualizations at env step 18048000.0
2026-02-14 11:04:02 INFO    |  step: 18048000
2026-02-14 11:04:02 INFO    |  step: 18048000, training/sps: 5443.975 +/- 0.000
2026-02-14 11:04:02 INFO    |  step: 18048000, training/ep_actor_loss: 0.003 +/- 0.000
2026-02-14 11:04:02 INFO    |  step: 18048000, training/ep_alpha_loss: -0.000 +/- 0.000
2026-02-14 11:04:02 INFO    |  step: 18048000, training/ep_categorical_accuracy: 0.004 +/- 0.000
2026-02-14 11:04:02 INFO    |  step: 18048000, training/ep_critic_loss: 8.619 +/- 0.000
2026-02-14 11:04:02 INFO    |  step: 18048000, training/ep_entropy: -4.000 +/- 0.000
2026-02-14 11:04:02 INFO    |  step: 18048000, training/ep_log_alpha: -8.330 +/- 0.000
2026-02-14 11:04:02 INFO    |  step: 18048000, training/ep_logits_neg: -0.001 +/- 0.000
2026-02-14 11:04:02 INFO    |  step: 18048000, training/ep_logits_pos: -0.001 +/- 0.000
2026-02-14 11:04:02 INFO    |  step: 18048000, training/ep_logsumexp: 5.544 +/- 0.000
2026-02-14 11:04:02 INFO    |  step: 18048000, training/gcp_actor_loss: 2.682 +/- 0.000
2026-02-14 11:04:02 INFO    |  step: 18048000, training/gcp_alpha_loss: 0.000 +/- 0.000
2026-02-14 11:04:02 INFO    |  step: 18048000, training/gcp_categorical_accuracy: 0.555 +/- 0.000
2026-02-14 11:04:02 INFO    |  step: 18048000, training/gcp_critic_loss: 2.038 +/- 0.000
2026-02-14 11:04:02 INFO    |  step: 18048000, training/gcp_entropy: -3.999 +/- 0.000
2026-02-14 11:04:02 INFO    |  step: 18048000, training/gcp_log_alpha: -3.179 +/- 0.000
2026-02-14 11:04:02 INFO    |  step: 18048000, training/gcp_logits_neg: -9.338 +/- 0.000
2026-02-14 11:04:02 INFO    |  step: 18048000, training/gcp_logits_pos: -2.731 +/- 0.000
2026-02-14 11:04:02 INFO    |  step: 18048000, training/gcp_logsumexp: -0.781 +/- 0.000
2026-02-14 11:04:02 INFO    |  step: 18048000, eval/episode_reward: 0.000 +/- 0.000
2026-02-14 11:04:02 INFO    |  step: 18048000, eval/episode_success: 0.000 +/- 0.000
2026-02-14 11:04:02 INFO    |  step: 18048000, eval/episode_success_easy: 0.000 +/- 0.000
2026-02-14 11:04:02 INFO    |  step: 18048000, eval/episode_dist: 12164.439 +/- 0.000
2026-02-14 11:04:02 INFO    |  step: 18048000, eval/episode_success_any: 0.000 +/- 0.000
2026-02-14 11:04:02 INFO    |  step: 18048000, ep_eval/episode_reward: 0.000 +/- 0.000
2026-02-14 11:04:02 INFO    |  step: 18048000, ep_eval/episode_success: 0.000 +/- 0.000
2026-02-14 11:04:02 INFO    |  step: 18048000, ep_eval/episode_success_easy: 0.000 +/- 0.000
2026-02-14 11:04:02 INFO    |  step: 18048000, ep_eval/episode_dist: 12399.573 +/- 0.000
2026-02-14 11:04:02 INFO    |  step: 18048000, ep_eval/episode_success_any: 0.000 +/- 0.000
2026-02-14 11:04:02 INFO    |  step: 18048000, eval/episode_reward_ctrl: 0.000 +/- 0.000
2026-02-14 11:04:02 INFO    |  step: 18048000, eval/episode_reward_dist: 0.000 +/- 0.000
2026-02-14 11:04:02 INFO    |  step: 18048000, eval/episode_reward_near: 0.000 +/- 0.000
2026-02-14 11:04:02 INFO    |  step: 18048000, eval/episode_reward_survive: 0.000 +/- 0.000
2026-02-14 11:04:02 INFO    |  step: 18048000, eval/episode_success_hard: 0.000 +/- 0.000
2026-02-14 11:04:02 INFO    |  step: 18048000, ep_eval/episode_reward_ctrl: 0.000 +/- 0.000
2026-02-14 11:04:02 INFO    |  step: 18048000, ep_eval/episode_reward_dist: 0.000 +/- 0.000
2026-02-14 11:04:02 INFO    |  step: 18048000, ep_eval/episode_reward_near: 0.000 +/- 0.000
2026-02-14 11:04:02 INFO    |  step: 18048000, ep_eval/episode_reward_survive: 0.000 +/- 0.000
2026-02-14 11:04:02 INFO    |  step: 18048000, ep_eval/episode_success_hard: 0.000 +/- 0.000
2026-02-14 11:04:02 INFO    |  step: 18048000, training/actor_loss: 0.000 +/- 0.000
2026-02-14 11:04:02 INFO    |  step: 18048000, training/log_alpha: 0.000 +/- 0.000
2026-02-14 11:04:02 INFO    |  step: 18048000, training/alpha_loss: 0.000 +/- 0.000
2026-02-14 11:04:02 INFO    |  step: 18048000, training/critic_loss: 0.000 +/- 0.000
2026-02-14 11:04:02 INFO    |  step: 18048000, training/entropy: 0.000 +/- 0.000
2026-02-14 11:04:13 INFO    |  step: 13824000
2026-02-14 11:04:13 INFO    |  step: 13824000, training/sps: 4083.387 +/- 0.000
2026-02-14 11:04:13 INFO    |  step: 13824000, training/ep_actor_loss: 0.003 +/- 0.000
2026-02-14 11:04:13 INFO    |  step: 13824000, training/ep_alpha_loss: 0.000 +/- 0.000
2026-02-14 11:04:13 INFO    |  step: 13824000, training/ep_categorical_accuracy: 0.004 +/- 0.000
2026-02-14 11:04:13 INFO    |  step: 13824000, training/ep_critic_loss: 8.619 +/- 0.000
2026-02-14 11:04:13 INFO    |  step: 13824000, training/ep_entropy: -4.000 +/- 0.000
2026-02-14 11:04:13 INFO    |  step: 13824000, training/ep_log_alpha: -8.330 +/- 0.000
2026-02-14 11:04:13 INFO    |  step: 13824000, training/ep_logits_neg: -0.001 +/- 0.000
2026-02-14 11:04:13 INFO    |  step: 13824000, training/ep_logits_pos: -0.001 +/- 0.000
2026-02-14 11:04:13 INFO    |  step: 13824000, training/ep_logsumexp: 5.544 +/- 0.000
2026-02-14 11:04:13 INFO    |  step: 13824000, training/gcp_actor_loss: 2.569 +/- 0.000
2026-02-14 11:04:13 INFO    |  step: 13824000, training/gcp_alpha_loss: -0.000 +/- 0.000
2026-02-14 11:04:13 INFO    |  step: 13824000, training/gcp_categorical_accuracy: 0.628 +/- 0.000
2026-02-14 11:04:13 INFO    |  step: 13824000, training/gcp_critic_loss: 1.670 +/- 0.000
2026-02-14 11:04:13 INFO    |  step: 13824000, training/gcp_entropy: -4.000 +/- 0.000
2026-02-14 11:04:13 INFO    |  step: 13824000, training/gcp_log_alpha: -2.781 +/- 0.000
2026-02-14 11:04:13 INFO    |  step: 13824000, training/gcp_logits_neg: -9.937 +/- 0.000
2026-02-14 11:04:13 INFO    |  step: 13824000, training/gcp_logits_pos: -2.435 +/- 0.000
2026-02-14 11:04:13 INFO    |  step: 13824000, training/gcp_logsumexp: -0.874 +/- 0.000
2026-02-14 11:04:13 INFO    |  step: 13824000, eval/episode_reward: 0.000 +/- 0.000
2026-02-14 11:04:13 INFO    |  step: 13824000, eval/episode_success: 0.000 +/- 0.000
2026-02-14 11:04:13 INFO    |  step: 13824000, eval/episode_success_easy: 0.000 +/- 0.000
2026-02-14 11:04:13 INFO    |  step: 13824000, eval/episode_dist: 31667.623 +/- 0.000
2026-02-14 11:04:13 INFO    |  step: 13824000, eval/episode_success_any: 0.000 +/- 0.000
2026-02-14 11:04:13 INFO    |  step: 13824000, ep_eval/episode_reward: 0.000 +/- 0.000
2026-02-14 11:04:13 INFO    |  step: 13824000, ep_eval/episode_success: 0.000 +/- 0.000
2026-02-14 11:04:13 INFO    |  step: 13824000, ep_eval/episode_success_easy: 0.000 +/- 0.000
2026-02-14 11:04:13 INFO    |  step: 13824000, ep_eval/episode_dist: 33973.418 +/- 0.000
2026-02-14 11:04:13 INFO    |  step: 13824000, ep_eval/episode_success_any: 0.000 +/- 0.000
2026-02-14 11:04:13 INFO    |  step: 13824000, eval/episode_reward_ctrl: 0.000 +/- 0.000
2026-02-14 11:04:13 INFO    |  step: 13824000, eval/episode_reward_dist: 0.000 +/- 0.000
2026-02-14 11:04:13 INFO    |  step: 13824000, eval/episode_reward_near: 0.000 +/- 0.000
2026-02-14 11:04:13 INFO    |  step: 13824000, eval/episode_reward_survive: 0.000 +/- 0.000
2026-02-14 11:04:13 INFO    |  step: 13824000, eval/episode_success_hard: 0.000 +/- 0.000
2026-02-14 11:04:13 INFO    |  step: 13824000, ep_eval/episode_reward_ctrl: 0.000 +/- 0.000
2026-02-14 11:04:13 INFO    |  step: 13824000, ep_eval/episode_reward_dist: 0.000 +/- 0.000
2026-02-14 11:04:13 INFO    |  step: 13824000, ep_eval/episode_reward_near: 0.000 +/- 0.000
2026-02-14 11:04:13 INFO    |  step: 13824000, ep_eval/episode_reward_survive: 0.000 +/- 0.000
2026-02-14 11:04:13 INFO    |  step: 13824000, ep_eval/episode_success_hard: 0.000 +/- 0.000
2026-02-14 11:04:13 INFO    |  step: 13824000, training/actor_loss: 0.000 +/- 0.000
2026-02-14 11:04:13 INFO    |  step: 13824000, training/log_alpha: 0.000 +/- 0.000
2026-02-14 11:04:13 INFO    |  step: 13824000, training/alpha_loss: 0.000 +/- 0.000
2026-02-14 11:04:13 INFO    |  step: 13824000, training/critic_loss: 0.000 +/- 0.000
2026-02-14 11:04:13 INFO    |  step: 13824000, training/entropy: 0.000 +/- 0.000
2026-02-14 11:04:18 INFO    |  step: 13824000
2026-02-14 11:04:18 INFO    |  step: 13824000, training/sps: 4092.612 +/- 0.000
2026-02-14 11:04:18 INFO    |  step: 13824000, training/ep_actor_loss: 0.003 +/- 0.000
2026-02-14 11:04:18 INFO    |  step: 13824000, training/ep_alpha_loss: 0.000 +/- 0.000
2026-02-14 11:04:18 INFO    |  step: 13824000, training/ep_categorical_accuracy: 0.004 +/- 0.000
2026-02-14 11:04:18 INFO    |  step: 13824000, training/ep_critic_loss: 8.619 +/- 0.000
2026-02-14 11:04:18 INFO    |  step: 13824000, training/ep_entropy: -4.000 +/- 0.000
2026-02-14 11:04:18 INFO    |  step: 13824000, training/ep_log_alpha: -8.330 +/- 0.000
2026-02-14 11:04:18 INFO    |  step: 13824000, training/ep_logits_neg: -0.001 +/- 0.000
2026-02-14 11:04:18 INFO    |  step: 13824000, training/ep_logits_pos: -0.001 +/- 0.000
2026-02-14 11:04:18 INFO    |  step: 13824000, training/ep_logsumexp: 5.544 +/- 0.000
2026-02-14 11:04:18 INFO    |  step: 13824000, training/gcp_actor_loss: 2.674 +/- 0.000
2026-02-14 11:04:18 INFO    |  step: 13824000, training/gcp_alpha_loss: 0.000 +/- 0.000
2026-02-14 11:04:18 INFO    |  step: 13824000, training/gcp_categorical_accuracy: 0.560 +/- 0.000
2026-02-14 11:04:18 INFO    |  step: 13824000, training/gcp_critic_loss: 2.046 +/- 0.000
2026-02-14 11:04:18 INFO    |  step: 13824000, training/gcp_entropy: -3.999 +/- 0.000
2026-02-14 11:04:18 INFO    |  step: 13824000, training/gcp_log_alpha: -3.291 +/- 0.000
2026-02-14 11:04:18 INFO    |  step: 13824000, training/gcp_logits_neg: -9.278 +/- 0.000
2026-02-14 11:04:18 INFO    |  step: 13824000, training/gcp_logits_pos: -2.746 +/- 0.000
2026-02-14 11:04:18 INFO    |  step: 13824000, training/gcp_logsumexp: -0.788 +/- 0.000
2026-02-14 11:04:18 INFO    |  step: 13824000, eval/episode_reward: 0.000 +/- 0.000
2026-02-14 11:04:18 INFO    |  step: 13824000, eval/episode_success: 0.000 +/- 0.000
2026-02-14 11:04:18 INFO    |  step: 13824000, eval/episode_success_easy: 0.000 +/- 0.000
2026-02-14 11:04:18 INFO    |  step: 13824000, eval/episode_dist: 32152.074 +/- 0.000
2026-02-14 11:04:18 INFO    |  step: 13824000, eval/episode_success_any: 0.000 +/- 0.000
2026-02-14 11:04:18 INFO    |  step: 13824000, ep_eval/episode_reward: 0.000 +/- 0.000
2026-02-14 11:04:18 INFO    |  step: 13824000, ep_eval/episode_success: 0.000 +/- 0.000
2026-02-14 11:04:18 INFO    |  step: 13824000, ep_eval/episode_success_easy: 0.000 +/- 0.000
2026-02-14 11:04:18 INFO    |  step: 13824000, ep_eval/episode_dist: 33974.738 +/- 0.000
2026-02-14 11:04:18 INFO    |  step: 13824000, ep_eval/episode_success_any: 0.000 +/- 0.000
2026-02-14 11:04:18 INFO    |  step: 13824000, eval/episode_reward_ctrl: 0.000 +/- 0.000
2026-02-14 11:04:18 INFO    |  step: 13824000, eval/episode_reward_dist: 0.000 +/- 0.000
2026-02-14 11:04:18 INFO    |  step: 13824000, eval/episode_reward_near: 0.000 +/- 0.000
2026-02-14 11:04:18 INFO    |  step: 13824000, eval/episode_reward_survive: 0.000 +/- 0.000
2026-02-14 11:04:18 INFO    |  step: 13824000, eval/episode_success_hard: 0.000 +/- 0.000
2026-02-14 11:04:18 INFO    |  step: 13824000, ep_eval/episode_reward_ctrl: 0.000 +/- 0.000
2026-02-14 11:04:18 INFO    |  step: 13824000, ep_eval/episode_reward_dist: 0.000 +/- 0.000
2026-02-14 11:04:18 INFO    |  step: 13824000, ep_eval/episode_reward_near: 0.000 +/- 0.000
2026-02-14 11:04:18 INFO    |  step: 13824000, ep_eval/episode_reward_survive: 0.000 +/- 0.000
2026-02-14 11:04:18 INFO    |  step: 13824000, ep_eval/episode_success_hard: 0.000 +/- 0.000
2026-02-14 11:04:18 INFO    |  step: 13824000, training/actor_loss: 0.000 +/- 0.000
2026-02-14 11:04:18 INFO    |  step: 13824000, training/log_alpha: 0.000 +/- 0.000
2026-02-14 11:04:18 INFO    |  step: 13824000, training/alpha_loss: 0.000 +/- 0.000
2026-02-14 11:04:18 INFO    |  step: 13824000, training/critic_loss: 0.000 +/- 0.000
2026-02-14 11:04:18 INFO    |  step: 13824000, training/entropy: 0.000 +/- 0.000
2026-02-14 11:06:20 INFO    |  Visualization: collected_transitions shape: (1500, 256, 31), num_envs: 256
2026-02-14 11:06:20 INFO    |  Visualization: Raw collected_transitions has 256 unique trajectory IDs out of 384000 total transitions
2026-02-14 11:06:21 INFO    |  Visualization: processed_transitions shape: (1499, 256, 31)
2026-02-14 11:06:21 INFO    |  Visualization: Found 256 unique trajectory IDs out of 383744 total transitions
2026-02-14 11:06:21 INFO    |  Transition shapes: obs=(1499, 256, 31), traj_ids=(1499, 256), traj_ids_flat=(383744,)
2026-02-14 11:06:24 INFO    |  Plotted visualizations at env step 18816000.0
2026-02-14 11:06:45 INFO    |  step: 18816000
2026-02-14 11:06:45 INFO    |  step: 18816000, training/sps: 5422.082 +/- 0.000
2026-02-14 11:06:45 INFO    |  step: 18816000, training/ep_actor_loss: 0.003 +/- 0.000
2026-02-14 11:06:45 INFO    |  step: 18816000, training/ep_alpha_loss: 0.000 +/- 0.000
2026-02-14 11:06:45 INFO    |  step: 18816000, training/ep_categorical_accuracy: 0.004 +/- 0.000
2026-02-14 11:06:45 INFO    |  step: 18816000, training/ep_critic_loss: 8.619 +/- 0.000
2026-02-14 11:06:45 INFO    |  step: 18816000, training/ep_entropy: -4.000 +/- 0.000
2026-02-14 11:06:45 INFO    |  step: 18816000, training/ep_log_alpha: -8.330 +/- 0.000
2026-02-14 11:06:45 INFO    |  step: 18816000, training/ep_logits_neg: -0.001 +/- 0.000
2026-02-14 11:06:45 INFO    |  step: 18816000, training/ep_logits_pos: -0.001 +/- 0.000
2026-02-14 11:06:45 INFO    |  step: 18816000, training/ep_logsumexp: 5.544 +/- 0.000
2026-02-14 11:06:45 INFO    |  step: 18816000, training/gcp_actor_loss: 2.680 +/- 0.000
2026-02-14 11:06:45 INFO    |  step: 18816000, training/gcp_alpha_loss: 0.000 +/- 0.000
2026-02-14 11:06:45 INFO    |  step: 18816000, training/gcp_categorical_accuracy: 0.557 +/- 0.000
2026-02-14 11:06:45 INFO    |  step: 18816000, training/gcp_critic_loss: 2.057 +/- 0.000
2026-02-14 11:06:45 INFO    |  step: 18816000, training/gcp_entropy: -3.999 +/- 0.000
2026-02-14 11:06:45 INFO    |  step: 18816000, training/gcp_log_alpha: -3.267 +/- 0.000
2026-02-14 11:06:45 INFO    |  step: 18816000, training/gcp_logits_neg: -9.271 +/- 0.000
2026-02-14 11:06:45 INFO    |  step: 18816000, training/gcp_logits_pos: -2.743 +/- 0.000
2026-02-14 11:06:45 INFO    |  step: 18816000, training/gcp_logsumexp: -0.772 +/- 0.000
2026-02-14 11:06:45 INFO    |  step: 18816000, eval/episode_reward: 0.000 +/- 0.000
2026-02-14 11:06:45 INFO    |  step: 18816000, eval/episode_success: 0.000 +/- 0.000
2026-02-14 11:06:45 INFO    |  step: 18816000, eval/episode_success_easy: 0.000 +/- 0.000
2026-02-14 11:06:45 INFO    |  step: 18816000, eval/episode_dist: 12335.487 +/- 0.000
2026-02-14 11:06:45 INFO    |  step: 18816000, eval/episode_success_any: 0.000 +/- 0.000
2026-02-14 11:06:45 INFO    |  step: 18816000, ep_eval/episode_reward: 0.000 +/- 0.000
2026-02-14 11:06:45 INFO    |  step: 18816000, ep_eval/episode_success: 0.000 +/- 0.000
2026-02-14 11:06:45 INFO    |  step: 18816000, ep_eval/episode_success_easy: 0.000 +/- 0.000
2026-02-14 11:06:45 INFO    |  step: 18816000, ep_eval/episode_dist: 12581.752 +/- 0.000
2026-02-14 11:06:45 INFO    |  step: 18816000, ep_eval/episode_success_any: 0.000 +/- 0.000
2026-02-14 11:06:45 INFO    |  step: 18816000, eval/episode_reward_ctrl: 0.000 +/- 0.000
2026-02-14 11:06:45 INFO    |  step: 18816000, eval/episode_reward_dist: 0.000 +/- 0.000
2026-02-14 11:06:45 INFO    |  step: 18816000, eval/episode_reward_near: 0.000 +/- 0.000
2026-02-14 11:06:45 INFO    |  step: 18816000, eval/episode_reward_survive: 0.000 +/- 0.000
2026-02-14 11:06:45 INFO    |  step: 18816000, eval/episode_success_hard: 0.000 +/- 0.000
2026-02-14 11:06:45 INFO    |  step: 18816000, ep_eval/episode_reward_ctrl: 0.000 +/- 0.000
2026-02-14 11:06:45 INFO    |  step: 18816000, ep_eval/episode_reward_dist: 0.000 +/- 0.000
2026-02-14 11:06:45 INFO    |  step: 18816000, ep_eval/episode_reward_near: 0.000 +/- 0.000
2026-02-14 11:06:45 INFO    |  step: 18816000, ep_eval/episode_reward_survive: 0.000 +/- 0.000
2026-02-14 11:06:45 INFO    |  step: 18816000, ep_eval/episode_success_hard: 0.000 +/- 0.000
2026-02-14 11:06:45 INFO    |  step: 18816000, training/actor_loss: 0.000 +/- 0.000
2026-02-14 11:06:45 INFO    |  step: 18816000, training/log_alpha: 0.000 +/- 0.000
2026-02-14 11:06:45 INFO    |  step: 18816000, training/alpha_loss: 0.000 +/- 0.000
2026-02-14 11:06:45 INFO    |  step: 18816000, training/critic_loss: 0.000 +/- 0.000
2026-02-14 11:06:45 INFO    |  step: 18816000, training/entropy: 0.000 +/- 0.000
2026-02-14 11:08:20 INFO    |  Visualization: collected_transitions shape: (2000, 256, 31), num_envs: 256
2026-02-14 11:08:20 INFO    |  Visualization: Raw collected_transitions has 256 unique trajectory IDs out of 512000 total transitions
2026-02-14 11:08:20 INFO    |  Visualization: processed_transitions shape: (1999, 256, 31)
2026-02-14 11:08:21 INFO    |  Visualization: Found 256 unique trajectory IDs out of 511744 total transitions
2026-02-14 11:08:21 INFO    |  Transition shapes: obs=(1999, 256, 31), traj_ids=(1999, 256), traj_ids_flat=(511744,)
2026-02-14 11:08:23 INFO    |  Plotted visualizations at env step 14848000.0
2026-02-14 11:08:26 INFO    |  Visualization: collected_transitions shape: (2000, 256, 31), num_envs: 256
2026-02-14 11:08:26 INFO    |  Visualization: Raw collected_transitions has 256 unique trajectory IDs out of 512000 total transitions
2026-02-14 11:08:27 INFO    |  Visualization: processed_transitions shape: (1999, 256, 31)
2026-02-14 11:08:27 INFO    |  Visualization: Found 256 unique trajectory IDs out of 511744 total transitions
2026-02-14 11:08:27 INFO    |  Transition shapes: obs=(1999, 256, 31), traj_ids=(1999, 256), traj_ids_flat=(511744,)
2026-02-14 11:08:30 INFO    |  Plotted visualizations at env step 14848000.0
2026-02-14 11:09:01 INFO    |  Visualization: collected_transitions shape: (1500, 256, 31), num_envs: 256
2026-02-14 11:09:01 INFO    |  Visualization: Raw collected_transitions has 256 unique trajectory IDs out of 384000 total transitions
2026-02-14 11:09:02 INFO    |  step: 14848000
2026-02-14 11:09:02 INFO    |  step: 14848000, training/sps: 4090.249 +/- 0.000
2026-02-14 11:09:02 INFO    |  step: 14848000, training/ep_actor_loss: 0.003 +/- 0.000
2026-02-14 11:09:02 INFO    |  step: 14848000, training/ep_alpha_loss: 0.000 +/- 0.000
2026-02-14 11:09:02 INFO    |  step: 14848000, training/ep_categorical_accuracy: 0.004 +/- 0.000
2026-02-14 11:09:02 INFO    |  step: 14848000, training/ep_critic_loss: 8.619 +/- 0.000
2026-02-14 11:09:02 INFO    |  step: 14848000, training/ep_entropy: -4.000 +/- 0.000
2026-02-14 11:09:02 INFO    |  step: 14848000, training/ep_log_alpha: -8.330 +/- 0.000
2026-02-14 11:09:02 INFO    |  step: 14848000, training/ep_logits_neg: -0.001 +/- 0.000
2026-02-14 11:09:02 INFO    |  step: 14848000, training/ep_logits_pos: -0.001 +/- 0.000
2026-02-14 11:09:02 INFO    |  step: 14848000, training/ep_logsumexp: 5.544 +/- 0.000
2026-02-14 11:09:02 INFO    |  step: 14848000, training/gcp_actor_loss: 2.590 +/- 0.000
2026-02-14 11:09:02 INFO    |  step: 14848000, training/gcp_alpha_loss: -0.000 +/- 0.000
2026-02-14 11:09:02 INFO    |  step: 14848000, training/gcp_categorical_accuracy: 0.631 +/- 0.000
2026-02-14 11:09:02 INFO    |  step: 14848000, training/gcp_critic_loss: 1.681 +/- 0.000
2026-02-14 11:09:02 INFO    |  step: 14848000, training/gcp_entropy: -4.000 +/- 0.000
2026-02-14 11:09:02 INFO    |  step: 14848000, training/gcp_log_alpha: -2.754 +/- 0.000
2026-02-14 11:09:02 INFO    |  step: 14848000, training/gcp_logits_neg: -9.873 +/- 0.000
2026-02-14 11:09:02 INFO    |  step: 14848000, training/gcp_logits_pos: -2.451 +/- 0.000
2026-02-14 11:09:02 INFO    |  step: 14848000, training/gcp_logsumexp: -0.879 +/- 0.000
2026-02-14 11:09:02 INFO    |  step: 14848000, eval/episode_reward: 0.000 +/- 0.000
2026-02-14 11:09:02 INFO    |  step: 14848000, eval/episode_success: 0.000 +/- 0.000
2026-02-14 11:09:02 INFO    |  step: 14848000, eval/episode_success_easy: 0.000 +/- 0.000
2026-02-14 11:09:02 INFO    |  step: 14848000, eval/episode_dist: 34592.812 +/- 0.000
2026-02-14 11:09:02 INFO    |  step: 14848000, eval/episode_success_any: 0.000 +/- 0.000
2026-02-14 11:09:02 INFO    |  step: 14848000, ep_eval/episode_reward: 0.000 +/- 0.000
2026-02-14 11:09:02 INFO    |  step: 14848000, ep_eval/episode_success: 0.000 +/- 0.000
2026-02-14 11:09:02 INFO    |  step: 14848000, ep_eval/episode_success_easy: 0.000 +/- 0.000
2026-02-14 11:09:02 INFO    |  step: 14848000, ep_eval/episode_dist: 32758.688 +/- 0.000
2026-02-14 11:09:02 INFO    |  step: 14848000, ep_eval/episode_success_any: 0.000 +/- 0.000
2026-02-14 11:09:02 INFO    |  step: 14848000, eval/episode_reward_ctrl: 0.000 +/- 0.000
2026-02-14 11:09:02 INFO    |  step: 14848000, eval/episode_reward_dist: 0.000 +/- 0.000
2026-02-14 11:09:02 INFO    |  step: 14848000, eval/episode_reward_near: 0.000 +/- 0.000
2026-02-14 11:09:02 INFO    |  step: 14848000, eval/episode_reward_survive: 0.000 +/- 0.000
2026-02-14 11:09:02 INFO    |  step: 14848000, eval/episode_success_hard: 0.000 +/- 0.000
2026-02-14 11:09:02 INFO    |  step: 14848000, ep_eval/episode_reward_ctrl: 0.000 +/- 0.000
2026-02-14 11:09:02 INFO    |  step: 14848000, ep_eval/episode_reward_dist: 0.000 +/- 0.000
2026-02-14 11:09:02 INFO    |  step: 14848000, ep_eval/episode_reward_near: 0.000 +/- 0.000
2026-02-14 11:09:02 INFO    |  step: 14848000, ep_eval/episode_reward_survive: 0.000 +/- 0.000
2026-02-14 11:09:02 INFO    |  step: 14848000, ep_eval/episode_success_hard: 0.000 +/- 0.000
2026-02-14 11:09:02 INFO    |  step: 14848000, training/actor_loss: 0.000 +/- 0.000
2026-02-14 11:09:02 INFO    |  step: 14848000, training/log_alpha: 0.000 +/- 0.000
2026-02-14 11:09:02 INFO    |  step: 14848000, training/alpha_loss: 0.000 +/- 0.000
2026-02-14 11:09:02 INFO    |  step: 14848000, training/critic_loss: 0.000 +/- 0.000
2026-02-14 11:09:02 INFO    |  step: 14848000, training/entropy: 0.000 +/- 0.000
2026-02-14 11:09:02 INFO    |  Visualization: processed_transitions shape: (1499, 256, 31)
2026-02-14 11:09:02 INFO    |  Visualization: Found 256 unique trajectory IDs out of 383744 total transitions
2026-02-14 11:09:02 INFO    |  Transition shapes: obs=(1499, 256, 31), traj_ids=(1499, 256), traj_ids_flat=(383744,)
2026-02-14 11:09:05 INFO    |  Plotted visualizations at env step 19584000.0
2026-02-14 11:09:08 INFO    |  step: 14848000
2026-02-14 11:09:08 INFO    |  step: 14848000, training/sps: 4058.594 +/- 0.000
2026-02-14 11:09:08 INFO    |  step: 14848000, training/ep_actor_loss: 0.003 +/- 0.000
2026-02-14 11:09:08 INFO    |  step: 14848000, training/ep_alpha_loss: 0.000 +/- 0.000
2026-02-14 11:09:08 INFO    |  step: 14848000, training/ep_categorical_accuracy: 0.004 +/- 0.000
2026-02-14 11:09:08 INFO    |  step: 14848000, training/ep_critic_loss: 8.619 +/- 0.000
2026-02-14 11:09:08 INFO    |  step: 14848000, training/ep_entropy: -4.000 +/- 0.000
2026-02-14 11:09:08 INFO    |  step: 14848000, training/ep_log_alpha: -8.330 +/- 0.000
2026-02-14 11:09:08 INFO    |  step: 14848000, training/ep_logits_neg: -0.001 +/- 0.000
2026-02-14 11:09:08 INFO    |  step: 14848000, training/ep_logits_pos: -0.001 +/- 0.000
2026-02-14 11:09:08 INFO    |  step: 14848000, training/ep_logsumexp: 5.544 +/- 0.000
2026-02-14 11:09:08 INFO    |  step: 14848000, training/gcp_actor_loss: 2.692 +/- 0.000
2026-02-14 11:09:08 INFO    |  step: 14848000, training/gcp_alpha_loss: 0.000 +/- 0.000
2026-02-14 11:09:08 INFO    |  step: 14848000, training/gcp_categorical_accuracy: 0.538 +/- 0.000
2026-02-14 11:09:08 INFO    |  step: 14848000, training/gcp_critic_loss: 2.156 +/- 0.000
2026-02-14 11:09:08 INFO    |  step: 14848000, training/gcp_entropy: -3.998 +/- 0.000
2026-02-14 11:09:08 INFO    |  step: 14848000, training/gcp_log_alpha: -3.577 +/- 0.000
2026-02-14 11:09:08 INFO    |  step: 14848000, training/gcp_logits_neg: -9.151 +/- 0.000
2026-02-14 11:09:08 INFO    |  step: 14848000, training/gcp_logits_pos: -2.835 +/- 0.000
2026-02-14 11:09:08 INFO    |  step: 14848000, training/gcp_logsumexp: -0.761 +/- 0.000
2026-02-14 11:09:08 INFO    |  step: 14848000, eval/episode_reward: 0.000 +/- 0.000
2026-02-14 11:09:08 INFO    |  step: 14848000, eval/episode_success: 0.000 +/- 0.000
2026-02-14 11:09:08 INFO    |  step: 14848000, eval/episode_success_easy: 0.188 +/- 0.000
2026-02-14 11:09:08 INFO    |  step: 14848000, eval/episode_dist: 34703.348 +/- 0.000
2026-02-14 11:09:08 INFO    |  step: 14848000, eval/episode_success_any: 0.000 +/- 0.000
2026-02-14 11:09:08 INFO    |  step: 14848000, ep_eval/episode_reward: 0.000 +/- 0.000
2026-02-14 11:09:08 INFO    |  step: 14848000, ep_eval/episode_success: 0.000 +/- 0.000
2026-02-14 11:09:08 INFO    |  step: 14848000, ep_eval/episode_success_easy: 0.000 +/- 0.000
2026-02-14 11:09:08 INFO    |  step: 14848000, ep_eval/episode_dist: 32759.959 +/- 0.000
2026-02-14 11:09:08 INFO    |  step: 14848000, ep_eval/episode_success_any: 0.000 +/- 0.000
2026-02-14 11:09:08 INFO    |  step: 14848000, eval/episode_reward_ctrl: 0.000 +/- 0.000
2026-02-14 11:09:08 INFO    |  step: 14848000, eval/episode_reward_dist: 0.000 +/- 0.000
2026-02-14 11:09:08 INFO    |  step: 14848000, eval/episode_reward_near: 0.000 +/- 0.000
2026-02-14 11:09:08 INFO    |  step: 14848000, eval/episode_reward_survive: 0.000 +/- 0.000
2026-02-14 11:09:08 INFO    |  step: 14848000, eval/episode_success_hard: 0.000 +/- 0.000
2026-02-14 11:09:08 INFO    |  step: 14848000, ep_eval/episode_reward_ctrl: 0.000 +/- 0.000
2026-02-14 11:09:08 INFO    |  step: 14848000, ep_eval/episode_reward_dist: 0.000 +/- 0.000
2026-02-14 11:09:08 INFO    |  step: 14848000, ep_eval/episode_reward_near: 0.000 +/- 0.000
2026-02-14 11:09:08 INFO    |  step: 14848000, ep_eval/episode_reward_survive: 0.000 +/- 0.000
2026-02-14 11:09:08 INFO    |  step: 14848000, ep_eval/episode_success_hard: 0.000 +/- 0.000
2026-02-14 11:09:08 INFO    |  step: 14848000, training/actor_loss: 0.000 +/- 0.000
2026-02-14 11:09:08 INFO    |  step: 14848000, training/log_alpha: 0.000 +/- 0.000
2026-02-14 11:09:08 INFO    |  step: 14848000, training/alpha_loss: 0.000 +/- 0.000
2026-02-14 11:09:08 INFO    |  step: 14848000, training/critic_loss: 0.000 +/- 0.000
2026-02-14 11:09:08 INFO    |  step: 14848000, training/entropy: 0.000 +/- 0.000
2026-02-14 11:09:25 INFO    |  step: 19584000
2026-02-14 11:09:26 INFO    |  step: 19584000, training/sps: 5476.537 +/- 0.000
2026-02-14 11:09:26 INFO    |  step: 19584000, training/ep_actor_loss: 0.003 +/- 0.000
2026-02-14 11:09:26 INFO    |  step: 19584000, training/ep_alpha_loss: 0.000 +/- 0.000
2026-02-14 11:09:26 INFO    |  step: 19584000, training/ep_categorical_accuracy: 0.004 +/- 0.000
2026-02-14 11:09:26 INFO    |  step: 19584000, training/ep_critic_loss: 8.619 +/- 0.000
2026-02-14 11:09:26 INFO    |  step: 19584000, training/ep_entropy: -4.000 +/- 0.000
2026-02-14 11:09:26 INFO    |  step: 19584000, training/ep_log_alpha: -8.330 +/- 0.000
2026-02-14 11:09:26 INFO    |  step: 19584000, training/ep_logits_neg: -0.001 +/- 0.000
2026-02-14 11:09:26 INFO    |  step: 19584000, training/ep_logits_pos: -0.001 +/- 0.000
2026-02-14 11:09:26 INFO    |  step: 19584000, training/ep_logsumexp: 5.544 +/- 0.000
2026-02-14 11:09:26 INFO    |  step: 19584000, training/gcp_actor_loss: 2.690 +/- 0.000
2026-02-14 11:09:26 INFO    |  step: 19584000, training/gcp_alpha_loss: 0.000 +/- 0.000
2026-02-14 11:09:26 INFO    |  step: 19584000, training/gcp_categorical_accuracy: 0.555 +/- 0.000
2026-02-14 11:09:26 INFO    |  step: 19584000, training/gcp_critic_loss: 2.099 +/- 0.000
2026-02-14 11:09:26 INFO    |  step: 19584000, training/gcp_entropy: -3.999 +/- 0.000
2026-02-14 11:09:26 INFO    |  step: 19584000, training/gcp_log_alpha: -3.380 +/- 0.000
2026-02-14 11:09:26 INFO    |  step: 19584000, training/gcp_logits_neg: -9.182 +/- 0.000
2026-02-14 11:09:26 INFO    |  step: 19584000, training/gcp_logits_pos: -2.769 +/- 0.000
2026-02-14 11:09:26 INFO    |  step: 19584000, training/gcp_logsumexp: -0.753 +/- 0.000
2026-02-14 11:09:26 INFO    |  step: 19584000, eval/episode_reward: 0.000 +/- 0.000
2026-02-14 11:09:26 INFO    |  step: 19584000, eval/episode_success: 0.000 +/- 0.000
2026-02-14 11:09:26 INFO    |  step: 19584000, eval/episode_success_easy: 0.000 +/- 0.000
2026-02-14 11:09:26 INFO    |  step: 19584000, eval/episode_dist: 12282.531 +/- 0.000
2026-02-14 11:09:26 INFO    |  step: 19584000, eval/episode_success_any: 0.000 +/- 0.000
2026-02-14 11:09:26 INFO    |  step: 19584000, ep_eval/episode_reward: 0.000 +/- 0.000
2026-02-14 11:09:26 INFO    |  step: 19584000, ep_eval/episode_success: 0.000 +/- 0.000
2026-02-14 11:09:26 INFO    |  step: 19584000, ep_eval/episode_success_easy: 0.000 +/- 0.000
2026-02-14 11:09:26 INFO    |  step: 19584000, ep_eval/episode_dist: 12353.674 +/- 0.000
2026-02-14 11:09:26 INFO    |  step: 19584000, ep_eval/episode_success_any: 0.000 +/- 0.000
2026-02-14 11:09:26 INFO    |  step: 19584000, eval/episode_reward_ctrl: 0.000 +/- 0.000
2026-02-14 11:09:26 INFO    |  step: 19584000, eval/episode_reward_dist: 0.000 +/- 0.000
2026-02-14 11:09:26 INFO    |  step: 19584000, eval/episode_reward_near: 0.000 +/- 0.000
2026-02-14 11:09:26 INFO    |  step: 19584000, eval/episode_reward_survive: 0.000 +/- 0.000
2026-02-14 11:09:26 INFO    |  step: 19584000, eval/episode_success_hard: 0.000 +/- 0.000
2026-02-14 11:09:26 INFO    |  step: 19584000, ep_eval/episode_reward_ctrl: 0.000 +/- 0.000
2026-02-14 11:09:26 INFO    |  step: 19584000, ep_eval/episode_reward_dist: 0.000 +/- 0.000
2026-02-14 11:09:26 INFO    |  step: 19584000, ep_eval/episode_reward_near: 0.000 +/- 0.000
2026-02-14 11:09:26 INFO    |  step: 19584000, ep_eval/episode_reward_survive: 0.000 +/- 0.000
2026-02-14 11:09:26 INFO    |  step: 19584000, ep_eval/episode_success_hard: 0.000 +/- 0.000
2026-02-14 11:09:26 INFO    |  step: 19584000, training/actor_loss: 0.000 +/- 0.000
2026-02-14 11:09:26 INFO    |  step: 19584000, training/log_alpha: 0.000 +/- 0.000
2026-02-14 11:09:26 INFO    |  step: 19584000, training/alpha_loss: 0.000 +/- 0.000
2026-02-14 11:09:26 INFO    |  step: 19584000, training/critic_loss: 0.000 +/- 0.000
2026-02-14 11:09:26 INFO    |  step: 19584000, training/entropy: 0.000 +/- 0.000
2026-02-14 11:11:43 INFO    |  Visualization: collected_transitions shape: (1500, 256, 31), num_envs: 256
2026-02-14 11:11:43 INFO    |  Visualization: Raw collected_transitions has 256 unique trajectory IDs out of 384000 total transitions
2026-02-14 11:11:44 INFO    |  Visualization: processed_transitions shape: (1499, 256, 31)
2026-02-14 11:11:44 INFO    |  Visualization: Found 256 unique trajectory IDs out of 383744 total transitions
2026-02-14 11:11:44 INFO    |  Transition shapes: obs=(1499, 256, 31), traj_ids=(1499, 256), traj_ids_flat=(383744,)
2026-02-14 11:11:47 INFO    |  Plotted visualizations at env step 20352000.0
2026-02-14 11:12:07 INFO    |  step: 20352000
2026-02-14 11:12:10 INFO    |  actor input shape: (1, 31)
2026-02-14 11:12:40 INFO    |  step: 20352000, training/sps: 5443.304 +/- 0.000
2026-02-14 11:12:40 INFO    |  step: 20352000, training/ep_actor_loss: 0.003 +/- 0.000
2026-02-14 11:12:40 INFO    |  step: 20352000, training/ep_alpha_loss: -0.000 +/- 0.000
2026-02-14 11:12:40 INFO    |  step: 20352000, training/ep_categorical_accuracy: 0.004 +/- 0.000
2026-02-14 11:12:40 INFO    |  step: 20352000, training/ep_critic_loss: 8.619 +/- 0.000
2026-02-14 11:12:40 INFO    |  step: 20352000, training/ep_entropy: -4.000 +/- 0.000
2026-02-14 11:12:40 INFO    |  step: 20352000, training/ep_log_alpha: -8.330 +/- 0.000
2026-02-14 11:12:40 INFO    |  step: 20352000, training/ep_logits_neg: -0.001 +/- 0.000
2026-02-14 11:12:40 INFO    |  step: 20352000, training/ep_logits_pos: -0.001 +/- 0.000
2026-02-14 11:12:40 INFO    |  step: 20352000, training/ep_logsumexp: 5.544 +/- 0.000
2026-02-14 11:12:40 INFO    |  step: 20352000, training/gcp_actor_loss: 2.721 +/- 0.000
2026-02-14 11:12:40 INFO    |  step: 20352000, training/gcp_alpha_loss: 0.000 +/- 0.000
2026-02-14 11:12:40 INFO    |  step: 20352000, training/gcp_categorical_accuracy: 0.537 +/- 0.000
2026-02-14 11:12:40 INFO    |  step: 20352000, training/gcp_critic_loss: 2.173 +/- 0.000
2026-02-14 11:12:40 INFO    |  step: 20352000, training/gcp_entropy: -3.998 +/- 0.000
2026-02-14 11:12:40 INFO    |  step: 20352000, training/gcp_log_alpha: -3.466 +/- 0.000
2026-02-14 11:12:40 INFO    |  step: 20352000, training/gcp_logits_neg: -9.086 +/- 0.000
2026-02-14 11:12:40 INFO    |  step: 20352000, training/gcp_logits_pos: -2.829 +/- 0.000
2026-02-14 11:12:40 INFO    |  step: 20352000, training/gcp_logsumexp: -0.735 +/- 0.000
2026-02-14 11:12:40 INFO    |  step: 20352000, eval/episode_reward: 0.000 +/- 0.000
2026-02-14 11:12:40 INFO    |  step: 20352000, eval/episode_success: 0.000 +/- 0.000
2026-02-14 11:12:40 INFO    |  step: 20352000, eval/episode_success_easy: 0.000 +/- 0.000
2026-02-14 11:12:40 INFO    |  step: 20352000, eval/episode_dist: 11976.234 +/- 0.000
2026-02-14 11:12:40 INFO    |  step: 20352000, eval/episode_success_any: 0.000 +/- 0.000
2026-02-14 11:12:40 INFO    |  step: 20352000, ep_eval/episode_reward: 0.000 +/- 0.000
2026-02-14 11:12:40 INFO    |  step: 20352000, ep_eval/episode_success: 0.000 +/- 0.000
2026-02-14 11:12:40 INFO    |  step: 20352000, ep_eval/episode_success_easy: 0.000 +/- 0.000
2026-02-14 11:12:40 INFO    |  step: 20352000, ep_eval/episode_dist: 12022.740 +/- 0.000
2026-02-14 11:12:40 INFO    |  step: 20352000, ep_eval/episode_success_any: 0.000 +/- 0.000
2026-02-14 11:12:40 INFO    |  step: 20352000, eval/episode_reward_ctrl: 0.000 +/- 0.000
2026-02-14 11:12:40 INFO    |  step: 20352000, eval/episode_reward_dist: 0.000 +/- 0.000
2026-02-14 11:12:40 INFO    |  step: 20352000, eval/episode_reward_near: 0.000 +/- 0.000
2026-02-14 11:12:40 INFO    |  step: 20352000, eval/episode_reward_survive: 0.000 +/- 0.000
2026-02-14 11:12:40 INFO    |  step: 20352000, eval/episode_success_hard: 0.000 +/- 0.000
2026-02-14 11:12:40 INFO    |  step: 20352000, ep_eval/episode_reward_ctrl: 0.000 +/- 0.000
2026-02-14 11:12:40 INFO    |  step: 20352000, ep_eval/episode_reward_dist: 0.000 +/- 0.000
2026-02-14 11:12:40 INFO    |  step: 20352000, ep_eval/episode_reward_near: 0.000 +/- 0.000
2026-02-14 11:12:40 INFO    |  step: 20352000, ep_eval/episode_reward_survive: 0.000 +/- 0.000
2026-02-14 11:12:40 INFO    |  step: 20352000, ep_eval/episode_success_hard: 0.000 +/- 0.000
2026-02-14 11:12:40 INFO    |  step: 20352000, training/actor_loss: 0.000 +/- 0.000
2026-02-14 11:12:40 INFO    |  step: 20352000, training/log_alpha: 0.000 +/- 0.000
2026-02-14 11:12:40 INFO    |  step: 20352000, training/alpha_loss: 0.000 +/- 0.000
2026-02-14 11:12:40 INFO    |  step: 20352000, training/critic_loss: 0.000 +/- 0.000
2026-02-14 11:12:40 INFO    |  step: 20352000, training/entropy: 0.000 +/- 0.000
2026-02-14 11:13:08 INFO    |  Visualization: collected_transitions shape: (2000, 256, 31), num_envs: 256
2026-02-14 11:13:08 INFO    |  Visualization: Raw collected_transitions has 256 unique trajectory IDs out of 512000 total transitions
2026-02-14 11:13:09 INFO    |  Visualization: processed_transitions shape: (1999, 256, 31)
2026-02-14 11:13:10 INFO    |  Visualization: Found 256 unique trajectory IDs out of 511744 total transitions
2026-02-14 11:13:10 INFO    |  Transition shapes: obs=(1999, 256, 31), traj_ids=(1999, 256), traj_ids_flat=(511744,)
2026-02-14 11:13:12 INFO    |  Plotted visualizations at env step 15872000.0
2026-02-14 11:13:16 INFO    |  Visualization: collected_transitions shape: (2000, 256, 31), num_envs: 256
2026-02-14 11:13:16 INFO    |  Visualization: Raw collected_transitions has 256 unique trajectory IDs out of 512000 total transitions
2026-02-14 11:13:17 INFO    |  Visualization: processed_transitions shape: (1999, 256, 31)
2026-02-14 11:13:17 INFO    |  Visualization: Found 256 unique trajectory IDs out of 511744 total transitions
2026-02-14 11:13:17 INFO    |  Transition shapes: obs=(1999, 256, 31), traj_ids=(1999, 256), traj_ids_flat=(511744,)
2026-02-14 11:13:20 INFO    |  Plotted visualizations at env step 15872000.0
2026-02-14 11:13:50 INFO    |  step: 15872000
2026-02-14 11:13:50 INFO    |  step: 15872000, training/sps: 4091.641 +/- 0.000
2026-02-14 11:13:50 INFO    |  step: 15872000, training/ep_actor_loss: 0.003 +/- 0.000
2026-02-14 11:13:50 INFO    |  step: 15872000, training/ep_alpha_loss: -0.000 +/- 0.000
2026-02-14 11:13:50 INFO    |  step: 15872000, training/ep_categorical_accuracy: 0.004 +/- 0.000
2026-02-14 11:13:50 INFO    |  step: 15872000, training/ep_critic_loss: 8.619 +/- 0.000
2026-02-14 11:13:50 INFO    |  step: 15872000, training/ep_entropy: -4.000 +/- 0.000
2026-02-14 11:13:50 INFO    |  step: 15872000, training/ep_log_alpha: -8.330 +/- 0.000
2026-02-14 11:13:50 INFO    |  step: 15872000, training/ep_logits_neg: -0.001 +/- 0.000
2026-02-14 11:13:50 INFO    |  step: 15872000, training/ep_logits_pos: -0.001 +/- 0.000
2026-02-14 11:13:50 INFO    |  step: 15872000, training/ep_logsumexp: 5.544 +/- 0.000
2026-02-14 11:13:50 INFO    |  step: 15872000, training/gcp_actor_loss: 2.578 +/- 0.000
2026-02-14 11:13:50 INFO    |  step: 15872000, training/gcp_alpha_loss: 0.000 +/- 0.000
2026-02-14 11:13:50 INFO    |  step: 15872000, training/gcp_categorical_accuracy: 0.638 +/- 0.000
2026-02-14 11:13:50 INFO    |  step: 15872000, training/gcp_critic_loss: 1.656 +/- 0.000
2026-02-14 11:13:50 INFO    |  step: 15872000, training/gcp_entropy: -4.000 +/- 0.000
2026-02-14 11:13:50 INFO    |  step: 15872000, training/gcp_log_alpha: -2.755 +/- 0.000
2026-02-14 11:13:50 INFO    |  step: 15872000, training/gcp_logits_neg: -9.859 +/- 0.000
2026-02-14 11:13:50 INFO    |  step: 15872000, training/gcp_logits_pos: -2.431 +/- 0.000
2026-02-14 11:13:50 INFO    |  step: 15872000, training/gcp_logsumexp: -0.886 +/- 0.000
2026-02-14 11:13:50 INFO    |  step: 15872000, eval/episode_reward: 0.000 +/- 0.000
2026-02-14 11:13:50 INFO    |  step: 15872000, eval/episode_success: 0.000 +/- 0.000
2026-02-14 11:13:50 INFO    |  step: 15872000, eval/episode_success_easy: 0.000 +/- 0.000
2026-02-14 11:13:50 INFO    |  step: 15872000, eval/episode_dist: 33405.672 +/- 0.000
2026-02-14 11:13:50 INFO    |  step: 15872000, eval/episode_success_any: 0.000 +/- 0.000
2026-02-14 11:13:50 INFO    |  step: 15872000, ep_eval/episode_reward: 0.000 +/- 0.000
2026-02-14 11:13:50 INFO    |  step: 15872000, ep_eval/episode_success: 0.000 +/- 0.000
2026-02-14 11:13:50 INFO    |  step: 15872000, ep_eval/episode_success_easy: 0.000 +/- 0.000
2026-02-14 11:13:50 INFO    |  step: 15872000, ep_eval/episode_dist: 32781.773 +/- 0.000
2026-02-14 11:13:50 INFO    |  step: 15872000, ep_eval/episode_success_any: 0.000 +/- 0.000
2026-02-14 11:13:50 INFO    |  step: 15872000, eval/episode_reward_ctrl: 0.000 +/- 0.000
2026-02-14 11:13:50 INFO    |  step: 15872000, eval/episode_reward_dist: 0.000 +/- 0.000
2026-02-14 11:13:50 INFO    |  step: 15872000, eval/episode_reward_near: 0.000 +/- 0.000
2026-02-14 11:13:50 INFO    |  step: 15872000, eval/episode_reward_survive: 0.000 +/- 0.000
2026-02-14 11:13:50 INFO    |  step: 15872000, eval/episode_success_hard: 0.000 +/- 0.000
2026-02-14 11:13:50 INFO    |  step: 15872000, ep_eval/episode_reward_ctrl: 0.000 +/- 0.000
2026-02-14 11:13:50 INFO    |  step: 15872000, ep_eval/episode_reward_dist: 0.000 +/- 0.000
2026-02-14 11:13:50 INFO    |  step: 15872000, ep_eval/episode_reward_near: 0.000 +/- 0.000
2026-02-14 11:13:50 INFO    |  step: 15872000, ep_eval/episode_reward_survive: 0.000 +/- 0.000
2026-02-14 11:13:50 INFO    |  step: 15872000, ep_eval/episode_success_hard: 0.000 +/- 0.000
2026-02-14 11:13:50 INFO    |  step: 15872000, training/actor_loss: 0.000 +/- 0.000
2026-02-14 11:13:50 INFO    |  step: 15872000, training/log_alpha: 0.000 +/- 0.000
2026-02-14 11:13:50 INFO    |  step: 15872000, training/alpha_loss: 0.000 +/- 0.000
2026-02-14 11:13:50 INFO    |  step: 15872000, training/critic_loss: 0.000 +/- 0.000
2026-02-14 11:13:50 INFO    |  step: 15872000, training/entropy: 0.000 +/- 0.000
2026-02-14 11:13:58 INFO    |  step: 15872000
2026-02-14 11:13:58 INFO    |  step: 15872000, training/sps: 4074.185 +/- 0.000
2026-02-14 11:13:58 INFO    |  step: 15872000, training/ep_actor_loss: 0.003 +/- 0.000
2026-02-14 11:13:58 INFO    |  step: 15872000, training/ep_alpha_loss: -0.000 +/- 0.000
2026-02-14 11:13:58 INFO    |  step: 15872000, training/ep_categorical_accuracy: 0.004 +/- 0.000
2026-02-14 11:13:58 INFO    |  step: 15872000, training/ep_critic_loss: 8.619 +/- 0.000
2026-02-14 11:13:58 INFO    |  step: 15872000, training/ep_entropy: -4.000 +/- 0.000
2026-02-14 11:13:58 INFO    |  step: 15872000, training/ep_log_alpha: -8.330 +/- 0.000
2026-02-14 11:13:58 INFO    |  step: 15872000, training/ep_logits_neg: -0.001 +/- 0.000
2026-02-14 11:13:58 INFO    |  step: 15872000, training/ep_logits_pos: -0.001 +/- 0.000
2026-02-14 11:13:58 INFO    |  step: 15872000, training/ep_logsumexp: 5.544 +/- 0.000
2026-02-14 11:13:58 INFO    |  step: 15872000, training/gcp_actor_loss: 2.672 +/- 0.000
2026-02-14 11:13:58 INFO    |  step: 15872000, training/gcp_alpha_loss: 0.000 +/- 0.000
2026-02-14 11:13:58 INFO    |  step: 15872000, training/gcp_categorical_accuracy: 0.534 +/- 0.000
2026-02-14 11:13:58 INFO    |  step: 15872000, training/gcp_critic_loss: 2.188 +/- 0.000
2026-02-14 11:13:58 INFO    |  step: 15872000, training/gcp_entropy: -3.999 +/- 0.000
2026-02-14 11:13:58 INFO    |  step: 15872000, training/gcp_log_alpha: -3.786 +/- 0.000
2026-02-14 11:13:58 INFO    |  step: 15872000, training/gcp_logits_neg: -9.125 +/- 0.000
2026-02-14 11:13:58 INFO    |  step: 15872000, training/gcp_logits_pos: -2.841 +/- 0.000
2026-02-14 11:13:58 INFO    |  step: 15872000, training/gcp_logsumexp: -0.732 +/- 0.000
2026-02-14 11:13:58 INFO    |  step: 15872000, eval/episode_reward: 0.000 +/- 0.000
2026-02-14 11:13:58 INFO    |  step: 15872000, eval/episode_success: 0.000 +/- 0.000
2026-02-14 11:13:58 INFO    |  step: 15872000, eval/episode_success_easy: 0.000 +/- 0.000
2026-02-14 11:13:58 INFO    |  step: 15872000, eval/episode_dist: 33706.961 +/- 0.000
2026-02-14 11:13:58 INFO    |  step: 15872000, eval/episode_success_any: 0.000 +/- 0.000
2026-02-14 11:13:58 INFO    |  step: 15872000, ep_eval/episode_reward: 0.000 +/- 0.000
2026-02-14 11:13:58 INFO    |  step: 15872000, ep_eval/episode_success: 0.000 +/- 0.000
2026-02-14 11:13:58 INFO    |  step: 15872000, ep_eval/episode_success_easy: 0.000 +/- 0.000
2026-02-14 11:13:58 INFO    |  step: 15872000, ep_eval/episode_dist: 32778.062 +/- 0.000
2026-02-14 11:13:58 INFO    |  step: 15872000, ep_eval/episode_success_any: 0.000 +/- 0.000
2026-02-14 11:13:58 INFO    |  step: 15872000, eval/episode_reward_ctrl: 0.000 +/- 0.000
2026-02-14 11:13:58 INFO    |  step: 15872000, eval/episode_reward_dist: 0.000 +/- 0.000
2026-02-14 11:13:58 INFO    |  step: 15872000, eval/episode_reward_near: 0.000 +/- 0.000
2026-02-14 11:13:58 INFO    |  step: 15872000, eval/episode_reward_survive: 0.000 +/- 0.000
2026-02-14 11:13:58 INFO    |  step: 15872000, eval/episode_success_hard: 0.000 +/- 0.000
2026-02-14 11:13:58 INFO    |  step: 15872000, ep_eval/episode_reward_ctrl: 0.000 +/- 0.000
2026-02-14 11:13:58 INFO    |  step: 15872000, ep_eval/episode_reward_dist: 0.000 +/- 0.000
2026-02-14 11:13:58 INFO    |  step: 15872000, ep_eval/episode_reward_near: 0.000 +/- 0.000
2026-02-14 11:13:58 INFO    |  step: 15872000, ep_eval/episode_reward_survive: 0.000 +/- 0.000
2026-02-14 11:13:58 INFO    |  step: 15872000, ep_eval/episode_success_hard: 0.000 +/- 0.000
2026-02-14 11:13:58 INFO    |  step: 15872000, training/actor_loss: 0.000 +/- 0.000
2026-02-14 11:13:58 INFO    |  step: 15872000, training/log_alpha: 0.000 +/- 0.000
2026-02-14 11:13:58 INFO    |  step: 15872000, training/alpha_loss: 0.000 +/- 0.000
2026-02-14 11:13:58 INFO    |  step: 15872000, training/critic_loss: 0.000 +/- 0.000
2026-02-14 11:13:58 INFO    |  step: 15872000, training/entropy: 0.000 +/- 0.000
2026-02-14 11:14:58 INFO    |  Visualization: collected_transitions shape: (1500, 256, 31), num_envs: 256
2026-02-14 11:14:58 INFO    |  Visualization: Raw collected_transitions has 256 unique trajectory IDs out of 384000 total transitions
2026-02-14 11:14:59 INFO    |  Visualization: processed_transitions shape: (1499, 256, 31)
2026-02-14 11:14:59 INFO    |  Visualization: Found 256 unique trajectory IDs out of 383744 total transitions
2026-02-14 11:14:59 INFO    |  Transition shapes: obs=(1499, 256, 31), traj_ids=(1499, 256), traj_ids_flat=(383744,)
2026-02-14 11:15:02 INFO    |  Plotted visualizations at env step 21120000.0
2026-02-14 11:15:22 INFO    |  step: 21120000
2026-02-14 11:15:22 INFO    |  step: 21120000, training/sps: 5438.500 +/- 0.000
2026-02-14 11:15:22 INFO    |  step: 21120000, training/ep_actor_loss: 0.003 +/- 0.000
2026-02-14 11:15:22 INFO    |  step: 21120000, training/ep_alpha_loss: 0.000 +/- 0.000
2026-02-14 11:15:22 INFO    |  step: 21120000, training/ep_categorical_accuracy: 0.004 +/- 0.000
2026-02-14 11:15:22 INFO    |  step: 21120000, training/ep_critic_loss: 8.619 +/- 0.000
2026-02-14 11:15:22 INFO    |  step: 21120000, training/ep_entropy: -4.000 +/- 0.000
2026-02-14 11:15:22 INFO    |  step: 21120000, training/ep_log_alpha: -8.330 +/- 0.000
2026-02-14 11:15:22 INFO    |  step: 21120000, training/ep_logits_neg: -0.001 +/- 0.000
2026-02-14 11:15:22 INFO    |  step: 21120000, training/ep_logits_pos: -0.001 +/- 0.000
2026-02-14 11:15:22 INFO    |  step: 21120000, training/ep_logsumexp: 5.544 +/- 0.000
2026-02-14 11:15:22 INFO    |  step: 21120000, training/gcp_actor_loss: 2.820 +/- 0.000
2026-02-14 11:15:22 INFO    |  step: 21120000, training/gcp_alpha_loss: 0.000 +/- 0.000
2026-02-14 11:15:22 INFO    |  step: 21120000, training/gcp_categorical_accuracy: 0.499 +/- 0.000
2026-02-14 11:15:22 INFO    |  step: 21120000, training/gcp_critic_loss: 2.376 +/- 0.000
2026-02-14 11:15:22 INFO    |  step: 21120000, training/gcp_entropy: -3.998 +/- 0.000
2026-02-14 11:15:22 INFO    |  step: 21120000, training/gcp_log_alpha: -3.677 +/- 0.000
2026-02-14 11:15:22 INFO    |  step: 21120000, training/gcp_logits_neg: -8.819 +/- 0.000
2026-02-14 11:15:22 INFO    |  step: 21120000, training/gcp_logits_pos: -2.980 +/- 0.000
2026-02-14 11:15:22 INFO    |  step: 21120000, training/gcp_logsumexp: -0.671 +/- 0.000
2026-02-14 11:15:22 INFO    |  step: 21120000, eval/episode_reward: 0.000 +/- 0.000
2026-02-14 11:15:22 INFO    |  step: 21120000, eval/episode_success: 0.000 +/- 0.000
2026-02-14 11:15:22 INFO    |  step: 21120000, eval/episode_success_easy: 0.250 +/- 0.000
2026-02-14 11:15:22 INFO    |  step: 21120000, eval/episode_dist: 12051.684 +/- 0.000
2026-02-14 11:15:22 INFO    |  step: 21120000, eval/episode_success_any: 0.000 +/- 0.000
2026-02-14 11:15:22 INFO    |  step: 21120000, ep_eval/episode_reward: 0.000 +/- 0.000
2026-02-14 11:15:22 INFO    |  step: 21120000, ep_eval/episode_success: 0.000 +/- 0.000
2026-02-14 11:15:22 INFO    |  step: 21120000, ep_eval/episode_success_easy: 0.000 +/- 0.000
2026-02-14 11:15:22 INFO    |  step: 21120000, ep_eval/episode_dist: 11830.850 +/- 0.000
2026-02-14 11:15:22 INFO    |  step: 21120000, ep_eval/episode_success_any: 0.000 +/- 0.000
2026-02-14 11:15:22 INFO    |  step: 21120000, eval/episode_reward_ctrl: 0.000 +/- 0.000
2026-02-14 11:15:22 INFO    |  step: 21120000, eval/episode_reward_dist: 0.000 +/- 0.000
2026-02-14 11:15:22 INFO    |  step: 21120000, eval/episode_reward_near: 0.000 +/- 0.000
2026-02-14 11:15:22 INFO    |  step: 21120000, eval/episode_reward_survive: 0.000 +/- 0.000
2026-02-14 11:15:22 INFO    |  step: 21120000, eval/episode_success_hard: 0.000 +/- 0.000
2026-02-14 11:15:22 INFO    |  step: 21120000, ep_eval/episode_reward_ctrl: 0.000 +/- 0.000
2026-02-14 11:15:22 INFO    |  step: 21120000, ep_eval/episode_reward_dist: 0.000 +/- 0.000
2026-02-14 11:15:22 INFO    |  step: 21120000, ep_eval/episode_reward_near: 0.000 +/- 0.000
2026-02-14 11:15:22 INFO    |  step: 21120000, ep_eval/episode_reward_survive: 0.000 +/- 0.000
2026-02-14 11:15:22 INFO    |  step: 21120000, ep_eval/episode_success_hard: 0.000 +/- 0.000
2026-02-14 11:15:22 INFO    |  step: 21120000, training/actor_loss: 0.000 +/- 0.000
2026-02-14 11:15:22 INFO    |  step: 21120000, training/log_alpha: 0.000 +/- 0.000
2026-02-14 11:15:22 INFO    |  step: 21120000, training/alpha_loss: 0.000 +/- 0.000
2026-02-14 11:15:22 INFO    |  step: 21120000, training/critic_loss: 0.000 +/- 0.000
2026-02-14 11:15:22 INFO    |  step: 21120000, training/entropy: 0.000 +/- 0.000
2026-02-14 11:17:40 INFO    |  Visualization: collected_transitions shape: (1500, 256, 31), num_envs: 256
2026-02-14 11:17:40 INFO    |  Visualization: Raw collected_transitions has 256 unique trajectory IDs out of 384000 total transitions
2026-02-14 11:17:41 INFO    |  Visualization: processed_transitions shape: (1499, 256, 31)
2026-02-14 11:17:41 INFO    |  Visualization: Found 256 unique trajectory IDs out of 383744 total transitions
2026-02-14 11:17:41 INFO    |  Transition shapes: obs=(1499, 256, 31), traj_ids=(1499, 256), traj_ids_flat=(383744,)
2026-02-14 11:17:44 INFO    |  Plotted visualizations at env step 21888000.0
2026-02-14 11:17:58 INFO    |  Visualization: collected_transitions shape: (2000, 256, 31), num_envs: 256
2026-02-14 11:17:58 INFO    |  Visualization: Raw collected_transitions has 256 unique trajectory IDs out of 512000 total transitions
2026-02-14 11:17:59 INFO    |  Visualization: processed_transitions shape: (1999, 256, 31)
2026-02-14 11:18:00 INFO    |  Visualization: Found 256 unique trajectory IDs out of 511744 total transitions
2026-02-14 11:18:00 INFO    |  Transition shapes: obs=(1999, 256, 31), traj_ids=(1999, 256), traj_ids_flat=(511744,)
2026-02-14 11:18:02 INFO    |  Plotted visualizations at env step 16896000.0
2026-02-14 11:18:04 INFO    |  step: 21888000
2026-02-14 11:18:04 INFO    |  step: 21888000, training/sps: 5434.216 +/- 0.000
2026-02-14 11:18:04 INFO    |  step: 21888000, training/ep_actor_loss: 0.003 +/- 0.000
2026-02-14 11:18:04 INFO    |  step: 21888000, training/ep_alpha_loss: 0.000 +/- 0.000
2026-02-14 11:18:04 INFO    |  step: 21888000, training/ep_categorical_accuracy: 0.004 +/- 0.000
2026-02-14 11:18:04 INFO    |  step: 21888000, training/ep_critic_loss: 8.619 +/- 0.000
2026-02-14 11:18:04 INFO    |  step: 21888000, training/ep_entropy: -4.000 +/- 0.000
2026-02-14 11:18:04 INFO    |  step: 21888000, training/ep_log_alpha: -8.330 +/- 0.000
2026-02-14 11:18:04 INFO    |  step: 21888000, training/ep_logits_neg: -0.001 +/- 0.000
2026-02-14 11:18:04 INFO    |  step: 21888000, training/ep_logits_pos: -0.001 +/- 0.000
2026-02-14 11:18:04 INFO    |  step: 21888000, training/ep_logsumexp: 5.544 +/- 0.000
2026-02-14 11:18:04 INFO    |  step: 21888000, training/gcp_actor_loss: 2.872 +/- 0.000
2026-02-14 11:18:04 INFO    |  step: 21888000, training/gcp_alpha_loss: 0.000 +/- 0.000
2026-02-14 11:18:04 INFO    |  step: 21888000, training/gcp_categorical_accuracy: 0.477 +/- 0.000
2026-02-14 11:18:04 INFO    |  step: 21888000, training/gcp_critic_loss: 2.488 +/- 0.000
2026-02-14 11:18:04 INFO    |  step: 21888000, training/gcp_entropy: -3.997 +/- 0.000
2026-02-14 11:18:04 INFO    |  step: 21888000, training/gcp_log_alpha: -3.865 +/- 0.000
2026-02-14 11:18:04 INFO    |  step: 21888000, training/gcp_logits_neg: -8.714 +/- 0.000
2026-02-14 11:18:04 INFO    |  step: 21888000, training/gcp_logits_pos: -3.061 +/- 0.000
2026-02-14 11:18:04 INFO    |  step: 21888000, training/gcp_logsumexp: -0.635 +/- 0.000
2026-02-14 11:18:04 INFO    |  step: 21888000, eval/episode_reward: 0.000 +/- 0.000
2026-02-14 11:18:04 INFO    |  step: 21888000, eval/episode_success: 0.000 +/- 0.000
2026-02-14 11:18:04 INFO    |  step: 21888000, eval/episode_success_easy: 5.344 +/- 0.000
2026-02-14 11:18:04 INFO    |  step: 21888000, eval/episode_dist: 12192.827 +/- 0.000
2026-02-14 11:18:04 INFO    |  step: 21888000, eval/episode_success_any: 0.000 +/- 0.000
2026-02-14 11:18:04 INFO    |  step: 21888000, ep_eval/episode_reward: 0.000 +/- 0.000
2026-02-14 11:18:04 INFO    |  step: 21888000, ep_eval/episode_success: 0.000 +/- 0.000
2026-02-14 11:18:04 INFO    |  step: 21888000, ep_eval/episode_success_easy: 0.000 +/- 0.000
2026-02-14 11:18:04 INFO    |  step: 21888000, ep_eval/episode_dist: 12456.592 +/- 0.000
2026-02-14 11:18:04 INFO    |  step: 21888000, ep_eval/episode_success_any: 0.000 +/- 0.000
2026-02-14 11:18:04 INFO    |  step: 21888000, eval/episode_reward_ctrl: 0.000 +/- 0.000
2026-02-14 11:18:04 INFO    |  step: 21888000, eval/episode_reward_dist: 0.000 +/- 0.000
2026-02-14 11:18:04 INFO    |  step: 21888000, eval/episode_reward_near: 0.000 +/- 0.000
2026-02-14 11:18:04 INFO    |  step: 21888000, eval/episode_reward_survive: 0.000 +/- 0.000
2026-02-14 11:18:04 INFO    |  step: 21888000, eval/episode_success_hard: 0.000 +/- 0.000
2026-02-14 11:18:04 INFO    |  step: 21888000, ep_eval/episode_reward_ctrl: 0.000 +/- 0.000
2026-02-14 11:18:04 INFO    |  step: 21888000, ep_eval/episode_reward_dist: 0.000 +/- 0.000
2026-02-14 11:18:04 INFO    |  step: 21888000, ep_eval/episode_reward_near: 0.000 +/- 0.000
2026-02-14 11:18:04 INFO    |  step: 21888000, ep_eval/episode_reward_survive: 0.000 +/- 0.000
2026-02-14 11:18:04 INFO    |  step: 21888000, ep_eval/episode_success_hard: 0.000 +/- 0.000
2026-02-14 11:18:04 INFO    |  step: 21888000, training/actor_loss: 0.000 +/- 0.000
2026-02-14 11:18:04 INFO    |  step: 21888000, training/log_alpha: 0.000 +/- 0.000
2026-02-14 11:18:04 INFO    |  step: 21888000, training/alpha_loss: 0.000 +/- 0.000
2026-02-14 11:18:04 INFO    |  step: 21888000, training/critic_loss: 0.000 +/- 0.000
2026-02-14 11:18:04 INFO    |  step: 21888000, training/entropy: 0.000 +/- 0.000
2026-02-14 11:18:05 INFO    |  Visualization: collected_transitions shape: (2000, 256, 31), num_envs: 256
2026-02-14 11:18:06 INFO    |  Visualization: Raw collected_transitions has 256 unique trajectory IDs out of 512000 total transitions
2026-02-14 11:18:06 INFO    |  Visualization: processed_transitions shape: (1999, 256, 31)
2026-02-14 11:18:07 INFO    |  Visualization: Found 256 unique trajectory IDs out of 511744 total transitions
2026-02-14 11:18:07 INFO    |  Transition shapes: obs=(1999, 256, 31), traj_ids=(1999, 256), traj_ids_flat=(511744,)
2026-02-14 11:18:09 INFO    |  Plotted visualizations at env step 16896000.0
2026-02-14 11:18:40 INFO    |  step: 16896000
2026-02-14 11:18:42 INFO    |  actor input shape: (1, 31)
2026-02-14 11:18:47 INFO    |  step: 16896000
2026-02-14 11:18:50 INFO    |  actor input shape: (1, 31)
2026-02-14 11:19:14 INFO    |  step: 16896000, training/sps: 4071.994 +/- 0.000
2026-02-14 11:19:14 INFO    |  step: 16896000, training/ep_actor_loss: 0.003 +/- 0.000
2026-02-14 11:19:14 INFO    |  step: 16896000, training/ep_alpha_loss: 0.000 +/- 0.000
2026-02-14 11:19:14 INFO    |  step: 16896000, training/ep_categorical_accuracy: 0.004 +/- 0.000
2026-02-14 11:19:14 INFO    |  step: 16896000, training/ep_critic_loss: 8.619 +/- 0.000
2026-02-14 11:19:14 INFO    |  step: 16896000, training/ep_entropy: -4.000 +/- 0.000
2026-02-14 11:19:14 INFO    |  step: 16896000, training/ep_log_alpha: -8.330 +/- 0.000
2026-02-14 11:19:14 INFO    |  step: 16896000, training/ep_logits_neg: -0.001 +/- 0.000
2026-02-14 11:19:14 INFO    |  step: 16896000, training/ep_logits_pos: -0.001 +/- 0.000
2026-02-14 11:19:14 INFO    |  step: 16896000, training/ep_logsumexp: 5.544 +/- 0.000
2026-02-14 11:19:14 INFO    |  step: 16896000, training/gcp_actor_loss: 2.552 +/- 0.000
2026-02-14 11:19:14 INFO    |  step: 16896000, training/gcp_alpha_loss: 0.000 +/- 0.000
2026-02-14 11:19:14 INFO    |  step: 16896000, training/gcp_categorical_accuracy: 0.639 +/- 0.000
2026-02-14 11:19:14 INFO    |  step: 16896000, training/gcp_critic_loss: 1.663 +/- 0.000
2026-02-14 11:19:14 INFO    |  step: 16896000, training/gcp_entropy: -4.000 +/- 0.000
2026-02-14 11:19:14 INFO    |  step: 16896000, training/gcp_log_alpha: -2.819 +/- 0.000
2026-02-14 11:19:14 INFO    |  step: 16896000, training/gcp_logits_neg: -9.881 +/- 0.000
2026-02-14 11:19:14 INFO    |  step: 16896000, training/gcp_logits_pos: -2.430 +/- 0.000
2026-02-14 11:19:14 INFO    |  step: 16896000, training/gcp_logsumexp: -0.876 +/- 0.000
2026-02-14 11:19:14 INFO    |  step: 16896000, eval/episode_reward: 0.000 +/- 0.000
2026-02-14 11:19:14 INFO    |  step: 16896000, eval/episode_success: 0.000 +/- 0.000
2026-02-14 11:19:14 INFO    |  step: 16896000, eval/episode_success_easy: 0.000 +/- 0.000
2026-02-14 11:19:14 INFO    |  step: 16896000, eval/episode_dist: 34473.922 +/- 0.000
2026-02-14 11:19:14 INFO    |  step: 16896000, eval/episode_success_any: 0.000 +/- 0.000
2026-02-14 11:19:14 INFO    |  step: 16896000, ep_eval/episode_reward: 0.000 +/- 0.000
2026-02-14 11:19:14 INFO    |  step: 16896000, ep_eval/episode_success: 0.000 +/- 0.000
2026-02-14 11:19:14 INFO    |  step: 16896000, ep_eval/episode_success_easy: 0.000 +/- 0.000
2026-02-14 11:19:14 INFO    |  step: 16896000, ep_eval/episode_dist: 31853.363 +/- 0.000
2026-02-14 11:19:14 INFO    |  step: 16896000, ep_eval/episode_success_any: 0.000 +/- 0.000
2026-02-14 11:19:14 INFO    |  step: 16896000, eval/episode_reward_ctrl: 0.000 +/- 0.000
2026-02-14 11:19:14 INFO    |  step: 16896000, eval/episode_reward_dist: 0.000 +/- 0.000
2026-02-14 11:19:14 INFO    |  step: 16896000, eval/episode_reward_near: 0.000 +/- 0.000
2026-02-14 11:19:14 INFO    |  step: 16896000, eval/episode_reward_survive: 0.000 +/- 0.000
2026-02-14 11:19:14 INFO    |  step: 16896000, eval/episode_success_hard: 0.000 +/- 0.000
2026-02-14 11:19:14 INFO    |  step: 16896000, ep_eval/episode_reward_ctrl: 0.000 +/- 0.000
2026-02-14 11:19:14 INFO    |  step: 16896000, ep_eval/episode_reward_dist: 0.000 +/- 0.000
2026-02-14 11:19:14 INFO    |  step: 16896000, ep_eval/episode_reward_near: 0.000 +/- 0.000
2026-02-14 11:19:14 INFO    |  step: 16896000, ep_eval/episode_reward_survive: 0.000 +/- 0.000
2026-02-14 11:19:14 INFO    |  step: 16896000, ep_eval/episode_success_hard: 0.000 +/- 0.000
2026-02-14 11:19:14 INFO    |  step: 16896000, training/actor_loss: 0.000 +/- 0.000
2026-02-14 11:19:14 INFO    |  step: 16896000, training/log_alpha: 0.000 +/- 0.000
2026-02-14 11:19:14 INFO    |  step: 16896000, training/alpha_loss: 0.000 +/- 0.000
2026-02-14 11:19:14 INFO    |  step: 16896000, training/critic_loss: 0.000 +/- 0.000
2026-02-14 11:19:14 INFO    |  step: 16896000, training/entropy: 0.000 +/- 0.000
2026-02-14 11:19:21 INFO    |  step: 16896000, training/sps: 4079.014 +/- 0.000
2026-02-14 11:19:21 INFO    |  step: 16896000, training/ep_actor_loss: 0.003 +/- 0.000
2026-02-14 11:19:21 INFO    |  step: 16896000, training/ep_alpha_loss: 0.000 +/- 0.000
2026-02-14 11:19:21 INFO    |  step: 16896000, training/ep_categorical_accuracy: 0.004 +/- 0.000
2026-02-14 11:19:21 INFO    |  step: 16896000, training/ep_critic_loss: 8.619 +/- 0.000
2026-02-14 11:19:21 INFO    |  step: 16896000, training/ep_entropy: -4.000 +/- 0.000
2026-02-14 11:19:21 INFO    |  step: 16896000, training/ep_log_alpha: -8.330 +/- 0.000
2026-02-14 11:19:21 INFO    |  step: 16896000, training/ep_logits_neg: -0.001 +/- 0.000
2026-02-14 11:19:21 INFO    |  step: 16896000, training/ep_logits_pos: -0.001 +/- 0.000
2026-02-14 11:19:21 INFO    |  step: 16896000, training/ep_logsumexp: 5.544 +/- 0.000
2026-02-14 11:19:21 INFO    |  step: 16896000, training/gcp_actor_loss: 2.722 +/- 0.000
2026-02-14 11:19:21 INFO    |  step: 16896000, training/gcp_alpha_loss: 0.000 +/- 0.000
2026-02-14 11:19:21 INFO    |  step: 16896000, training/gcp_categorical_accuracy: 0.512 +/- 0.000
2026-02-14 11:19:21 INFO    |  step: 16896000, training/gcp_critic_loss: 2.296 +/- 0.000
2026-02-14 11:19:21 INFO    |  step: 16896000, training/gcp_entropy: -3.999 +/- 0.000
2026-02-14 11:19:21 INFO    |  step: 16896000, training/gcp_log_alpha: -3.990 +/- 0.000
2026-02-14 11:19:21 INFO    |  step: 16896000, training/gcp_logits_neg: -9.008 +/- 0.000
2026-02-14 11:19:21 INFO    |  step: 16896000, training/gcp_logits_pos: -2.919 +/- 0.000
2026-02-14 11:19:21 INFO    |  step: 16896000, training/gcp_logsumexp: -0.695 +/- 0.000
2026-02-14 11:19:21 INFO    |  step: 16896000, eval/episode_reward: 0.000 +/- 0.000
2026-02-14 11:19:21 INFO    |  step: 16896000, eval/episode_success: 0.000 +/- 0.000
2026-02-14 11:19:21 INFO    |  step: 16896000, eval/episode_success_easy: 0.000 +/- 0.000
2026-02-14 11:19:21 INFO    |  step: 16896000, eval/episode_dist: 34093.895 +/- 0.000
2026-02-14 11:19:21 INFO    |  step: 16896000, eval/episode_success_any: 0.000 +/- 0.000
2026-02-14 11:19:21 INFO    |  step: 16896000, ep_eval/episode_reward: 0.000 +/- 0.000
2026-02-14 11:19:21 INFO    |  step: 16896000, ep_eval/episode_success: 0.000 +/- 0.000
2026-02-14 11:19:21 INFO    |  step: 16896000, ep_eval/episode_success_easy: 0.000 +/- 0.000
2026-02-14 11:19:21 INFO    |  step: 16896000, ep_eval/episode_dist: 31854.109 +/- 0.000
2026-02-14 11:19:21 INFO    |  step: 16896000, ep_eval/episode_success_any: 0.000 +/- 0.000
2026-02-14 11:19:21 INFO    |  step: 16896000, eval/episode_reward_ctrl: 0.000 +/- 0.000
2026-02-14 11:19:21 INFO    |  step: 16896000, eval/episode_reward_dist: 0.000 +/- 0.000
2026-02-14 11:19:21 INFO    |  step: 16896000, eval/episode_reward_near: 0.000 +/- 0.000
2026-02-14 11:19:21 INFO    |  step: 16896000, eval/episode_reward_survive: 0.000 +/- 0.000
2026-02-14 11:19:21 INFO    |  step: 16896000, eval/episode_success_hard: 0.000 +/- 0.000
2026-02-14 11:19:21 INFO    |  step: 16896000, ep_eval/episode_reward_ctrl: 0.000 +/- 0.000
2026-02-14 11:19:21 INFO    |  step: 16896000, ep_eval/episode_reward_dist: 0.000 +/- 0.000
2026-02-14 11:19:21 INFO    |  step: 16896000, ep_eval/episode_reward_near: 0.000 +/- 0.000
2026-02-14 11:19:21 INFO    |  step: 16896000, ep_eval/episode_reward_survive: 0.000 +/- 0.000
2026-02-14 11:19:21 INFO    |  step: 16896000, ep_eval/episode_success_hard: 0.000 +/- 0.000
2026-02-14 11:19:21 INFO    |  step: 16896000, training/actor_loss: 0.000 +/- 0.000
2026-02-14 11:19:21 INFO    |  step: 16896000, training/log_alpha: 0.000 +/- 0.000
2026-02-14 11:19:21 INFO    |  step: 16896000, training/alpha_loss: 0.000 +/- 0.000
2026-02-14 11:19:21 INFO    |  step: 16896000, training/critic_loss: 0.000 +/- 0.000
2026-02-14 11:19:21 INFO    |  step: 16896000, training/entropy: 0.000 +/- 0.000
2026-02-14 11:20:21 INFO    |  Visualization: collected_transitions shape: (1500, 256, 31), num_envs: 256
2026-02-14 11:20:21 INFO    |  Visualization: Raw collected_transitions has 256 unique trajectory IDs out of 384000 total transitions
2026-02-14 11:20:22 INFO    |  Visualization: processed_transitions shape: (1499, 256, 31)
2026-02-14 11:20:22 INFO    |  Visualization: Found 256 unique trajectory IDs out of 383744 total transitions
2026-02-14 11:20:22 INFO    |  Transition shapes: obs=(1499, 256, 31), traj_ids=(1499, 256), traj_ids_flat=(383744,)
2026-02-14 11:20:25 INFO    |  Plotted visualizations at env step 22656000.0
2026-02-14 11:20:46 INFO    |  step: 22656000
2026-02-14 11:20:46 INFO    |  step: 22656000, training/sps: 5472.604 +/- 0.000
2026-02-14 11:20:46 INFO    |  step: 22656000, training/ep_actor_loss: 0.003 +/- 0.000
2026-02-14 11:20:46 INFO    |  step: 22656000, training/ep_alpha_loss: -0.000 +/- 0.000
2026-02-14 11:20:46 INFO    |  step: 22656000, training/ep_categorical_accuracy: 0.004 +/- 0.000
2026-02-14 11:20:46 INFO    |  step: 22656000, training/ep_critic_loss: 8.619 +/- 0.000
2026-02-14 11:20:46 INFO    |  step: 22656000, training/ep_entropy: -4.000 +/- 0.000
2026-02-14 11:20:46 INFO    |  step: 22656000, training/ep_log_alpha: -8.330 +/- 0.000
2026-02-14 11:20:46 INFO    |  step: 22656000, training/ep_logits_neg: -0.001 +/- 0.000
2026-02-14 11:20:46 INFO    |  step: 22656000, training/ep_logits_pos: -0.001 +/- 0.000
2026-02-14 11:20:46 INFO    |  step: 22656000, training/ep_logsumexp: 5.544 +/- 0.000
2026-02-14 11:20:46 INFO    |  step: 22656000, training/gcp_actor_loss: 2.935 +/- 0.000
2026-02-14 11:20:46 INFO    |  step: 22656000, training/gcp_alpha_loss: -0.000 +/- 0.000
2026-02-14 11:20:46 INFO    |  step: 22656000, training/gcp_categorical_accuracy: 0.453 +/- 0.000
2026-02-14 11:20:46 INFO    |  step: 22656000, training/gcp_critic_loss: 2.600 +/- 0.000
2026-02-14 11:20:46 INFO    |  step: 22656000, training/gcp_entropy: -4.000 +/- 0.000
2026-02-14 11:20:46 INFO    |  step: 22656000, training/gcp_log_alpha: -3.975 +/- 0.000
2026-02-14 11:20:46 INFO    |  step: 22656000, training/gcp_logits_neg: -8.601 +/- 0.000
2026-02-14 11:20:46 INFO    |  step: 22656000, training/gcp_logits_pos: -3.150 +/- 0.000
2026-02-14 11:20:46 INFO    |  step: 22656000, training/gcp_logsumexp: -0.608 +/- 0.000
2026-02-14 11:20:46 INFO    |  step: 22656000, eval/episode_reward: 0.059 +/- 0.000
2026-02-14 11:20:46 INFO    |  step: 22656000, eval/episode_success: 0.059 +/- 0.000
2026-02-14 11:20:46 INFO    |  step: 22656000, eval/episode_success_easy: 19.301 +/- 0.000
2026-02-14 11:20:46 INFO    |  step: 22656000, eval/episode_dist: 12008.072 +/- 0.000
2026-02-14 11:20:46 INFO    |  step: 22656000, eval/episode_success_any: 0.004 +/- 0.000
2026-02-14 11:20:46 INFO    |  step: 22656000, ep_eval/episode_reward: 0.000 +/- 0.000
2026-02-14 11:20:46 INFO    |  step: 22656000, ep_eval/episode_success: 0.000 +/- 0.000
2026-02-14 11:20:46 INFO    |  step: 22656000, ep_eval/episode_success_easy: 0.000 +/- 0.000
2026-02-14 11:20:46 INFO    |  step: 22656000, ep_eval/episode_dist: 12230.781 +/- 0.000
2026-02-14 11:20:46 INFO    |  step: 22656000, ep_eval/episode_success_any: 0.000 +/- 0.000
2026-02-14 11:20:46 INFO    |  step: 22656000, eval/episode_reward_ctrl: 0.000 +/- 0.000
2026-02-14 11:20:46 INFO    |  step: 22656000, eval/episode_reward_dist: 0.000 +/- 0.000
2026-02-14 11:20:46 INFO    |  step: 22656000, eval/episode_reward_near: 0.000 +/- 0.000
2026-02-14 11:20:46 INFO    |  step: 22656000, eval/episode_reward_survive: 0.000 +/- 0.000
2026-02-14 11:20:46 INFO    |  step: 22656000, eval/episode_success_hard: 0.000 +/- 0.000
2026-02-14 11:20:46 INFO    |  step: 22656000, ep_eval/episode_reward_ctrl: 0.000 +/- 0.000
2026-02-14 11:20:46 INFO    |  step: 22656000, ep_eval/episode_reward_dist: 0.000 +/- 0.000
2026-02-14 11:20:46 INFO    |  step: 22656000, ep_eval/episode_reward_near: 0.000 +/- 0.000
2026-02-14 11:20:46 INFO    |  step: 22656000, ep_eval/episode_reward_survive: 0.000 +/- 0.000
2026-02-14 11:20:46 INFO    |  step: 22656000, ep_eval/episode_success_hard: 0.000 +/- 0.000
2026-02-14 11:20:46 INFO    |  step: 22656000, training/actor_loss: 0.000 +/- 0.000
2026-02-14 11:20:46 INFO    |  step: 22656000, training/log_alpha: 0.000 +/- 0.000
2026-02-14 11:20:46 INFO    |  step: 22656000, training/alpha_loss: 0.000 +/- 0.000
2026-02-14 11:20:46 INFO    |  step: 22656000, training/critic_loss: 0.000 +/- 0.000
2026-02-14 11:20:46 INFO    |  step: 22656000, training/entropy: 0.000 +/- 0.000
2026-02-14 11:23:03 INFO    |  Visualization: collected_transitions shape: (1500, 256, 31), num_envs: 256
2026-02-14 11:23:04 INFO    |  Visualization: Raw collected_transitions has 256 unique trajectory IDs out of 384000 total transitions
2026-02-14 11:23:04 INFO    |  Visualization: processed_transitions shape: (1499, 256, 31)
2026-02-14 11:23:05 INFO    |  Visualization: Found 256 unique trajectory IDs out of 383744 total transitions
2026-02-14 11:23:05 INFO    |  Transition shapes: obs=(1499, 256, 31), traj_ids=(1499, 256), traj_ids_flat=(383744,)
2026-02-14 11:23:07 INFO    |  Plotted visualizations at env step 23424000.0
2026-02-14 11:23:20 INFO    |  Visualization: collected_transitions shape: (2000, 256, 31), num_envs: 256
2026-02-14 11:23:20 INFO    |  Visualization: Raw collected_transitions has 256 unique trajectory IDs out of 512000 total transitions
2026-02-14 11:23:21 INFO    |  Visualization: processed_transitions shape: (1999, 256, 31)
2026-02-14 11:23:21 INFO    |  Visualization: Found 256 unique trajectory IDs out of 511744 total transitions
2026-02-14 11:23:21 INFO    |  Transition shapes: obs=(1999, 256, 31), traj_ids=(1999, 256), traj_ids_flat=(511744,)
2026-02-14 11:23:23 INFO    |  Plotted visualizations at env step 17920000.0
2026-02-14 11:23:27 INFO    |  Visualization: collected_transitions shape: (2000, 256, 31), num_envs: 256
2026-02-14 11:23:27 INFO    |  Visualization: Raw collected_transitions has 256 unique trajectory IDs out of 512000 total transitions
2026-02-14 11:23:28 INFO    |  step: 23424000
2026-02-14 11:23:28 INFO    |  step: 23424000, training/sps: 5434.575 +/- 0.000
2026-02-14 11:23:28 INFO    |  step: 23424000, training/ep_actor_loss: 0.003 +/- 0.000
2026-02-14 11:23:28 INFO    |  step: 23424000, training/ep_alpha_loss: -0.000 +/- 0.000
2026-02-14 11:23:28 INFO    |  step: 23424000, training/ep_categorical_accuracy: 0.004 +/- 0.000
2026-02-14 11:23:28 INFO    |  step: 23424000, training/ep_critic_loss: 8.619 +/- 0.000
2026-02-14 11:23:28 INFO    |  step: 23424000, training/ep_entropy: -4.000 +/- 0.000
2026-02-14 11:23:28 INFO    |  step: 23424000, training/ep_log_alpha: -8.330 +/- 0.000
2026-02-14 11:23:28 INFO    |  step: 23424000, training/ep_logits_neg: -0.001 +/- 0.000
2026-02-14 11:23:28 INFO    |  step: 23424000, training/ep_logits_pos: -0.001 +/- 0.000
2026-02-14 11:23:28 INFO    |  step: 23424000, training/ep_logsumexp: 5.544 +/- 0.000
2026-02-14 11:23:28 INFO    |  step: 23424000, training/gcp_actor_loss: 2.980 +/- 0.000
2026-02-14 11:23:28 INFO    |  step: 23424000, training/gcp_alpha_loss: 0.000 +/- 0.000
2026-02-14 11:23:28 INFO    |  step: 23424000, training/gcp_categorical_accuracy: 0.439 +/- 0.000
2026-02-14 11:23:28 INFO    |  step: 23424000, training/gcp_critic_loss: 2.673 +/- 0.000
2026-02-14 11:23:28 INFO    |  step: 23424000, training/gcp_entropy: -4.000 +/- 0.000
2026-02-14 11:23:28 INFO    |  step: 23424000, training/gcp_log_alpha: -4.021 +/- 0.000
2026-02-14 11:23:28 INFO    |  step: 23424000, training/gcp_logits_neg: -8.528 +/- 0.000
2026-02-14 11:23:28 INFO    |  step: 23424000, training/gcp_logits_pos: -3.205 +/- 0.000
2026-02-14 11:23:28 INFO    |  step: 23424000, training/gcp_logsumexp: -0.587 +/- 0.000
2026-02-14 11:23:28 INFO    |  step: 23424000, eval/episode_reward: 0.000 +/- 0.000
2026-02-14 11:23:28 INFO    |  step: 23424000, eval/episode_success: 0.000 +/- 0.000
2026-02-14 11:23:28 INFO    |  step: 23424000, eval/episode_success_easy: 0.766 +/- 0.000
2026-02-14 11:23:28 INFO    |  step: 23424000, eval/episode_dist: 12500.715 +/- 0.000
2026-02-14 11:23:28 INFO    |  step: 23424000, eval/episode_success_any: 0.000 +/- 0.000
2026-02-14 11:23:28 INFO    |  step: 23424000, ep_eval/episode_reward: 0.000 +/- 0.000
2026-02-14 11:23:28 INFO    |  step: 23424000, ep_eval/episode_success: 0.000 +/- 0.000
2026-02-14 11:23:28 INFO    |  step: 23424000, ep_eval/episode_success_easy: 0.000 +/- 0.000
2026-02-14 11:23:28 INFO    |  step: 23424000, ep_eval/episode_dist: 12026.992 +/- 0.000
2026-02-14 11:23:28 INFO    |  step: 23424000, ep_eval/episode_success_any: 0.000 +/- 0.000
2026-02-14 11:23:28 INFO    |  step: 23424000, eval/episode_reward_ctrl: 0.000 +/- 0.000
2026-02-14 11:23:28 INFO    |  step: 23424000, eval/episode_reward_dist: 0.000 +/- 0.000
2026-02-14 11:23:28 INFO    |  step: 23424000, eval/episode_reward_near: 0.000 +/- 0.000
2026-02-14 11:23:28 INFO    |  step: 23424000, eval/episode_reward_survive: 0.000 +/- 0.000
2026-02-14 11:23:28 INFO    |  step: 23424000, eval/episode_success_hard: 0.000 +/- 0.000
2026-02-14 11:23:28 INFO    |  step: 23424000, ep_eval/episode_reward_ctrl: 0.000 +/- 0.000
2026-02-14 11:23:28 INFO    |  step: 23424000, ep_eval/episode_reward_dist: 0.000 +/- 0.000
2026-02-14 11:23:28 INFO    |  step: 23424000, ep_eval/episode_reward_near: 0.000 +/- 0.000
2026-02-14 11:23:28 INFO    |  step: 23424000, ep_eval/episode_reward_survive: 0.000 +/- 0.000
2026-02-14 11:23:28 INFO    |  step: 23424000, ep_eval/episode_success_hard: 0.000 +/- 0.000
2026-02-14 11:23:28 INFO    |  step: 23424000, training/actor_loss: 0.000 +/- 0.000
2026-02-14 11:23:28 INFO    |  step: 23424000, training/log_alpha: 0.000 +/- 0.000
2026-02-14 11:23:28 INFO    |  step: 23424000, training/alpha_loss: 0.000 +/- 0.000
2026-02-14 11:23:28 INFO    |  step: 23424000, training/critic_loss: 0.000 +/- 0.000
2026-02-14 11:23:28 INFO    |  step: 23424000, training/entropy: 0.000 +/- 0.000
2026-02-14 11:23:28 INFO    |  Visualization: processed_transitions shape: (1999, 256, 31)
2026-02-14 11:23:29 INFO    |  Visualization: Found 256 unique trajectory IDs out of 511744 total transitions
2026-02-14 11:23:29 INFO    |  Transition shapes: obs=(1999, 256, 31), traj_ids=(1999, 256), traj_ids_flat=(511744,)
2026-02-14 11:23:31 INFO    |  Plotted visualizations at env step 17920000.0
2026-02-14 11:24:01 INFO    |  step: 17920000
2026-02-14 11:24:01 INFO    |  step: 17920000, training/sps: 4100.477 +/- 0.000
2026-02-14 11:24:01 INFO    |  step: 17920000, training/ep_actor_loss: 0.003 +/- 0.000
2026-02-14 11:24:01 INFO    |  step: 17920000, training/ep_alpha_loss: -0.000 +/- 0.000
2026-02-14 11:24:01 INFO    |  step: 17920000, training/ep_categorical_accuracy: 0.004 +/- 0.000
2026-02-14 11:24:01 INFO    |  step: 17920000, training/ep_critic_loss: 8.619 +/- 0.000
2026-02-14 11:24:01 INFO    |  step: 17920000, training/ep_entropy: -4.000 +/- 0.000
2026-02-14 11:24:01 INFO    |  step: 17920000, training/ep_log_alpha: -8.330 +/- 0.000
2026-02-14 11:24:01 INFO    |  step: 17920000, training/ep_logits_neg: -0.001 +/- 0.000
2026-02-14 11:24:01 INFO    |  step: 17920000, training/ep_logits_pos: -0.001 +/- 0.000
2026-02-14 11:24:01 INFO    |  step: 17920000, training/ep_logsumexp: 5.544 +/- 0.000
2026-02-14 11:24:01 INFO    |  step: 17920000, training/gcp_actor_loss: 2.549 +/- 0.000
2026-02-14 11:24:01 INFO    |  step: 17920000, training/gcp_alpha_loss: -0.000 +/- 0.000
2026-02-14 11:24:01 INFO    |  step: 17920000, training/gcp_categorical_accuracy: 0.648 +/- 0.000
2026-02-14 11:24:01 INFO    |  step: 17920000, training/gcp_critic_loss: 1.619 +/- 0.000
2026-02-14 11:24:01 INFO    |  step: 17920000, training/gcp_entropy: -4.001 +/- 0.000
2026-02-14 11:24:01 INFO    |  step: 17920000, training/gcp_log_alpha: -2.748 +/- 0.000
2026-02-14 11:24:01 INFO    |  step: 17920000, training/gcp_logits_neg: -9.909 +/- 0.000
2026-02-14 11:24:01 INFO    |  step: 17920000, training/gcp_logits_pos: -2.387 +/- 0.000
2026-02-14 11:24:01 INFO    |  step: 17920000, training/gcp_logsumexp: -0.879 +/- 0.000
2026-02-14 11:24:01 INFO    |  step: 17920000, eval/episode_reward: 0.000 +/- 0.000
2026-02-14 11:24:01 INFO    |  step: 17920000, eval/episode_success: 0.000 +/- 0.000
2026-02-14 11:24:01 INFO    |  step: 17920000, eval/episode_success_easy: 0.000 +/- 0.000
2026-02-14 11:24:01 INFO    |  step: 17920000, eval/episode_dist: 33053.516 +/- 0.000
2026-02-14 11:24:01 INFO    |  step: 17920000, eval/episode_success_any: 0.000 +/- 0.000
2026-02-14 11:24:01 INFO    |  step: 17920000, ep_eval/episode_reward: 0.000 +/- 0.000
2026-02-14 11:24:01 INFO    |  step: 17920000, ep_eval/episode_success: 0.000 +/- 0.000
2026-02-14 11:24:01 INFO    |  step: 17920000, ep_eval/episode_success_easy: 0.000 +/- 0.000
2026-02-14 11:24:01 INFO    |  step: 17920000, ep_eval/episode_dist: 33547.668 +/- 0.000
2026-02-14 11:24:01 INFO    |  step: 17920000, ep_eval/episode_success_any: 0.000 +/- 0.000
2026-02-14 11:24:01 INFO    |  step: 17920000, eval/episode_reward_ctrl: 0.000 +/- 0.000
2026-02-14 11:24:01 INFO    |  step: 17920000, eval/episode_reward_dist: 0.000 +/- 0.000
2026-02-14 11:24:01 INFO    |  step: 17920000, eval/episode_reward_near: 0.000 +/- 0.000
2026-02-14 11:24:01 INFO    |  step: 17920000, eval/episode_reward_survive: 0.000 +/- 0.000
2026-02-14 11:24:01 INFO    |  step: 17920000, eval/episode_success_hard: 0.000 +/- 0.000
2026-02-14 11:24:01 INFO    |  step: 17920000, ep_eval/episode_reward_ctrl: 0.000 +/- 0.000
2026-02-14 11:24:01 INFO    |  step: 17920000, ep_eval/episode_reward_dist: 0.000 +/- 0.000
2026-02-14 11:24:01 INFO    |  step: 17920000, ep_eval/episode_reward_near: 0.000 +/- 0.000
2026-02-14 11:24:01 INFO    |  step: 17920000, ep_eval/episode_reward_survive: 0.000 +/- 0.000
2026-02-14 11:24:01 INFO    |  step: 17920000, ep_eval/episode_success_hard: 0.000 +/- 0.000
2026-02-14 11:24:01 INFO    |  step: 17920000, training/actor_loss: 0.000 +/- 0.000
2026-02-14 11:24:01 INFO    |  step: 17920000, training/log_alpha: 0.000 +/- 0.000
2026-02-14 11:24:01 INFO    |  step: 17920000, training/alpha_loss: 0.000 +/- 0.000
2026-02-14 11:24:01 INFO    |  step: 17920000, training/critic_loss: 0.000 +/- 0.000
2026-02-14 11:24:01 INFO    |  step: 17920000, training/entropy: 0.000 +/- 0.000
2026-02-14 11:24:10 INFO    |  step: 17920000
2026-02-14 11:24:10 INFO    |  step: 17920000, training/sps: 4094.919 +/- 0.000
2026-02-14 11:24:10 INFO    |  step: 17920000, training/ep_actor_loss: 0.003 +/- 0.000
2026-02-14 11:24:10 INFO    |  step: 17920000, training/ep_alpha_loss: -0.000 +/- 0.000
2026-02-14 11:24:10 INFO    |  step: 17920000, training/ep_categorical_accuracy: 0.004 +/- 0.000
2026-02-14 11:24:10 INFO    |  step: 17920000, training/ep_critic_loss: 8.619 +/- 0.000
2026-02-14 11:24:10 INFO    |  step: 17920000, training/ep_entropy: -4.000 +/- 0.000
2026-02-14 11:24:10 INFO    |  step: 17920000, training/ep_log_alpha: -8.330 +/- 0.000
2026-02-14 11:24:10 INFO    |  step: 17920000, training/ep_logits_neg: -0.001 +/- 0.000
2026-02-14 11:24:10 INFO    |  step: 17920000, training/ep_logits_pos: -0.001 +/- 0.000
2026-02-14 11:24:10 INFO    |  step: 17920000, training/ep_logsumexp: 5.544 +/- 0.000
2026-02-14 11:24:10 INFO    |  step: 17920000, training/gcp_actor_loss: 2.718 +/- 0.000
2026-02-14 11:24:10 INFO    |  step: 17920000, training/gcp_alpha_loss: 0.000 +/- 0.000
2026-02-14 11:24:10 INFO    |  step: 17920000, training/gcp_categorical_accuracy: 0.501 +/- 0.000
2026-02-14 11:24:10 INFO    |  step: 17920000, training/gcp_critic_loss: 2.336 +/- 0.000
2026-02-14 11:24:10 INFO    |  step: 17920000, training/gcp_entropy: -3.999 +/- 0.000
2026-02-14 11:24:10 INFO    |  step: 17920000, training/gcp_log_alpha: -4.186 +/- 0.000
2026-02-14 11:24:10 INFO    |  step: 17920000, training/gcp_logits_neg: -8.994 +/- 0.000
2026-02-14 11:24:10 INFO    |  step: 17920000, training/gcp_logits_pos: -2.936 +/- 0.000
2026-02-14 11:24:10 INFO    |  step: 17920000, training/gcp_logsumexp: -0.668 +/- 0.000
2026-02-14 11:24:10 INFO    |  step: 17920000, eval/episode_reward: 0.000 +/- 0.000
2026-02-14 11:24:10 INFO    |  step: 17920000, eval/episode_success: 0.000 +/- 0.000
2026-02-14 11:24:10 INFO    |  step: 17920000, eval/episode_success_easy: 1.391 +/- 0.000
2026-02-14 11:24:10 INFO    |  step: 17920000, eval/episode_dist: 33875.602 +/- 0.000
2026-02-14 11:24:10 INFO    |  step: 17920000, eval/episode_success_any: 0.000 +/- 0.000
2026-02-14 11:24:10 INFO    |  step: 17920000, ep_eval/episode_reward: 0.000 +/- 0.000
2026-02-14 11:24:10 INFO    |  step: 17920000, ep_eval/episode_success: 0.000 +/- 0.000
2026-02-14 11:24:10 INFO    |  step: 17920000, ep_eval/episode_success_easy: 0.000 +/- 0.000
2026-02-14 11:24:10 INFO    |  step: 17920000, ep_eval/episode_dist: 33547.422 +/- 0.000
2026-02-14 11:24:10 INFO    |  step: 17920000, ep_eval/episode_success_any: 0.000 +/- 0.000
2026-02-14 11:24:10 INFO    |  step: 17920000, eval/episode_reward_ctrl: 0.000 +/- 0.000
2026-02-14 11:24:10 INFO    |  step: 17920000, eval/episode_reward_dist: 0.000 +/- 0.000
2026-02-14 11:24:10 INFO    |  step: 17920000, eval/episode_reward_near: 0.000 +/- 0.000
2026-02-14 11:24:10 INFO    |  step: 17920000, eval/episode_reward_survive: 0.000 +/- 0.000
2026-02-14 11:24:10 INFO    |  step: 17920000, eval/episode_success_hard: 0.000 +/- 0.000
2026-02-14 11:24:10 INFO    |  step: 17920000, ep_eval/episode_reward_ctrl: 0.000 +/- 0.000
2026-02-14 11:24:10 INFO    |  step: 17920000, ep_eval/episode_reward_dist: 0.000 +/- 0.000
2026-02-14 11:24:10 INFO    |  step: 17920000, ep_eval/episode_reward_near: 0.000 +/- 0.000
2026-02-14 11:24:10 INFO    |  step: 17920000, ep_eval/episode_reward_survive: 0.000 +/- 0.000
2026-02-14 11:24:10 INFO    |  step: 17920000, ep_eval/episode_success_hard: 0.000 +/- 0.000
2026-02-14 11:24:10 INFO    |  step: 17920000, training/actor_loss: 0.000 +/- 0.000
2026-02-14 11:24:10 INFO    |  step: 17920000, training/log_alpha: 0.000 +/- 0.000
2026-02-14 11:24:10 INFO    |  step: 17920000, training/alpha_loss: 0.000 +/- 0.000
2026-02-14 11:24:10 INFO    |  step: 17920000, training/critic_loss: 0.000 +/- 0.000
2026-02-14 11:24:10 INFO    |  step: 17920000, training/entropy: 0.000 +/- 0.000
2026-02-14 11:25:45 INFO    |  Visualization: collected_transitions shape: (1500, 256, 31), num_envs: 256
2026-02-14 11:25:45 INFO    |  Visualization: Raw collected_transitions has 256 unique trajectory IDs out of 384000 total transitions
2026-02-14 11:25:46 INFO    |  Visualization: processed_transitions shape: (1499, 256, 31)
2026-02-14 11:25:46 INFO    |  Visualization: Found 256 unique trajectory IDs out of 383744 total transitions
2026-02-14 11:25:46 INFO    |  Transition shapes: obs=(1499, 256, 31), traj_ids=(1499, 256), traj_ids_flat=(383744,)
2026-02-14 11:25:49 INFO    |  Plotted visualizations at env step 24192000.0
2026-02-14 11:26:09 INFO    |  step: 24192000
2026-02-14 11:26:12 INFO    |  actor input shape: (1, 31)
2026-02-14 11:26:43 INFO    |  step: 24192000, training/sps: 5449.775 +/- 0.000
2026-02-14 11:26:43 INFO    |  step: 24192000, training/ep_actor_loss: 0.003 +/- 0.000
2026-02-14 11:26:43 INFO    |  step: 24192000, training/ep_alpha_loss: 0.000 +/- 0.000
2026-02-14 11:26:43 INFO    |  step: 24192000, training/ep_categorical_accuracy: 0.004 +/- 0.000
2026-02-14 11:26:43 INFO    |  step: 24192000, training/ep_critic_loss: 8.619 +/- 0.000
2026-02-14 11:26:43 INFO    |  step: 24192000, training/ep_entropy: -4.000 +/- 0.000
2026-02-14 11:26:43 INFO    |  step: 24192000, training/ep_log_alpha: -8.330 +/- 0.000
2026-02-14 11:26:43 INFO    |  step: 24192000, training/ep_logits_neg: -0.001 +/- 0.000
2026-02-14 11:26:43 INFO    |  step: 24192000, training/ep_logits_pos: -0.001 +/- 0.000
2026-02-14 11:26:43 INFO    |  step: 24192000, training/ep_logsumexp: 5.544 +/- 0.000
2026-02-14 11:26:43 INFO    |  step: 24192000, training/gcp_actor_loss: 2.991 +/- 0.000
2026-02-14 11:26:43 INFO    |  step: 24192000, training/gcp_alpha_loss: 0.000 +/- 0.000
2026-02-14 11:26:43 INFO    |  step: 24192000, training/gcp_categorical_accuracy: 0.430 +/- 0.000
2026-02-14 11:26:43 INFO    |  step: 24192000, training/gcp_critic_loss: 2.698 +/- 0.000
2026-02-14 11:26:43 INFO    |  step: 24192000, training/gcp_entropy: -3.999 +/- 0.000
2026-02-14 11:26:43 INFO    |  step: 24192000, training/gcp_log_alpha: -4.042 +/- 0.000
2026-02-14 11:26:43 INFO    |  step: 24192000, training/gcp_logits_neg: -8.504 +/- 0.000
2026-02-14 11:26:43 INFO    |  step: 24192000, training/gcp_logits_pos: -3.224 +/- 0.000
2026-02-14 11:26:43 INFO    |  step: 24192000, training/gcp_logsumexp: -0.581 +/- 0.000
2026-02-14 11:26:43 INFO    |  step: 24192000, eval/episode_reward: 0.000 +/- 0.000
2026-02-14 11:26:43 INFO    |  step: 24192000, eval/episode_success: 0.000 +/- 0.000
2026-02-14 11:26:43 INFO    |  step: 24192000, eval/episode_success_easy: 4.324 +/- 0.000
2026-02-14 11:26:43 INFO    |  step: 24192000, eval/episode_dist: 12372.365 +/- 0.000
2026-02-14 11:26:43 INFO    |  step: 24192000, eval/episode_success_any: 0.000 +/- 0.000
2026-02-14 11:26:43 INFO    |  step: 24192000, ep_eval/episode_reward: 0.000 +/- 0.000
2026-02-14 11:26:43 INFO    |  step: 24192000, ep_eval/episode_success: 0.000 +/- 0.000
2026-02-14 11:26:43 INFO    |  step: 24192000, ep_eval/episode_success_easy: 0.000 +/- 0.000
2026-02-14 11:26:43 INFO    |  step: 24192000, ep_eval/episode_dist: 12059.056 +/- 0.000
2026-02-14 11:26:43 INFO    |  step: 24192000, ep_eval/episode_success_any: 0.000 +/- 0.000
2026-02-14 11:26:43 INFO    |  step: 24192000, eval/episode_reward_ctrl: 0.000 +/- 0.000
2026-02-14 11:26:43 INFO    |  step: 24192000, eval/episode_reward_dist: 0.000 +/- 0.000
2026-02-14 11:26:43 INFO    |  step: 24192000, eval/episode_reward_near: 0.000 +/- 0.000
2026-02-14 11:26:43 INFO    |  step: 24192000, eval/episode_reward_survive: 0.000 +/- 0.000
2026-02-14 11:26:43 INFO    |  step: 24192000, eval/episode_success_hard: 0.000 +/- 0.000
2026-02-14 11:26:43 INFO    |  step: 24192000, ep_eval/episode_reward_ctrl: 0.000 +/- 0.000
2026-02-14 11:26:43 INFO    |  step: 24192000, ep_eval/episode_reward_dist: 0.000 +/- 0.000
2026-02-14 11:26:43 INFO    |  step: 24192000, ep_eval/episode_reward_near: 0.000 +/- 0.000
2026-02-14 11:26:43 INFO    |  step: 24192000, ep_eval/episode_reward_survive: 0.000 +/- 0.000
2026-02-14 11:26:43 INFO    |  step: 24192000, ep_eval/episode_success_hard: 0.000 +/- 0.000
2026-02-14 11:26:43 INFO    |  step: 24192000, training/actor_loss: 0.000 +/- 0.000
2026-02-14 11:26:43 INFO    |  step: 24192000, training/log_alpha: 0.000 +/- 0.000
2026-02-14 11:26:43 INFO    |  step: 24192000, training/alpha_loss: 0.000 +/- 0.000
2026-02-14 11:26:43 INFO    |  step: 24192000, training/critic_loss: 0.000 +/- 0.000
2026-02-14 11:26:43 INFO    |  step: 24192000, training/entropy: 0.000 +/- 0.000
2026-02-14 11:28:09 INFO    |  Visualization: collected_transitions shape: (2000, 256, 31), num_envs: 256
2026-02-14 11:28:09 INFO    |  Visualization: Raw collected_transitions has 256 unique trajectory IDs out of 512000 total transitions
2026-02-14 11:28:10 INFO    |  Visualization: processed_transitions shape: (1999, 256, 31)
2026-02-14 11:28:10 INFO    |  Visualization: Found 256 unique trajectory IDs out of 511744 total transitions
2026-02-14 11:28:10 INFO    |  Transition shapes: obs=(1999, 256, 31), traj_ids=(1999, 256), traj_ids_flat=(511744,)
2026-02-14 11:28:12 INFO    |  Plotted visualizations at env step 18944000.0
2026-02-14 11:28:17 INFO    |  Visualization: collected_transitions shape: (2000, 256, 31), num_envs: 256
2026-02-14 11:28:17 INFO    |  Visualization: Raw collected_transitions has 256 unique trajectory IDs out of 512000 total transitions
2026-02-14 11:28:17 INFO    |  Visualization: processed_transitions shape: (1999, 256, 31)
2026-02-14 11:28:18 INFO    |  Visualization: Found 256 unique trajectory IDs out of 511744 total transitions
2026-02-14 11:28:18 INFO    |  Transition shapes: obs=(1999, 256, 31), traj_ids=(1999, 256), traj_ids_flat=(511744,)
2026-02-14 11:28:20 INFO    |  Plotted visualizations at env step 18944000.0
2026-02-14 11:28:50 INFO    |  step: 18944000
2026-02-14 11:28:50 INFO    |  step: 18944000, training/sps: 4078.131 +/- 0.000
2026-02-14 11:28:50 INFO    |  step: 18944000, training/ep_actor_loss: 0.003 +/- 0.000
2026-02-14 11:28:50 INFO    |  step: 18944000, training/ep_alpha_loss: 0.000 +/- 0.000
2026-02-14 11:28:50 INFO    |  step: 18944000, training/ep_categorical_accuracy: 0.004 +/- 0.000
2026-02-14 11:28:50 INFO    |  step: 18944000, training/ep_critic_loss: 8.619 +/- 0.000
2026-02-14 11:28:50 INFO    |  step: 18944000, training/ep_entropy: -4.000 +/- 0.000
2026-02-14 11:28:50 INFO    |  step: 18944000, training/ep_log_alpha: -8.330 +/- 0.000
2026-02-14 11:28:50 INFO    |  step: 18944000, training/ep_logits_neg: -0.001 +/- 0.000
2026-02-14 11:28:50 INFO    |  step: 18944000, training/ep_logits_pos: -0.001 +/- 0.000
2026-02-14 11:28:50 INFO    |  step: 18944000, training/ep_logsumexp: 5.544 +/- 0.000
2026-02-14 11:28:50 INFO    |  step: 18944000, training/gcp_actor_loss: 2.697 +/- 0.000
2026-02-14 11:28:50 INFO    |  step: 18944000, training/gcp_alpha_loss: -0.000 +/- 0.000
2026-02-14 11:28:50 INFO    |  step: 18944000, training/gcp_categorical_accuracy: 0.636 +/- 0.000
2026-02-14 11:28:50 INFO    |  step: 18944000, training/gcp_critic_loss: 1.666 +/- 0.000
2026-02-14 11:28:50 INFO    |  step: 18944000, training/gcp_entropy: -4.001 +/- 0.000
2026-02-14 11:28:50 INFO    |  step: 18944000, training/gcp_log_alpha: -2.580 +/- 0.000
2026-02-14 11:28:50 INFO    |  step: 18944000, training/gcp_logits_neg: -9.809 +/- 0.000
2026-02-14 11:28:50 INFO    |  step: 18944000, training/gcp_logits_pos: -2.428 +/- 0.000
2026-02-14 11:28:50 INFO    |  step: 18944000, training/gcp_logsumexp: -0.872 +/- 0.000
2026-02-14 11:28:50 INFO    |  step: 18944000, eval/episode_reward: 0.000 +/- 0.000
2026-02-14 11:28:50 INFO    |  step: 18944000, eval/episode_success: 0.000 +/- 0.000
2026-02-14 11:28:50 INFO    |  step: 18944000, eval/episode_success_easy: 0.000 +/- 0.000
2026-02-14 11:28:50 INFO    |  step: 18944000, eval/episode_dist: 33813.395 +/- 0.000
2026-02-14 11:28:50 INFO    |  step: 18944000, eval/episode_success_any: 0.000 +/- 0.000
2026-02-14 11:28:50 INFO    |  step: 18944000, ep_eval/episode_reward: 0.000 +/- 0.000
2026-02-14 11:28:50 INFO    |  step: 18944000, ep_eval/episode_success: 0.000 +/- 0.000
2026-02-14 11:28:50 INFO    |  step: 18944000, ep_eval/episode_success_easy: 0.000 +/- 0.000
2026-02-14 11:28:50 INFO    |  step: 18944000, ep_eval/episode_dist: 32887.934 +/- 0.000
2026-02-14 11:28:50 INFO    |  step: 18944000, ep_eval/episode_success_any: 0.000 +/- 0.000
2026-02-14 11:28:50 INFO    |  step: 18944000, eval/episode_reward_ctrl: 0.000 +/- 0.000
2026-02-14 11:28:50 INFO    |  step: 18944000, eval/episode_reward_dist: 0.000 +/- 0.000
2026-02-14 11:28:50 INFO    |  step: 18944000, eval/episode_reward_near: 0.000 +/- 0.000
2026-02-14 11:28:50 INFO    |  step: 18944000, eval/episode_reward_survive: 0.000 +/- 0.000
2026-02-14 11:28:50 INFO    |  step: 18944000, eval/episode_success_hard: 0.000 +/- 0.000
2026-02-14 11:28:50 INFO    |  step: 18944000, ep_eval/episode_reward_ctrl: 0.000 +/- 0.000
2026-02-14 11:28:50 INFO    |  step: 18944000, ep_eval/episode_reward_dist: 0.000 +/- 0.000
2026-02-14 11:28:50 INFO    |  step: 18944000, ep_eval/episode_reward_near: 0.000 +/- 0.000
2026-02-14 11:28:50 INFO    |  step: 18944000, ep_eval/episode_reward_survive: 0.000 +/- 0.000
2026-02-14 11:28:50 INFO    |  step: 18944000, ep_eval/episode_success_hard: 0.000 +/- 0.000
2026-02-14 11:28:50 INFO    |  step: 18944000, training/actor_loss: 0.000 +/- 0.000
2026-02-14 11:28:50 INFO    |  step: 18944000, training/log_alpha: 0.000 +/- 0.000
2026-02-14 11:28:50 INFO    |  step: 18944000, training/alpha_loss: 0.000 +/- 0.000
2026-02-14 11:28:50 INFO    |  step: 18944000, training/critic_loss: 0.000 +/- 0.000
2026-02-14 11:28:50 INFO    |  step: 18944000, training/entropy: 0.000 +/- 0.000
2026-02-14 11:28:58 INFO    |  step: 18944000
2026-02-14 11:28:58 INFO    |  step: 18944000, training/sps: 4089.287 +/- 0.000
2026-02-14 11:28:58 INFO    |  step: 18944000, training/ep_actor_loss: 0.003 +/- 0.000
2026-02-14 11:28:58 INFO    |  step: 18944000, training/ep_alpha_loss: 0.000 +/- 0.000
2026-02-14 11:28:58 INFO    |  step: 18944000, training/ep_categorical_accuracy: 0.004 +/- 0.000
2026-02-14 11:28:58 INFO    |  step: 18944000, training/ep_critic_loss: 8.619 +/- 0.000
2026-02-14 11:28:58 INFO    |  step: 18944000, training/ep_entropy: -4.000 +/- 0.000
2026-02-14 11:28:58 INFO    |  step: 18944000, training/ep_log_alpha: -8.330 +/- 0.000
2026-02-14 11:28:58 INFO    |  step: 18944000, training/ep_logits_neg: -0.001 +/- 0.000
2026-02-14 11:28:58 INFO    |  step: 18944000, training/ep_logits_pos: -0.001 +/- 0.000
2026-02-14 11:28:58 INFO    |  step: 18944000, training/ep_logsumexp: 5.544 +/- 0.000
2026-02-14 11:28:58 INFO    |  step: 18944000, training/gcp_actor_loss: 2.772 +/- 0.000
2026-02-14 11:28:58 INFO    |  step: 18944000, training/gcp_alpha_loss: 0.000 +/- 0.000
2026-02-14 11:28:58 INFO    |  step: 18944000, training/gcp_categorical_accuracy: 0.472 +/- 0.000
2026-02-14 11:28:58 INFO    |  step: 18944000, training/gcp_critic_loss: 2.445 +/- 0.000
2026-02-14 11:28:58 INFO    |  step: 18944000, training/gcp_entropy: -3.999 +/- 0.000
2026-02-14 11:28:58 INFO    |  step: 18944000, training/gcp_log_alpha: -4.368 +/- 0.000
2026-02-14 11:28:58 INFO    |  step: 18944000, training/gcp_logits_neg: -8.938 +/- 0.000
2026-02-14 11:28:58 INFO    |  step: 18944000, training/gcp_logits_pos: -2.995 +/- 0.000
2026-02-14 11:28:58 INFO    |  step: 18944000, training/gcp_logsumexp: -0.609 +/- 0.000
2026-02-14 11:28:58 INFO    |  step: 18944000, eval/episode_reward: 0.000 +/- 0.000
2026-02-14 11:28:58 INFO    |  step: 18944000, eval/episode_success: 0.000 +/- 0.000
2026-02-14 11:28:58 INFO    |  step: 18944000, eval/episode_success_easy: 0.000 +/- 0.000
2026-02-14 11:28:58 INFO    |  step: 18944000, eval/episode_dist: 33677.141 +/- 0.000
2026-02-14 11:28:58 INFO    |  step: 18944000, eval/episode_success_any: 0.000 +/- 0.000
2026-02-14 11:28:58 INFO    |  step: 18944000, ep_eval/episode_reward: 0.000 +/- 0.000
2026-02-14 11:28:58 INFO    |  step: 18944000, ep_eval/episode_success: 0.000 +/- 0.000
2026-02-14 11:28:58 INFO    |  step: 18944000, ep_eval/episode_success_easy: 0.000 +/- 0.000
2026-02-14 11:28:58 INFO    |  step: 18944000, ep_eval/episode_dist: 32889.996 +/- 0.000
2026-02-14 11:28:58 INFO    |  step: 18944000, ep_eval/episode_success_any: 0.000 +/- 0.000
2026-02-14 11:28:58 INFO    |  step: 18944000, eval/episode_reward_ctrl: 0.000 +/- 0.000
2026-02-14 11:28:58 INFO    |  step: 18944000, eval/episode_reward_dist: 0.000 +/- 0.000
2026-02-14 11:28:58 INFO    |  step: 18944000, eval/episode_reward_near: 0.000 +/- 0.000
2026-02-14 11:28:58 INFO    |  step: 18944000, eval/episode_reward_survive: 0.000 +/- 0.000
2026-02-14 11:28:58 INFO    |  step: 18944000, eval/episode_success_hard: 0.000 +/- 0.000
2026-02-14 11:28:58 INFO    |  step: 18944000, ep_eval/episode_reward_ctrl: 0.000 +/- 0.000
2026-02-14 11:28:58 INFO    |  step: 18944000, ep_eval/episode_reward_dist: 0.000 +/- 0.000
2026-02-14 11:28:58 INFO    |  step: 18944000, ep_eval/episode_reward_near: 0.000 +/- 0.000
2026-02-14 11:28:58 INFO    |  step: 18944000, ep_eval/episode_reward_survive: 0.000 +/- 0.000
2026-02-14 11:28:58 INFO    |  step: 18944000, ep_eval/episode_success_hard: 0.000 +/- 0.000
2026-02-14 11:28:58 INFO    |  step: 18944000, training/actor_loss: 0.000 +/- 0.000
2026-02-14 11:28:58 INFO    |  step: 18944000, training/log_alpha: 0.000 +/- 0.000
2026-02-14 11:28:58 INFO    |  step: 18944000, training/alpha_loss: 0.000 +/- 0.000
2026-02-14 11:28:58 INFO    |  step: 18944000, training/critic_loss: 0.000 +/- 0.000
2026-02-14 11:28:58 INFO    |  step: 18944000, training/entropy: 0.000 +/- 0.000
2026-02-14 11:29:00 INFO    |  Visualization: collected_transitions shape: (1500, 256, 31), num_envs: 256
2026-02-14 11:29:00 INFO    |  Visualization: Raw collected_transitions has 256 unique trajectory IDs out of 384000 total transitions
2026-02-14 11:29:01 INFO    |  Visualization: processed_transitions shape: (1499, 256, 31)
2026-02-14 11:29:02 INFO    |  Visualization: Found 256 unique trajectory IDs out of 383744 total transitions
2026-02-14 11:29:02 INFO    |  Transition shapes: obs=(1499, 256, 31), traj_ids=(1499, 256), traj_ids_flat=(383744,)
2026-02-14 11:29:04 INFO    |  Plotted visualizations at env step 24960000.0
2026-02-14 11:29:25 INFO    |  step: 24960000
2026-02-14 11:29:25 INFO    |  step: 24960000, training/sps: 5451.198 +/- 0.000
2026-02-14 11:29:25 INFO    |  step: 24960000, training/ep_actor_loss: 0.003 +/- 0.000
2026-02-14 11:29:25 INFO    |  step: 24960000, training/ep_alpha_loss: 0.000 +/- 0.000
2026-02-14 11:29:25 INFO    |  step: 24960000, training/ep_categorical_accuracy: 0.004 +/- 0.000
2026-02-14 11:29:25 INFO    |  step: 24960000, training/ep_critic_loss: 8.619 +/- 0.000
2026-02-14 11:29:25 INFO    |  step: 24960000, training/ep_entropy: -4.000 +/- 0.000
2026-02-14 11:29:25 INFO    |  step: 24960000, training/ep_log_alpha: -8.330 +/- 0.000
2026-02-14 11:29:25 INFO    |  step: 24960000, training/ep_logits_neg: -0.001 +/- 0.000
2026-02-14 11:29:25 INFO    |  step: 24960000, training/ep_logits_pos: -0.001 +/- 0.000
2026-02-14 11:29:25 INFO    |  step: 24960000, training/ep_logsumexp: 5.544 +/- 0.000
2026-02-14 11:29:25 INFO    |  step: 24960000, training/gcp_actor_loss: 2.979 +/- 0.000
2026-02-14 11:29:25 INFO    |  step: 24960000, training/gcp_alpha_loss: 0.000 +/- 0.000
2026-02-14 11:29:25 INFO    |  step: 24960000, training/gcp_categorical_accuracy: 0.429 +/- 0.000
2026-02-14 11:29:25 INFO    |  step: 24960000, training/gcp_critic_loss: 2.706 +/- 0.000
2026-02-14 11:29:25 INFO    |  step: 24960000, training/gcp_entropy: -3.999 +/- 0.000
2026-02-14 11:29:25 INFO    |  step: 24960000, training/gcp_log_alpha: -4.088 +/- 0.000
2026-02-14 11:29:25 INFO    |  step: 24960000, training/gcp_logits_neg: -8.500 +/- 0.000
2026-02-14 11:29:25 INFO    |  step: 24960000, training/gcp_logits_pos: -3.217 +/- 0.000
2026-02-14 11:29:25 INFO    |  step: 24960000, training/gcp_logsumexp: -0.563 +/- 0.000
2026-02-14 11:29:25 INFO    |  step: 24960000, eval/episode_reward: 0.000 +/- 0.000
2026-02-14 11:29:25 INFO    |  step: 24960000, eval/episode_success: 0.000 +/- 0.000
2026-02-14 11:29:25 INFO    |  step: 24960000, eval/episode_success_easy: 4.621 +/- 0.000
2026-02-14 11:29:25 INFO    |  step: 24960000, eval/episode_dist: 12434.089 +/- 0.000
2026-02-14 11:29:25 INFO    |  step: 24960000, eval/episode_success_any: 0.000 +/- 0.000
2026-02-14 11:29:25 INFO    |  step: 24960000, ep_eval/episode_reward: 0.000 +/- 0.000
2026-02-14 11:29:25 INFO    |  step: 24960000, ep_eval/episode_success: 0.000 +/- 0.000
2026-02-14 11:29:25 INFO    |  step: 24960000, ep_eval/episode_success_easy: 0.000 +/- 0.000
2026-02-14 11:29:25 INFO    |  step: 24960000, ep_eval/episode_dist: 12506.633 +/- 0.000
2026-02-14 11:29:25 INFO    |  step: 24960000, ep_eval/episode_success_any: 0.000 +/- 0.000
2026-02-14 11:29:25 INFO    |  step: 24960000, eval/episode_reward_ctrl: 0.000 +/- 0.000
2026-02-14 11:29:25 INFO    |  step: 24960000, eval/episode_reward_dist: 0.000 +/- 0.000
2026-02-14 11:29:25 INFO    |  step: 24960000, eval/episode_reward_near: 0.000 +/- 0.000
2026-02-14 11:29:25 INFO    |  step: 24960000, eval/episode_reward_survive: 0.000 +/- 0.000
2026-02-14 11:29:25 INFO    |  step: 24960000, eval/episode_success_hard: 0.000 +/- 0.000
2026-02-14 11:29:25 INFO    |  step: 24960000, ep_eval/episode_reward_ctrl: 0.000 +/- 0.000
2026-02-14 11:29:25 INFO    |  step: 24960000, ep_eval/episode_reward_dist: 0.000 +/- 0.000
2026-02-14 11:29:25 INFO    |  step: 24960000, ep_eval/episode_reward_near: 0.000 +/- 0.000
2026-02-14 11:29:25 INFO    |  step: 24960000, ep_eval/episode_reward_survive: 0.000 +/- 0.000
2026-02-14 11:29:25 INFO    |  step: 24960000, ep_eval/episode_success_hard: 0.000 +/- 0.000
2026-02-14 11:29:25 INFO    |  step: 24960000, training/actor_loss: 0.000 +/- 0.000
2026-02-14 11:29:25 INFO    |  step: 24960000, training/log_alpha: 0.000 +/- 0.000
2026-02-14 11:29:25 INFO    |  step: 24960000, training/alpha_loss: 0.000 +/- 0.000
2026-02-14 11:29:25 INFO    |  step: 24960000, training/critic_loss: 0.000 +/- 0.000
2026-02-14 11:29:25 INFO    |  step: 24960000, training/entropy: 0.000 +/- 0.000
2026-02-14 11:31:41 INFO    |  Visualization: collected_transitions shape: (1500, 256, 31), num_envs: 256
2026-02-14 11:31:41 INFO    |  Visualization: Raw collected_transitions has 256 unique trajectory IDs out of 384000 total transitions
2026-02-14 11:31:42 INFO    |  Visualization: processed_transitions shape: (1499, 256, 31)
2026-02-14 11:31:42 INFO    |  Visualization: Found 256 unique trajectory IDs out of 383744 total transitions
2026-02-14 11:31:42 INFO    |  Transition shapes: obs=(1499, 256, 31), traj_ids=(1499, 256), traj_ids_flat=(383744,)
2026-02-14 11:31:45 INFO    |  Plotted visualizations at env step 25728000.0
2026-02-14 11:32:05 INFO    |  step: 25728000
2026-02-14 11:32:06 INFO    |  step: 25728000, training/sps: 5482.108 +/- 0.000
2026-02-14 11:32:06 INFO    |  step: 25728000, training/ep_actor_loss: 0.003 +/- 0.000
2026-02-14 11:32:06 INFO    |  step: 25728000, training/ep_alpha_loss: -0.000 +/- 0.000
2026-02-14 11:32:06 INFO    |  step: 25728000, training/ep_categorical_accuracy: 0.004 +/- 0.000
2026-02-14 11:32:06 INFO    |  step: 25728000, training/ep_critic_loss: 8.619 +/- 0.000
2026-02-14 11:32:06 INFO    |  step: 25728000, training/ep_entropy: -4.000 +/- 0.000
2026-02-14 11:32:06 INFO    |  step: 25728000, training/ep_log_alpha: -8.330 +/- 0.000
2026-02-14 11:32:06 INFO    |  step: 25728000, training/ep_logits_neg: -0.001 +/- 0.000
2026-02-14 11:32:06 INFO    |  step: 25728000, training/ep_logits_pos: -0.001 +/- 0.000
2026-02-14 11:32:06 INFO    |  step: 25728000, training/ep_logsumexp: 5.544 +/- 0.000
2026-02-14 11:32:06 INFO    |  step: 25728000, training/gcp_actor_loss: 3.004 +/- 0.000
2026-02-14 11:32:06 INFO    |  step: 25728000, training/gcp_alpha_loss: 0.000 +/- 0.000
2026-02-14 11:32:06 INFO    |  step: 25728000, training/gcp_categorical_accuracy: 0.420 +/- 0.000
2026-02-14 11:32:06 INFO    |  step: 25728000, training/gcp_critic_loss: 2.751 +/- 0.000
2026-02-14 11:32:06 INFO    |  step: 25728000, training/gcp_entropy: -3.999 +/- 0.000
2026-02-14 11:32:06 INFO    |  step: 25728000, training/gcp_log_alpha: -4.147 +/- 0.000
2026-02-14 11:32:06 INFO    |  step: 25728000, training/gcp_logits_neg: -8.491 +/- 0.000
2026-02-14 11:32:06 INFO    |  step: 25728000, training/gcp_logits_pos: -3.243 +/- 0.000
2026-02-14 11:32:06 INFO    |  step: 25728000, training/gcp_logsumexp: -0.542 +/- 0.000
2026-02-14 11:32:06 INFO    |  step: 25728000, eval/episode_reward: 0.000 +/- 0.000
2026-02-14 11:32:06 INFO    |  step: 25728000, eval/episode_success: 0.000 +/- 0.000
2026-02-14 11:32:06 INFO    |  step: 25728000, eval/episode_success_easy: 0.023 +/- 0.000
2026-02-14 11:32:06 INFO    |  step: 25728000, eval/episode_dist: 12463.604 +/- 0.000
2026-02-14 11:32:06 INFO    |  step: 25728000, eval/episode_success_any: 0.000 +/- 0.000
2026-02-14 11:32:06 INFO    |  step: 25728000, ep_eval/episode_reward: 0.000 +/- 0.000
2026-02-14 11:32:06 INFO    |  step: 25728000, ep_eval/episode_success: 0.000 +/- 0.000
2026-02-14 11:32:06 INFO    |  step: 25728000, ep_eval/episode_success_easy: 0.000 +/- 0.000
2026-02-14 11:32:06 INFO    |  step: 25728000, ep_eval/episode_dist: 12445.486 +/- 0.000
2026-02-14 11:32:06 INFO    |  step: 25728000, ep_eval/episode_success_any: 0.000 +/- 0.000
2026-02-14 11:32:06 INFO    |  step: 25728000, eval/episode_reward_ctrl: 0.000 +/- 0.000
2026-02-14 11:32:06 INFO    |  step: 25728000, eval/episode_reward_dist: 0.000 +/- 0.000
2026-02-14 11:32:06 INFO    |  step: 25728000, eval/episode_reward_near: 0.000 +/- 0.000
2026-02-14 11:32:06 INFO    |  step: 25728000, eval/episode_reward_survive: 0.000 +/- 0.000
2026-02-14 11:32:06 INFO    |  step: 25728000, eval/episode_success_hard: 0.000 +/- 0.000
2026-02-14 11:32:06 INFO    |  step: 25728000, ep_eval/episode_reward_ctrl: 0.000 +/- 0.000
2026-02-14 11:32:06 INFO    |  step: 25728000, ep_eval/episode_reward_dist: 0.000 +/- 0.000
2026-02-14 11:32:06 INFO    |  step: 25728000, ep_eval/episode_reward_near: 0.000 +/- 0.000
2026-02-14 11:32:06 INFO    |  step: 25728000, ep_eval/episode_reward_survive: 0.000 +/- 0.000
2026-02-14 11:32:06 INFO    |  step: 25728000, ep_eval/episode_success_hard: 0.000 +/- 0.000
2026-02-14 11:32:06 INFO    |  step: 25728000, training/actor_loss: 0.000 +/- 0.000
2026-02-14 11:32:06 INFO    |  step: 25728000, training/log_alpha: 0.000 +/- 0.000
2026-02-14 11:32:06 INFO    |  step: 25728000, training/alpha_loss: 0.000 +/- 0.000
2026-02-14 11:32:06 INFO    |  step: 25728000, training/critic_loss: 0.000 +/- 0.000
2026-02-14 11:32:06 INFO    |  step: 25728000, training/entropy: 0.000 +/- 0.000
2026-02-14 11:32:58 INFO    |  Visualization: collected_transitions shape: (2000, 256, 31), num_envs: 256
2026-02-14 11:32:58 INFO    |  Visualization: Raw collected_transitions has 256 unique trajectory IDs out of 512000 total transitions
2026-02-14 11:32:59 INFO    |  Visualization: processed_transitions shape: (1999, 256, 31)
2026-02-14 11:32:59 INFO    |  Visualization: Found 256 unique trajectory IDs out of 511744 total transitions
2026-02-14 11:32:59 INFO    |  Transition shapes: obs=(1999, 256, 31), traj_ids=(1999, 256), traj_ids_flat=(511744,)
2026-02-14 11:33:01 INFO    |  Plotted visualizations at env step 19968000.0
2026-02-14 11:33:05 INFO    |  Visualization: collected_transitions shape: (2000, 256, 31), num_envs: 256
2026-02-14 11:33:05 INFO    |  Visualization: Raw collected_transitions has 256 unique trajectory IDs out of 512000 total transitions
2026-02-14 11:33:06 INFO    |  Visualization: processed_transitions shape: (1999, 256, 31)
2026-02-14 11:33:06 INFO    |  Visualization: Found 256 unique trajectory IDs out of 511744 total transitions
2026-02-14 11:33:06 INFO    |  Transition shapes: obs=(1999, 256, 31), traj_ids=(1999, 256), traj_ids_flat=(511744,)
2026-02-14 11:33:09 INFO    |  Plotted visualizations at env step 19968000.0
2026-02-14 11:33:39 INFO    |  step: 19968000
2026-02-14 11:33:39 INFO    |  step: 19968000, training/sps: 4080.585 +/- 0.000
2026-02-14 11:33:39 INFO    |  step: 19968000, training/ep_actor_loss: 0.003 +/- 0.000
2026-02-14 11:33:39 INFO    |  step: 19968000, training/ep_alpha_loss: -0.000 +/- 0.000
2026-02-14 11:33:39 INFO    |  step: 19968000, training/ep_categorical_accuracy: 0.004 +/- 0.000
2026-02-14 11:33:39 INFO    |  step: 19968000, training/ep_critic_loss: 8.619 +/- 0.000
2026-02-14 11:33:39 INFO    |  step: 19968000, training/ep_entropy: -4.000 +/- 0.000
2026-02-14 11:33:39 INFO    |  step: 19968000, training/ep_log_alpha: -8.330 +/- 0.000
2026-02-14 11:33:39 INFO    |  step: 19968000, training/ep_logits_neg: -0.001 +/- 0.000
2026-02-14 11:33:39 INFO    |  step: 19968000, training/ep_logits_pos: -0.001 +/- 0.000
2026-02-14 11:33:39 INFO    |  step: 19968000, training/ep_logsumexp: 5.544 +/- 0.000
2026-02-14 11:33:39 INFO    |  step: 19968000, training/gcp_actor_loss: 2.761 +/- 0.000
2026-02-14 11:33:39 INFO    |  step: 19968000, training/gcp_alpha_loss: -0.000 +/- 0.000
2026-02-14 11:33:39 INFO    |  step: 19968000, training/gcp_categorical_accuracy: 0.645 +/- 0.000
2026-02-14 11:33:39 INFO    |  step: 19968000, training/gcp_critic_loss: 1.616 +/- 0.000
2026-02-14 11:33:39 INFO    |  step: 19968000, training/gcp_entropy: -4.001 +/- 0.000
2026-02-14 11:33:39 INFO    |  step: 19968000, training/gcp_log_alpha: -2.434 +/- 0.000
2026-02-14 11:33:39 INFO    |  step: 19968000, training/gcp_logits_neg: -9.911 +/- 0.000
2026-02-14 11:33:39 INFO    |  step: 19968000, training/gcp_logits_pos: -2.374 +/- 0.000
2026-02-14 11:33:39 INFO    |  step: 19968000, training/gcp_logsumexp: -0.867 +/- 0.000
2026-02-14 11:33:39 INFO    |  step: 19968000, eval/episode_reward: 0.000 +/- 0.000
2026-02-14 11:33:39 INFO    |  step: 19968000, eval/episode_success: 0.000 +/- 0.000
2026-02-14 11:33:39 INFO    |  step: 19968000, eval/episode_success_easy: 0.000 +/- 0.000
2026-02-14 11:33:39 INFO    |  step: 19968000, eval/episode_dist: 33686.805 +/- 0.000
2026-02-14 11:33:39 INFO    |  step: 19968000, eval/episode_success_any: 0.000 +/- 0.000
2026-02-14 11:33:39 INFO    |  step: 19968000, ep_eval/episode_reward: 0.000 +/- 0.000
2026-02-14 11:33:39 INFO    |  step: 19968000, ep_eval/episode_success: 0.000 +/- 0.000
2026-02-14 11:33:39 INFO    |  step: 19968000, ep_eval/episode_success_easy: 0.000 +/- 0.000
2026-02-14 11:33:39 INFO    |  step: 19968000, ep_eval/episode_dist: 33396.617 +/- 0.000
2026-02-14 11:33:39 INFO    |  step: 19968000, ep_eval/episode_success_any: 0.000 +/- 0.000
2026-02-14 11:33:39 INFO    |  step: 19968000, eval/episode_reward_ctrl: 0.000 +/- 0.000
2026-02-14 11:33:39 INFO    |  step: 19968000, eval/episode_reward_dist: 0.000 +/- 0.000
2026-02-14 11:33:39 INFO    |  step: 19968000, eval/episode_reward_near: 0.000 +/- 0.000
2026-02-14 11:33:39 INFO    |  step: 19968000, eval/episode_reward_survive: 0.000 +/- 0.000
2026-02-14 11:33:39 INFO    |  step: 19968000, eval/episode_success_hard: 0.000 +/- 0.000
2026-02-14 11:33:39 INFO    |  step: 19968000, ep_eval/episode_reward_ctrl: 0.000 +/- 0.000
2026-02-14 11:33:39 INFO    |  step: 19968000, ep_eval/episode_reward_dist: 0.000 +/- 0.000
2026-02-14 11:33:39 INFO    |  step: 19968000, ep_eval/episode_reward_near: 0.000 +/- 0.000
2026-02-14 11:33:39 INFO    |  step: 19968000, ep_eval/episode_reward_survive: 0.000 +/- 0.000
2026-02-14 11:33:39 INFO    |  step: 19968000, ep_eval/episode_success_hard: 0.000 +/- 0.000
2026-02-14 11:33:39 INFO    |  step: 19968000, training/actor_loss: 0.000 +/- 0.000
2026-02-14 11:33:39 INFO    |  step: 19968000, training/log_alpha: 0.000 +/- 0.000
2026-02-14 11:33:39 INFO    |  step: 19968000, training/alpha_loss: 0.000 +/- 0.000
2026-02-14 11:33:39 INFO    |  step: 19968000, training/critic_loss: 0.000 +/- 0.000
2026-02-14 11:33:39 INFO    |  step: 19968000, training/entropy: 0.000 +/- 0.000
2026-02-14 11:33:48 INFO    |  step: 19968000
2026-02-14 11:33:48 INFO    |  step: 19968000, training/sps: 4082.465 +/- 0.000
2026-02-14 11:33:48 INFO    |  step: 19968000, training/ep_actor_loss: 0.003 +/- 0.000
2026-02-14 11:33:48 INFO    |  step: 19968000, training/ep_alpha_loss: -0.000 +/- 0.000
2026-02-14 11:33:48 INFO    |  step: 19968000, training/ep_categorical_accuracy: 0.004 +/- 0.000
2026-02-14 11:33:48 INFO    |  step: 19968000, training/ep_critic_loss: 8.619 +/- 0.000
2026-02-14 11:33:48 INFO    |  step: 19968000, training/ep_entropy: -4.000 +/- 0.000
2026-02-14 11:33:48 INFO    |  step: 19968000, training/ep_log_alpha: -8.330 +/- 0.000
2026-02-14 11:33:48 INFO    |  step: 19968000, training/ep_logits_neg: -0.001 +/- 0.000
2026-02-14 11:33:48 INFO    |  step: 19968000, training/ep_logits_pos: -0.001 +/- 0.000
2026-02-14 11:33:48 INFO    |  step: 19968000, training/ep_logsumexp: 5.544 +/- 0.000
2026-02-14 11:33:48 INFO    |  step: 19968000, training/gcp_actor_loss: 2.825 +/- 0.000
2026-02-14 11:33:48 INFO    |  step: 19968000, training/gcp_alpha_loss: 0.000 +/- 0.000
2026-02-14 11:33:48 INFO    |  step: 19968000, training/gcp_categorical_accuracy: 0.458 +/- 0.000
2026-02-14 11:33:48 INFO    |  step: 19968000, training/gcp_critic_loss: 2.508 +/- 0.000
2026-02-14 11:33:48 INFO    |  step: 19968000, training/gcp_entropy: -3.999 +/- 0.000
2026-02-14 11:33:48 INFO    |  step: 19968000, training/gcp_log_alpha: -4.480 +/- 0.000
2026-02-14 11:33:48 INFO    |  step: 19968000, training/gcp_logits_neg: -8.857 +/- 0.000
2026-02-14 11:33:48 INFO    |  step: 19968000, training/gcp_logits_pos: -3.046 +/- 0.000
2026-02-14 11:33:48 INFO    |  step: 19968000, training/gcp_logsumexp: -0.595 +/- 0.000
2026-02-14 11:33:48 INFO    |  step: 19968000, eval/episode_reward: 0.000 +/- 0.000
2026-02-14 11:33:48 INFO    |  step: 19968000, eval/episode_success: 0.000 +/- 0.000
2026-02-14 11:33:48 INFO    |  step: 19968000, eval/episode_success_easy: 0.020 +/- 0.000
2026-02-14 11:33:48 INFO    |  step: 19968000, eval/episode_dist: 33609.109 +/- 0.000
2026-02-14 11:33:48 INFO    |  step: 19968000, eval/episode_success_any: 0.000 +/- 0.000
2026-02-14 11:33:48 INFO    |  step: 19968000, ep_eval/episode_reward: 0.000 +/- 0.000
2026-02-14 11:33:48 INFO    |  step: 19968000, ep_eval/episode_success: 0.000 +/- 0.000
2026-02-14 11:33:48 INFO    |  step: 19968000, ep_eval/episode_success_easy: 0.000 +/- 0.000
2026-02-14 11:33:48 INFO    |  step: 19968000, ep_eval/episode_dist: 33396.492 +/- 0.000
2026-02-14 11:33:48 INFO    |  step: 19968000, ep_eval/episode_success_any: 0.000 +/- 0.000
2026-02-14 11:33:48 INFO    |  step: 19968000, eval/episode_reward_ctrl: 0.000 +/- 0.000
2026-02-14 11:33:48 INFO    |  step: 19968000, eval/episode_reward_dist: 0.000 +/- 0.000
2026-02-14 11:33:48 INFO    |  step: 19968000, eval/episode_reward_near: 0.000 +/- 0.000
2026-02-14 11:33:48 INFO    |  step: 19968000, eval/episode_reward_survive: 0.000 +/- 0.000
2026-02-14 11:33:48 INFO    |  step: 19968000, eval/episode_success_hard: 0.000 +/- 0.000
2026-02-14 11:33:48 INFO    |  step: 19968000, ep_eval/episode_reward_ctrl: 0.000 +/- 0.000
2026-02-14 11:33:48 INFO    |  step: 19968000, ep_eval/episode_reward_dist: 0.000 +/- 0.000
2026-02-14 11:33:48 INFO    |  step: 19968000, ep_eval/episode_reward_near: 0.000 +/- 0.000
2026-02-14 11:33:48 INFO    |  step: 19968000, ep_eval/episode_reward_survive: 0.000 +/- 0.000
2026-02-14 11:33:48 INFO    |  step: 19968000, ep_eval/episode_success_hard: 0.000 +/- 0.000
2026-02-14 11:33:48 INFO    |  step: 19968000, training/actor_loss: 0.000 +/- 0.000
2026-02-14 11:33:48 INFO    |  step: 19968000, training/log_alpha: 0.000 +/- 0.000
2026-02-14 11:33:48 INFO    |  step: 19968000, training/alpha_loss: 0.000 +/- 0.000
2026-02-14 11:33:48 INFO    |  step: 19968000, training/critic_loss: 0.000 +/- 0.000
2026-02-14 11:33:48 INFO    |  step: 19968000, training/entropy: 0.000 +/- 0.000
2026-02-14 11:34:24 INFO    |  Visualization: collected_transitions shape: (1500, 256, 31), num_envs: 256
2026-02-14 11:34:24 INFO    |  Visualization: Raw collected_transitions has 256 unique trajectory IDs out of 384000 total transitions
2026-02-14 11:34:24 INFO    |  Visualization: processed_transitions shape: (1499, 256, 31)
2026-02-14 11:34:25 INFO    |  Visualization: Found 256 unique trajectory IDs out of 383744 total transitions
2026-02-14 11:34:25 INFO    |  Transition shapes: obs=(1499, 256, 31), traj_ids=(1499, 256), traj_ids_flat=(383744,)
2026-02-14 11:34:27 INFO    |  Plotted visualizations at env step 26496000.0
2026-02-14 11:34:48 INFO    |  step: 26496000
2026-02-14 11:34:48 INFO    |  step: 26496000, training/sps: 5422.768 +/- 0.000
2026-02-14 11:34:48 INFO    |  step: 26496000, training/ep_actor_loss: 0.003 +/- 0.000
2026-02-14 11:34:48 INFO    |  step: 26496000, training/ep_alpha_loss: 0.000 +/- 0.000
2026-02-14 11:34:48 INFO    |  step: 26496000, training/ep_categorical_accuracy: 0.004 +/- 0.000
2026-02-14 11:34:48 INFO    |  step: 26496000, training/ep_critic_loss: 8.619 +/- 0.000
2026-02-14 11:34:48 INFO    |  step: 26496000, training/ep_entropy: -4.000 +/- 0.000
2026-02-14 11:34:48 INFO    |  step: 26496000, training/ep_log_alpha: -8.330 +/- 0.000
2026-02-14 11:34:48 INFO    |  step: 26496000, training/ep_logits_neg: -0.001 +/- 0.000
2026-02-14 11:34:48 INFO    |  step: 26496000, training/ep_logits_pos: -0.001 +/- 0.000
2026-02-14 11:34:48 INFO    |  step: 26496000, training/ep_logsumexp: 5.544 +/- 0.000
2026-02-14 11:34:48 INFO    |  step: 26496000, training/gcp_actor_loss: 3.043 +/- 0.000
2026-02-14 11:34:48 INFO    |  step: 26496000, training/gcp_alpha_loss: 0.000 +/- 0.000
2026-02-14 11:34:48 INFO    |  step: 26496000, training/gcp_categorical_accuracy: 0.411 +/- 0.000
2026-02-14 11:34:48 INFO    |  step: 26496000, training/gcp_critic_loss: 2.804 +/- 0.000
2026-02-14 11:34:48 INFO    |  step: 26496000, training/gcp_entropy: -4.000 +/- 0.000
2026-02-14 11:34:48 INFO    |  step: 26496000, training/gcp_log_alpha: -4.177 +/- 0.000
2026-02-14 11:34:48 INFO    |  step: 26496000, training/gcp_logits_neg: -8.394 +/- 0.000
2026-02-14 11:34:48 INFO    |  step: 26496000, training/gcp_logits_pos: -3.281 +/- 0.000
2026-02-14 11:34:48 INFO    |  step: 26496000, training/gcp_logsumexp: -0.524 +/- 0.000
2026-02-14 11:34:48 INFO    |  step: 26496000, eval/episode_reward: 0.000 +/- 0.000
2026-02-14 11:34:48 INFO    |  step: 26496000, eval/episode_success: 0.000 +/- 0.000
2026-02-14 11:34:48 INFO    |  step: 26496000, eval/episode_success_easy: 0.000 +/- 0.000
2026-02-14 11:34:48 INFO    |  step: 26496000, eval/episode_dist: 12610.844 +/- 0.000
2026-02-14 11:34:48 INFO    |  step: 26496000, eval/episode_success_any: 0.000 +/- 0.000
2026-02-14 11:34:48 INFO    |  step: 26496000, ep_eval/episode_reward: 0.000 +/- 0.000
2026-02-14 11:34:48 INFO    |  step: 26496000, ep_eval/episode_success: 0.000 +/- 0.000
2026-02-14 11:34:48 INFO    |  step: 26496000, ep_eval/episode_success_easy: 0.000 +/- 0.000
2026-02-14 11:34:48 INFO    |  step: 26496000, ep_eval/episode_dist: 12234.847 +/- 0.000
2026-02-14 11:34:48 INFO    |  step: 26496000, ep_eval/episode_success_any: 0.000 +/- 0.000
2026-02-14 11:34:48 INFO    |  step: 26496000, eval/episode_reward_ctrl: 0.000 +/- 0.000
2026-02-14 11:34:48 INFO    |  step: 26496000, eval/episode_reward_dist: 0.000 +/- 0.000
2026-02-14 11:34:48 INFO    |  step: 26496000, eval/episode_reward_near: 0.000 +/- 0.000
2026-02-14 11:34:48 INFO    |  step: 26496000, eval/episode_reward_survive: 0.000 +/- 0.000
2026-02-14 11:34:48 INFO    |  step: 26496000, eval/episode_success_hard: 0.000 +/- 0.000
2026-02-14 11:34:48 INFO    |  step: 26496000, ep_eval/episode_reward_ctrl: 0.000 +/- 0.000
2026-02-14 11:34:48 INFO    |  step: 26496000, ep_eval/episode_reward_dist: 0.000 +/- 0.000
2026-02-14 11:34:48 INFO    |  step: 26496000, ep_eval/episode_reward_near: 0.000 +/- 0.000
2026-02-14 11:34:48 INFO    |  step: 26496000, ep_eval/episode_reward_survive: 0.000 +/- 0.000
2026-02-14 11:34:48 INFO    |  step: 26496000, ep_eval/episode_success_hard: 0.000 +/- 0.000
2026-02-14 11:34:48 INFO    |  step: 26496000, training/actor_loss: 0.000 +/- 0.000
2026-02-14 11:34:48 INFO    |  step: 26496000, training/log_alpha: 0.000 +/- 0.000
2026-02-14 11:34:48 INFO    |  step: 26496000, training/alpha_loss: 0.000 +/- 0.000
2026-02-14 11:34:48 INFO    |  step: 26496000, training/critic_loss: 0.000 +/- 0.000
2026-02-14 11:34:48 INFO    |  step: 26496000, training/entropy: 0.000 +/- 0.000
2026-02-14 11:37:05 INFO    |  Visualization: collected_transitions shape: (1500, 256, 31), num_envs: 256
2026-02-14 11:37:05 INFO    |  Visualization: Raw collected_transitions has 256 unique trajectory IDs out of 384000 total transitions
2026-02-14 11:37:06 INFO    |  Visualization: processed_transitions shape: (1499, 256, 31)
2026-02-14 11:37:07 INFO    |  Visualization: Found 256 unique trajectory IDs out of 383744 total transitions
2026-02-14 11:37:07 INFO    |  Transition shapes: obs=(1499, 256, 31), traj_ids=(1499, 256), traj_ids_flat=(383744,)
2026-02-14 11:37:09 INFO    |  Plotted visualizations at env step 27264000.0
2026-02-14 11:37:30 INFO    |  step: 27264000
2026-02-14 11:37:30 INFO    |  step: 27264000, training/sps: 5447.704 +/- 0.000
2026-02-14 11:37:30 INFO    |  step: 27264000, training/ep_actor_loss: 0.003 +/- 0.000
2026-02-14 11:37:30 INFO    |  step: 27264000, training/ep_alpha_loss: 0.000 +/- 0.000
2026-02-14 11:37:30 INFO    |  step: 27264000, training/ep_categorical_accuracy: 0.004 +/- 0.000
2026-02-14 11:37:30 INFO    |  step: 27264000, training/ep_critic_loss: 8.619 +/- 0.000
2026-02-14 11:37:30 INFO    |  step: 27264000, training/ep_entropy: -4.000 +/- 0.000
2026-02-14 11:37:30 INFO    |  step: 27264000, training/ep_log_alpha: -8.330 +/- 0.000
2026-02-14 11:37:30 INFO    |  step: 27264000, training/ep_logits_neg: -0.001 +/- 0.000
2026-02-14 11:37:30 INFO    |  step: 27264000, training/ep_logits_pos: -0.001 +/- 0.000
2026-02-14 11:37:30 INFO    |  step: 27264000, training/ep_logsumexp: 5.544 +/- 0.000
2026-02-14 11:37:30 INFO    |  step: 27264000, training/gcp_actor_loss: 3.062 +/- 0.000
2026-02-14 11:37:30 INFO    |  step: 27264000, training/gcp_alpha_loss: 0.000 +/- 0.000
2026-02-14 11:37:30 INFO    |  step: 27264000, training/gcp_categorical_accuracy: 0.398 +/- 0.000
2026-02-14 11:37:30 INFO    |  step: 27264000, training/gcp_critic_loss: 2.859 +/- 0.000
2026-02-14 11:37:30 INFO    |  step: 27264000, training/gcp_entropy: -3.999 +/- 0.000
2026-02-14 11:37:30 INFO    |  step: 27264000, training/gcp_log_alpha: -4.254 +/- 0.000
2026-02-14 11:37:30 INFO    |  step: 27264000, training/gcp_logits_neg: -8.337 +/- 0.000
2026-02-14 11:37:30 INFO    |  step: 27264000, training/gcp_logits_pos: -3.296 +/- 0.000
2026-02-14 11:37:30 INFO    |  step: 27264000, training/gcp_logsumexp: -0.479 +/- 0.000
2026-02-14 11:37:30 INFO    |  step: 27264000, eval/episode_reward: 0.000 +/- 0.000
2026-02-14 11:37:30 INFO    |  step: 27264000, eval/episode_success: 0.000 +/- 0.000
2026-02-14 11:37:30 INFO    |  step: 27264000, eval/episode_success_easy: 43.539 +/- 0.000
2026-02-14 11:37:30 INFO    |  step: 27264000, eval/episode_dist: 11946.680 +/- 0.000
2026-02-14 11:37:30 INFO    |  step: 27264000, eval/episode_success_any: 0.000 +/- 0.000
2026-02-14 11:37:30 INFO    |  step: 27264000, ep_eval/episode_reward: 0.000 +/- 0.000
2026-02-14 11:37:30 INFO    |  step: 27264000, ep_eval/episode_success: 0.000 +/- 0.000
2026-02-14 11:37:30 INFO    |  step: 27264000, ep_eval/episode_success_easy: 0.000 +/- 0.000
2026-02-14 11:37:30 INFO    |  step: 27264000, ep_eval/episode_dist: 12352.280 +/- 0.000
2026-02-14 11:37:30 INFO    |  step: 27264000, ep_eval/episode_success_any: 0.000 +/- 0.000
2026-02-14 11:37:30 INFO    |  step: 27264000, eval/episode_reward_ctrl: 0.000 +/- 0.000
2026-02-14 11:37:30 INFO    |  step: 27264000, eval/episode_reward_dist: 0.000 +/- 0.000
2026-02-14 11:37:30 INFO    |  step: 27264000, eval/episode_reward_near: 0.000 +/- 0.000
2026-02-14 11:37:30 INFO    |  step: 27264000, eval/episode_reward_survive: 0.000 +/- 0.000
2026-02-14 11:37:30 INFO    |  step: 27264000, eval/episode_success_hard: 0.000 +/- 0.000
2026-02-14 11:37:30 INFO    |  step: 27264000, ep_eval/episode_reward_ctrl: 0.000 +/- 0.000
2026-02-14 11:37:30 INFO    |  step: 27264000, ep_eval/episode_reward_dist: 0.000 +/- 0.000
2026-02-14 11:37:30 INFO    |  step: 27264000, ep_eval/episode_reward_near: 0.000 +/- 0.000
2026-02-14 11:37:30 INFO    |  step: 27264000, ep_eval/episode_reward_survive: 0.000 +/- 0.000
2026-02-14 11:37:30 INFO    |  step: 27264000, ep_eval/episode_success_hard: 0.000 +/- 0.000
2026-02-14 11:37:30 INFO    |  step: 27264000, training/actor_loss: 0.000 +/- 0.000
2026-02-14 11:37:30 INFO    |  step: 27264000, training/log_alpha: 0.000 +/- 0.000
2026-02-14 11:37:30 INFO    |  step: 27264000, training/alpha_loss: 0.000 +/- 0.000
2026-02-14 11:37:30 INFO    |  step: 27264000, training/critic_loss: 0.000 +/- 0.000
2026-02-14 11:37:30 INFO    |  step: 27264000, training/entropy: 0.000 +/- 0.000
2026-02-14 11:37:47 INFO    |  Visualization: collected_transitions shape: (2000, 256, 31), num_envs: 256
2026-02-14 11:37:47 INFO    |  Visualization: Raw collected_transitions has 256 unique trajectory IDs out of 512000 total transitions
2026-02-14 11:37:48 INFO    |  Visualization: processed_transitions shape: (1999, 256, 31)
2026-02-14 11:37:48 INFO    |  Visualization: Found 256 unique trajectory IDs out of 511744 total transitions
2026-02-14 11:37:48 INFO    |  Transition shapes: obs=(1999, 256, 31), traj_ids=(1999, 256), traj_ids_flat=(511744,)
2026-02-14 11:37:50 INFO    |  Plotted visualizations at env step 20992000.0
2026-02-14 11:37:55 INFO    |  Visualization: collected_transitions shape: (2000, 256, 31), num_envs: 256
2026-02-14 11:37:55 INFO    |  Visualization: Raw collected_transitions has 256 unique trajectory IDs out of 512000 total transitions
2026-02-14 11:37:56 INFO    |  Visualization: processed_transitions shape: (1999, 256, 31)
2026-02-14 11:37:56 INFO    |  Visualization: Found 256 unique trajectory IDs out of 511744 total transitions
2026-02-14 11:37:56 INFO    |  Transition shapes: obs=(1999, 256, 31), traj_ids=(1999, 256), traj_ids_flat=(511744,)
2026-02-14 11:37:59 INFO    |  Plotted visualizations at env step 20992000.0
2026-02-14 11:38:29 INFO    |  step: 20992000
2026-02-14 11:38:29 INFO    |  step: 20992000, training/sps: 4077.143 +/- 0.000
2026-02-14 11:38:29 INFO    |  step: 20992000, training/ep_actor_loss: 0.003 +/- 0.000
2026-02-14 11:38:29 INFO    |  step: 20992000, training/ep_alpha_loss: 0.000 +/- 0.000
2026-02-14 11:38:29 INFO    |  step: 20992000, training/ep_categorical_accuracy: 0.004 +/- 0.000
2026-02-14 11:38:29 INFO    |  step: 20992000, training/ep_critic_loss: 8.619 +/- 0.000
2026-02-14 11:38:29 INFO    |  step: 20992000, training/ep_entropy: -4.000 +/- 0.000
2026-02-14 11:38:29 INFO    |  step: 20992000, training/ep_log_alpha: -8.330 +/- 0.000
2026-02-14 11:38:29 INFO    |  step: 20992000, training/ep_logits_neg: -0.001 +/- 0.000
2026-02-14 11:38:29 INFO    |  step: 20992000, training/ep_logits_pos: -0.001 +/- 0.000
2026-02-14 11:38:29 INFO    |  step: 20992000, training/ep_logsumexp: 5.544 +/- 0.000
2026-02-14 11:38:29 INFO    |  step: 20992000, training/gcp_actor_loss: 2.765 +/- 0.000
2026-02-14 11:38:29 INFO    |  step: 20992000, training/gcp_alpha_loss: -0.000 +/- 0.000
2026-02-14 11:38:29 INFO    |  step: 20992000, training/gcp_categorical_accuracy: 0.667 +/- 0.000
2026-02-14 11:38:29 INFO    |  step: 20992000, training/gcp_critic_loss: 1.498 +/- 0.000
2026-02-14 11:38:29 INFO    |  step: 20992000, training/gcp_entropy: -4.001 +/- 0.000
2026-02-14 11:38:29 INFO    |  step: 20992000, training/gcp_log_alpha: -2.295 +/- 0.000
2026-02-14 11:38:29 INFO    |  step: 20992000, training/gcp_logits_neg: -10.069 +/- 0.000
2026-02-14 11:38:29 INFO    |  step: 20992000, training/gcp_logits_pos: -2.229 +/- 0.000
2026-02-14 11:38:29 INFO    |  step: 20992000, training/gcp_logsumexp: -0.839 +/- 0.000
2026-02-14 11:38:29 INFO    |  step: 20992000, eval/episode_reward: 0.000 +/- 0.000
2026-02-14 11:38:29 INFO    |  step: 20992000, eval/episode_success: 0.000 +/- 0.000
2026-02-14 11:38:29 INFO    |  step: 20992000, eval/episode_success_easy: 0.000 +/- 0.000
2026-02-14 11:38:29 INFO    |  step: 20992000, eval/episode_dist: 32713.156 +/- 0.000
2026-02-14 11:38:29 INFO    |  step: 20992000, eval/episode_success_any: 0.000 +/- 0.000
2026-02-14 11:38:29 INFO    |  step: 20992000, ep_eval/episode_reward: 0.000 +/- 0.000
2026-02-14 11:38:29 INFO    |  step: 20992000, ep_eval/episode_success: 0.000 +/- 0.000
2026-02-14 11:38:29 INFO    |  step: 20992000, ep_eval/episode_success_easy: 0.000 +/- 0.000
2026-02-14 11:38:29 INFO    |  step: 20992000, ep_eval/episode_dist: 32830.383 +/- 0.000
2026-02-14 11:38:29 INFO    |  step: 20992000, ep_eval/episode_success_any: 0.000 +/- 0.000
2026-02-14 11:38:29 INFO    |  step: 20992000, eval/episode_reward_ctrl: 0.000 +/- 0.000
2026-02-14 11:38:29 INFO    |  step: 20992000, eval/episode_reward_dist: 0.000 +/- 0.000
2026-02-14 11:38:29 INFO    |  step: 20992000, eval/episode_reward_near: 0.000 +/- 0.000
2026-02-14 11:38:29 INFO    |  step: 20992000, eval/episode_reward_survive: 0.000 +/- 0.000
2026-02-14 11:38:29 INFO    |  step: 20992000, eval/episode_success_hard: 0.000 +/- 0.000
2026-02-14 11:38:29 INFO    |  step: 20992000, ep_eval/episode_reward_ctrl: 0.000 +/- 0.000
2026-02-14 11:38:29 INFO    |  step: 20992000, ep_eval/episode_reward_dist: 0.000 +/- 0.000
2026-02-14 11:38:29 INFO    |  step: 20992000, ep_eval/episode_reward_near: 0.000 +/- 0.000
2026-02-14 11:38:29 INFO    |  step: 20992000, ep_eval/episode_reward_survive: 0.000 +/- 0.000
2026-02-14 11:38:29 INFO    |  step: 20992000, ep_eval/episode_success_hard: 0.000 +/- 0.000
2026-02-14 11:38:29 INFO    |  step: 20992000, training/actor_loss: 0.000 +/- 0.000
2026-02-14 11:38:29 INFO    |  step: 20992000, training/log_alpha: 0.000 +/- 0.000
2026-02-14 11:38:29 INFO    |  step: 20992000, training/alpha_loss: 0.000 +/- 0.000
2026-02-14 11:38:29 INFO    |  step: 20992000, training/critic_loss: 0.000 +/- 0.000
2026-02-14 11:38:29 INFO    |  step: 20992000, training/entropy: 0.000 +/- 0.000
2026-02-14 11:38:37 INFO    |  step: 20992000
2026-02-14 11:38:37 INFO    |  step: 20992000, training/sps: 4086.890 +/- 0.000
2026-02-14 11:38:37 INFO    |  step: 20992000, training/ep_actor_loss: 0.003 +/- 0.000
2026-02-14 11:38:37 INFO    |  step: 20992000, training/ep_alpha_loss: 0.000 +/- 0.000
2026-02-14 11:38:37 INFO    |  step: 20992000, training/ep_categorical_accuracy: 0.004 +/- 0.000
2026-02-14 11:38:37 INFO    |  step: 20992000, training/ep_critic_loss: 8.619 +/- 0.000
2026-02-14 11:38:37 INFO    |  step: 20992000, training/ep_entropy: -4.000 +/- 0.000
2026-02-14 11:38:37 INFO    |  step: 20992000, training/ep_log_alpha: -8.330 +/- 0.000
2026-02-14 11:38:37 INFO    |  step: 20992000, training/ep_logits_neg: -0.001 +/- 0.000
2026-02-14 11:38:37 INFO    |  step: 20992000, training/ep_logits_pos: -0.001 +/- 0.000
2026-02-14 11:38:37 INFO    |  step: 20992000, training/ep_logsumexp: 5.544 +/- 0.000
2026-02-14 11:38:37 INFO    |  step: 20992000, training/gcp_actor_loss: 2.942 +/- 0.000
2026-02-14 11:38:37 INFO    |  step: 20992000, training/gcp_alpha_loss: 0.000 +/- 0.000
2026-02-14 11:38:37 INFO    |  step: 20992000, training/gcp_categorical_accuracy: 0.425 +/- 0.000
2026-02-14 11:38:37 INFO    |  step: 20992000, training/gcp_critic_loss: 2.674 +/- 0.000
2026-02-14 11:38:37 INFO    |  step: 20992000, training/gcp_entropy: -4.000 +/- 0.000
2026-02-14 11:38:37 INFO    |  step: 20992000, training/gcp_log_alpha: -4.557 +/- 0.000
2026-02-14 11:38:37 INFO    |  step: 20992000, training/gcp_logits_neg: -8.720 +/- 0.000
2026-02-14 11:38:37 INFO    |  step: 20992000, training/gcp_logits_pos: -3.166 +/- 0.000
2026-02-14 11:38:37 INFO    |  step: 20992000, training/gcp_logsumexp: -0.542 +/- 0.000
2026-02-14 11:38:37 INFO    |  step: 20992000, eval/episode_reward: 0.000 +/- 0.000
2026-02-14 11:38:37 INFO    |  step: 20992000, eval/episode_success: 0.000 +/- 0.000
2026-02-14 11:38:37 INFO    |  step: 20992000, eval/episode_success_easy: 0.000 +/- 0.000
2026-02-14 11:38:37 INFO    |  step: 20992000, eval/episode_dist: 32489.049 +/- 0.000
2026-02-14 11:38:37 INFO    |  step: 20992000, eval/episode_success_any: 0.000 +/- 0.000
2026-02-14 11:38:37 INFO    |  step: 20992000, ep_eval/episode_reward: 0.000 +/- 0.000
2026-02-14 11:38:37 INFO    |  step: 20992000, ep_eval/episode_success: 0.000 +/- 0.000
2026-02-14 11:38:37 INFO    |  step: 20992000, ep_eval/episode_success_easy: 0.000 +/- 0.000
2026-02-14 11:38:37 INFO    |  step: 20992000, ep_eval/episode_dist: 32829.422 +/- 0.000
2026-02-14 11:38:37 INFO    |  step: 20992000, ep_eval/episode_success_any: 0.000 +/- 0.000
2026-02-14 11:38:37 INFO    |  step: 20992000, eval/episode_reward_ctrl: 0.000 +/- 0.000
2026-02-14 11:38:37 INFO    |  step: 20992000, eval/episode_reward_dist: 0.000 +/- 0.000
2026-02-14 11:38:37 INFO    |  step: 20992000, eval/episode_reward_near: 0.000 +/- 0.000
2026-02-14 11:38:37 INFO    |  step: 20992000, eval/episode_reward_survive: 0.000 +/- 0.000
2026-02-14 11:38:37 INFO    |  step: 20992000, eval/episode_success_hard: 0.000 +/- 0.000
2026-02-14 11:38:37 INFO    |  step: 20992000, ep_eval/episode_reward_ctrl: 0.000 +/- 0.000
2026-02-14 11:38:37 INFO    |  step: 20992000, ep_eval/episode_reward_dist: 0.000 +/- 0.000
2026-02-14 11:38:37 INFO    |  step: 20992000, ep_eval/episode_reward_near: 0.000 +/- 0.000
2026-02-14 11:38:37 INFO    |  step: 20992000, ep_eval/episode_reward_survive: 0.000 +/- 0.000
2026-02-14 11:38:37 INFO    |  step: 20992000, ep_eval/episode_success_hard: 0.000 +/- 0.000
2026-02-14 11:38:37 INFO    |  step: 20992000, training/actor_loss: 0.000 +/- 0.000
2026-02-14 11:38:37 INFO    |  step: 20992000, training/log_alpha: 0.000 +/- 0.000
2026-02-14 11:38:37 INFO    |  step: 20992000, training/alpha_loss: 0.000 +/- 0.000
2026-02-14 11:38:37 INFO    |  step: 20992000, training/critic_loss: 0.000 +/- 0.000
2026-02-14 11:38:37 INFO    |  step: 20992000, training/entropy: 0.000 +/- 0.000
2026-02-14 11:39:48 INFO    |  Visualization: collected_transitions shape: (1500, 256, 31), num_envs: 256
2026-02-14 11:39:48 INFO    |  Visualization: Raw collected_transitions has 256 unique trajectory IDs out of 384000 total transitions
2026-02-14 11:39:48 INFO    |  Visualization: processed_transitions shape: (1499, 256, 31)
2026-02-14 11:39:49 INFO    |  Visualization: Found 256 unique trajectory IDs out of 383744 total transitions
2026-02-14 11:39:49 INFO    |  Transition shapes: obs=(1499, 256, 31), traj_ids=(1499, 256), traj_ids_flat=(383744,)
2026-02-14 11:39:51 INFO    |  Plotted visualizations at env step 28032000.0
2026-02-14 11:40:12 INFO    |  step: 28032000
2026-02-14 11:40:14 INFO    |  actor input shape: (1, 31)
2026-02-14 11:40:44 INFO    |  step: 28032000, training/sps: 5430.927 +/- 0.000
2026-02-14 11:40:44 INFO    |  step: 28032000, training/ep_actor_loss: 0.003 +/- 0.000
2026-02-14 11:40:44 INFO    |  step: 28032000, training/ep_alpha_loss: -0.000 +/- 0.000
2026-02-14 11:40:44 INFO    |  step: 28032000, training/ep_categorical_accuracy: 0.004 +/- 0.000
2026-02-14 11:40:44 INFO    |  step: 28032000, training/ep_critic_loss: 8.619 +/- 0.000
2026-02-14 11:40:44 INFO    |  step: 28032000, training/ep_entropy: -4.000 +/- 0.000
2026-02-14 11:40:44 INFO    |  step: 28032000, training/ep_log_alpha: -8.330 +/- 0.000
2026-02-14 11:40:44 INFO    |  step: 28032000, training/ep_logits_neg: -0.001 +/- 0.000
2026-02-14 11:40:44 INFO    |  step: 28032000, training/ep_logits_pos: -0.001 +/- 0.000
2026-02-14 11:40:44 INFO    |  step: 28032000, training/ep_logsumexp: 5.544 +/- 0.000
2026-02-14 11:40:44 INFO    |  step: 28032000, training/gcp_actor_loss: 3.121 +/- 0.000
2026-02-14 11:40:44 INFO    |  step: 28032000, training/gcp_alpha_loss: 0.000 +/- 0.000
2026-02-14 11:40:44 INFO    |  step: 28032000, training/gcp_categorical_accuracy: 0.387 +/- 0.000
2026-02-14 11:40:44 INFO    |  step: 28032000, training/gcp_critic_loss: 2.926 +/- 0.000
2026-02-14 11:40:44 INFO    |  step: 28032000, training/gcp_entropy: -3.999 +/- 0.000
2026-02-14 11:40:44 INFO    |  step: 28032000, training/gcp_log_alpha: -4.301 +/- 0.000
2026-02-14 11:40:44 INFO    |  step: 28032000, training/gcp_logits_neg: -8.209 +/- 0.000
2026-02-14 11:40:44 INFO    |  step: 28032000, training/gcp_logits_pos: -3.348 +/- 0.000
2026-02-14 11:40:44 INFO    |  step: 28032000, training/gcp_logsumexp: -0.462 +/- 0.000
2026-02-14 11:40:44 INFO    |  step: 28032000, eval/episode_reward: 0.031 +/- 0.000
2026-02-14 11:40:44 INFO    |  step: 28032000, eval/episode_success: 0.031 +/- 0.000
2026-02-14 11:40:44 INFO    |  step: 28032000, eval/episode_success_easy: 26.016 +/- 0.000
2026-02-14 11:40:44 INFO    |  step: 28032000, eval/episode_dist: 11959.020 +/- 0.000
2026-02-14 11:40:44 INFO    |  step: 28032000, eval/episode_success_any: 0.004 +/- 0.000
2026-02-14 11:40:44 INFO    |  step: 28032000, ep_eval/episode_reward: 0.000 +/- 0.000
2026-02-14 11:40:44 INFO    |  step: 28032000, ep_eval/episode_success: 0.000 +/- 0.000
2026-02-14 11:40:44 INFO    |  step: 28032000, ep_eval/episode_success_easy: 0.000 +/- 0.000
2026-02-14 11:40:44 INFO    |  step: 28032000, ep_eval/episode_dist: 12079.605 +/- 0.000
2026-02-14 11:40:44 INFO    |  step: 28032000, ep_eval/episode_success_any: 0.000 +/- 0.000
2026-02-14 11:40:44 INFO    |  step: 28032000, eval/episode_reward_ctrl: 0.000 +/- 0.000
2026-02-14 11:40:44 INFO    |  step: 28032000, eval/episode_reward_dist: 0.000 +/- 0.000
2026-02-14 11:40:44 INFO    |  step: 28032000, eval/episode_reward_near: 0.000 +/- 0.000
2026-02-14 11:40:44 INFO    |  step: 28032000, eval/episode_reward_survive: 0.000 +/- 0.000
2026-02-14 11:40:44 INFO    |  step: 28032000, eval/episode_success_hard: 0.000 +/- 0.000
2026-02-14 11:40:44 INFO    |  step: 28032000, ep_eval/episode_reward_ctrl: 0.000 +/- 0.000
2026-02-14 11:40:44 INFO    |  step: 28032000, ep_eval/episode_reward_dist: 0.000 +/- 0.000
2026-02-14 11:40:44 INFO    |  step: 28032000, ep_eval/episode_reward_near: 0.000 +/- 0.000
2026-02-14 11:40:44 INFO    |  step: 28032000, ep_eval/episode_reward_survive: 0.000 +/- 0.000
2026-02-14 11:40:44 INFO    |  step: 28032000, ep_eval/episode_success_hard: 0.000 +/- 0.000
2026-02-14 11:40:44 INFO    |  step: 28032000, training/actor_loss: 0.000 +/- 0.000
2026-02-14 11:40:44 INFO    |  step: 28032000, training/log_alpha: 0.000 +/- 0.000
2026-02-14 11:40:44 INFO    |  step: 28032000, training/alpha_loss: 0.000 +/- 0.000
2026-02-14 11:40:44 INFO    |  step: 28032000, training/critic_loss: 0.000 +/- 0.000
2026-02-14 11:40:44 INFO    |  step: 28032000, training/entropy: 0.000 +/- 0.000
2026-02-14 11:42:36 INFO    |  Visualization: collected_transitions shape: (2000, 256, 31), num_envs: 256
2026-02-14 11:42:36 INFO    |  Visualization: Raw collected_transitions has 256 unique trajectory IDs out of 512000 total transitions
2026-02-14 11:42:37 INFO    |  Visualization: processed_transitions shape: (1999, 256, 31)
2026-02-14 11:42:37 INFO    |  Visualization: Found 256 unique trajectory IDs out of 511744 total transitions
2026-02-14 11:42:37 INFO    |  Transition shapes: obs=(1999, 256, 31), traj_ids=(1999, 256), traj_ids_flat=(511744,)
2026-02-14 11:42:39 INFO    |  Plotted visualizations at env step 22016000.0
2026-02-14 11:42:44 INFO    |  Visualization: collected_transitions shape: (2000, 256, 31), num_envs: 256
2026-02-14 11:42:44 INFO    |  Visualization: Raw collected_transitions has 256 unique trajectory IDs out of 512000 total transitions
2026-02-14 11:42:45 INFO    |  Visualization: processed_transitions shape: (1999, 256, 31)
2026-02-14 11:42:45 INFO    |  Visualization: Found 256 unique trajectory IDs out of 511744 total transitions
2026-02-14 11:42:45 INFO    |  Transition shapes: obs=(1999, 256, 31), traj_ids=(1999, 256), traj_ids_flat=(511744,)
2026-02-14 11:42:47 INFO    |  Plotted visualizations at env step 22016000.0
2026-02-14 11:43:01 INFO    |  Visualization: collected_transitions shape: (1500, 256, 31), num_envs: 256
2026-02-14 11:43:01 INFO    |  Visualization: Raw collected_transitions has 256 unique trajectory IDs out of 384000 total transitions
2026-02-14 11:43:02 INFO    |  Visualization: processed_transitions shape: (1499, 256, 31)
2026-02-14 11:43:02 INFO    |  Visualization: Found 256 unique trajectory IDs out of 383744 total transitions
2026-02-14 11:43:02 INFO    |  Transition shapes: obs=(1499, 256, 31), traj_ids=(1499, 256), traj_ids_flat=(383744,)
2026-02-14 11:43:05 INFO    |  Plotted visualizations at env step 28800000.0
2026-02-14 11:43:17 INFO    |  step: 22016000
2026-02-14 11:43:19 INFO    |  actor input shape: (1, 31)
2026-02-14 11:43:25 INFO    |  step: 22016000
2026-02-14 11:43:25 INFO    |  step: 28800000
2026-02-14 11:43:25 INFO    |  step: 28800000, training/sps: 5476.918 +/- 0.000
2026-02-14 11:43:25 INFO    |  step: 28800000, training/ep_actor_loss: 0.003 +/- 0.000
2026-02-14 11:43:25 INFO    |  step: 28800000, training/ep_alpha_loss: 0.000 +/- 0.000
2026-02-14 11:43:25 INFO    |  step: 28800000, training/ep_categorical_accuracy: 0.004 +/- 0.000
2026-02-14 11:43:25 INFO    |  step: 28800000, training/ep_critic_loss: 8.619 +/- 0.000
2026-02-14 11:43:25 INFO    |  step: 28800000, training/ep_entropy: -4.000 +/- 0.000
2026-02-14 11:43:25 INFO    |  step: 28800000, training/ep_log_alpha: -8.330 +/- 0.000
2026-02-14 11:43:25 INFO    |  step: 28800000, training/ep_logits_neg: -0.001 +/- 0.000
2026-02-14 11:43:25 INFO    |  step: 28800000, training/ep_logits_pos: -0.001 +/- 0.000
2026-02-14 11:43:25 INFO    |  step: 28800000, training/ep_logsumexp: 5.544 +/- 0.000
2026-02-14 11:43:25 INFO    |  step: 28800000, training/gcp_actor_loss: 3.263 +/- 0.000
2026-02-14 11:43:25 INFO    |  step: 28800000, training/gcp_alpha_loss: 0.000 +/- 0.000
2026-02-14 11:43:25 INFO    |  step: 28800000, training/gcp_categorical_accuracy: 0.355 +/- 0.000
2026-02-14 11:43:25 INFO    |  step: 28800000, training/gcp_critic_loss: 3.115 +/- 0.000
2026-02-14 11:43:25 INFO    |  step: 28800000, training/gcp_entropy: -3.998 +/- 0.000
2026-02-14 11:43:25 INFO    |  step: 28800000, training/gcp_log_alpha: -4.462 +/- 0.000
2026-02-14 11:43:25 INFO    |  step: 28800000, training/gcp_logits_neg: -7.995 +/- 0.000
2026-02-14 11:43:25 INFO    |  step: 28800000, training/gcp_logits_pos: -3.496 +/- 0.000
2026-02-14 11:43:25 INFO    |  step: 28800000, training/gcp_logsumexp: -0.416 +/- 0.000
2026-02-14 11:43:25 INFO    |  step: 28800000, eval/episode_reward: 0.000 +/- 0.000
2026-02-14 11:43:25 INFO    |  step: 28800000, eval/episode_success: 0.000 +/- 0.000
2026-02-14 11:43:25 INFO    |  step: 28800000, eval/episode_success_easy: 0.000 +/- 0.000
2026-02-14 11:43:25 INFO    |  step: 28800000, eval/episode_dist: 12365.576 +/- 0.000
2026-02-14 11:43:25 INFO    |  step: 28800000, eval/episode_success_any: 0.000 +/- 0.000
2026-02-14 11:43:25 INFO    |  step: 28800000, ep_eval/episode_reward: 0.000 +/- 0.000
2026-02-14 11:43:25 INFO    |  step: 28800000, ep_eval/episode_success: 0.000 +/- 0.000
2026-02-14 11:43:25 INFO    |  step: 28800000, ep_eval/episode_success_easy: 0.000 +/- 0.000
2026-02-14 11:43:25 INFO    |  step: 28800000, ep_eval/episode_dist: 12251.207 +/- 0.000
2026-02-14 11:43:25 INFO    |  step: 28800000, ep_eval/episode_success_any: 0.000 +/- 0.000
2026-02-14 11:43:25 INFO    |  step: 28800000, eval/episode_reward_ctrl: 0.000 +/- 0.000
2026-02-14 11:43:25 INFO    |  step: 28800000, eval/episode_reward_dist: 0.000 +/- 0.000
2026-02-14 11:43:25 INFO    |  step: 28800000, eval/episode_reward_near: 0.000 +/- 0.000
2026-02-14 11:43:25 INFO    |  step: 28800000, eval/episode_reward_survive: 0.000 +/- 0.000
2026-02-14 11:43:25 INFO    |  step: 28800000, eval/episode_success_hard: 0.000 +/- 0.000
2026-02-14 11:43:25 INFO    |  step: 28800000, ep_eval/episode_reward_ctrl: 0.000 +/- 0.000
2026-02-14 11:43:25 INFO    |  step: 28800000, ep_eval/episode_reward_dist: 0.000 +/- 0.000
2026-02-14 11:43:25 INFO    |  step: 28800000, ep_eval/episode_reward_near: 0.000 +/- 0.000
2026-02-14 11:43:25 INFO    |  step: 28800000, ep_eval/episode_reward_survive: 0.000 +/- 0.000
2026-02-14 11:43:25 INFO    |  step: 28800000, ep_eval/episode_success_hard: 0.000 +/- 0.000
2026-02-14 11:43:25 INFO    |  step: 28800000, training/actor_loss: 0.000 +/- 0.000
2026-02-14 11:43:25 INFO    |  step: 28800000, training/log_alpha: 0.000 +/- 0.000
2026-02-14 11:43:25 INFO    |  step: 28800000, training/alpha_loss: 0.000 +/- 0.000
2026-02-14 11:43:25 INFO    |  step: 28800000, training/critic_loss: 0.000 +/- 0.000
2026-02-14 11:43:25 INFO    |  step: 28800000, training/entropy: 0.000 +/- 0.000
2026-02-14 11:43:28 INFO    |  actor input shape: (1, 31)
2026-02-14 11:43:51 INFO    |  step: 22016000, training/sps: 4085.004 +/- 0.000
2026-02-14 11:43:51 INFO    |  step: 22016000, training/ep_actor_loss: 0.003 +/- 0.000
2026-02-14 11:43:51 INFO    |  step: 22016000, training/ep_alpha_loss: 0.000 +/- 0.000
2026-02-14 11:43:51 INFO    |  step: 22016000, training/ep_categorical_accuracy: 0.004 +/- 0.000
2026-02-14 11:43:51 INFO    |  step: 22016000, training/ep_critic_loss: 8.619 +/- 0.000
2026-02-14 11:43:51 INFO    |  step: 22016000, training/ep_entropy: -4.000 +/- 0.000
2026-02-14 11:43:51 INFO    |  step: 22016000, training/ep_log_alpha: -8.330 +/- 0.000
2026-02-14 11:43:51 INFO    |  step: 22016000, training/ep_logits_neg: -0.001 +/- 0.000
2026-02-14 11:43:51 INFO    |  step: 22016000, training/ep_logits_pos: -0.001 +/- 0.000
2026-02-14 11:43:51 INFO    |  step: 22016000, training/ep_logsumexp: 5.544 +/- 0.000
2026-02-14 11:43:51 INFO    |  step: 22016000, training/gcp_actor_loss: 2.611 +/- 0.000
2026-02-14 11:43:51 INFO    |  step: 22016000, training/gcp_alpha_loss: 0.000 +/- 0.000
2026-02-14 11:43:51 INFO    |  step: 22016000, training/gcp_categorical_accuracy: 0.692 +/- 0.000
2026-02-14 11:43:51 INFO    |  step: 22016000, training/gcp_critic_loss: 1.382 +/- 0.000
2026-02-14 11:43:51 INFO    |  step: 22016000, training/gcp_entropy: -3.999 +/- 0.000
2026-02-14 11:43:51 INFO    |  step: 22016000, training/gcp_log_alpha: -2.341 +/- 0.000
2026-02-14 11:43:51 INFO    |  step: 22016000, training/gcp_logits_neg: -10.275 +/- 0.000
2026-02-14 11:43:51 INFO    |  step: 22016000, training/gcp_logits_pos: -2.081 +/- 0.000
2026-02-14 11:43:51 INFO    |  step: 22016000, training/gcp_logsumexp: -0.804 +/- 0.000
2026-02-14 11:43:51 INFO    |  step: 22016000, eval/episode_reward: 0.000 +/- 0.000
2026-02-14 11:43:51 INFO    |  step: 22016000, eval/episode_success: 0.000 +/- 0.000
2026-02-14 11:43:51 INFO    |  step: 22016000, eval/episode_success_easy: 0.000 +/- 0.000
2026-02-14 11:43:51 INFO    |  step: 22016000, eval/episode_dist: 33534.297 +/- 0.000
2026-02-14 11:43:51 INFO    |  step: 22016000, eval/episode_success_any: 0.000 +/- 0.000
2026-02-14 11:43:51 INFO    |  step: 22016000, ep_eval/episode_reward: 0.000 +/- 0.000
2026-02-14 11:43:51 INFO    |  step: 22016000, ep_eval/episode_success: 0.000 +/- 0.000
2026-02-14 11:43:51 INFO    |  step: 22016000, ep_eval/episode_success_easy: 0.000 +/- 0.000
2026-02-14 11:43:51 INFO    |  step: 22016000, ep_eval/episode_dist: 32841.531 +/- 0.000
2026-02-14 11:43:51 INFO    |  step: 22016000, ep_eval/episode_success_any: 0.000 +/- 0.000
2026-02-14 11:43:51 INFO    |  step: 22016000, eval/episode_reward_ctrl: 0.000 +/- 0.000
2026-02-14 11:43:51 INFO    |  step: 22016000, eval/episode_reward_dist: 0.000 +/- 0.000
2026-02-14 11:43:51 INFO    |  step: 22016000, eval/episode_reward_near: 0.000 +/- 0.000
2026-02-14 11:43:51 INFO    |  step: 22016000, eval/episode_reward_survive: 0.000 +/- 0.000
2026-02-14 11:43:51 INFO    |  step: 22016000, eval/episode_success_hard: 0.000 +/- 0.000
2026-02-14 11:43:51 INFO    |  step: 22016000, ep_eval/episode_reward_ctrl: 0.000 +/- 0.000
2026-02-14 11:43:51 INFO    |  step: 22016000, ep_eval/episode_reward_dist: 0.000 +/- 0.000
2026-02-14 11:43:51 INFO    |  step: 22016000, ep_eval/episode_reward_near: 0.000 +/- 0.000
2026-02-14 11:43:51 INFO    |  step: 22016000, ep_eval/episode_reward_survive: 0.000 +/- 0.000
2026-02-14 11:43:51 INFO    |  step: 22016000, ep_eval/episode_success_hard: 0.000 +/- 0.000
2026-02-14 11:43:51 INFO    |  step: 22016000, training/actor_loss: 0.000 +/- 0.000
2026-02-14 11:43:51 INFO    |  step: 22016000, training/log_alpha: 0.000 +/- 0.000
2026-02-14 11:43:51 INFO    |  step: 22016000, training/alpha_loss: 0.000 +/- 0.000
2026-02-14 11:43:51 INFO    |  step: 22016000, training/critic_loss: 0.000 +/- 0.000
2026-02-14 11:43:51 INFO    |  step: 22016000, training/entropy: 0.000 +/- 0.000
2026-02-14 11:44:00 INFO    |  step: 22016000, training/sps: 4084.499 +/- 0.000
2026-02-14 11:44:00 INFO    |  step: 22016000, training/ep_actor_loss: 0.003 +/- 0.000
2026-02-14 11:44:00 INFO    |  step: 22016000, training/ep_alpha_loss: 0.000 +/- 0.000
2026-02-14 11:44:00 INFO    |  step: 22016000, training/ep_categorical_accuracy: 0.004 +/- 0.000
2026-02-14 11:44:00 INFO    |  step: 22016000, training/ep_critic_loss: 8.619 +/- 0.000
2026-02-14 11:44:00 INFO    |  step: 22016000, training/ep_entropy: -4.000 +/- 0.000
2026-02-14 11:44:00 INFO    |  step: 22016000, training/ep_log_alpha: -8.330 +/- 0.000
2026-02-14 11:44:00 INFO    |  step: 22016000, training/ep_logits_neg: -0.001 +/- 0.000
2026-02-14 11:44:00 INFO    |  step: 22016000, training/ep_logits_pos: -0.001 +/- 0.000
2026-02-14 11:44:00 INFO    |  step: 22016000, training/ep_logsumexp: 5.544 +/- 0.000
2026-02-14 11:44:00 INFO    |  step: 22016000, training/gcp_actor_loss: 2.903 +/- 0.000
2026-02-14 11:44:00 INFO    |  step: 22016000, training/gcp_alpha_loss: 0.000 +/- 0.000
2026-02-14 11:44:00 INFO    |  step: 22016000, training/gcp_categorical_accuracy: 0.423 +/- 0.000
2026-02-14 11:44:00 INFO    |  step: 22016000, training/gcp_critic_loss: 2.646 +/- 0.000
2026-02-14 11:44:00 INFO    |  step: 22016000, training/gcp_entropy: -4.000 +/- 0.000
2026-02-14 11:44:00 INFO    |  step: 22016000, training/gcp_log_alpha: -4.556 +/- 0.000
2026-02-14 11:44:00 INFO    |  step: 22016000, training/gcp_logits_neg: -8.838 +/- 0.000
2026-02-14 11:44:00 INFO    |  step: 22016000, training/gcp_logits_pos: -3.129 +/- 0.000
2026-02-14 11:44:00 INFO    |  step: 22016000, training/gcp_logsumexp: -0.534 +/- 0.000
2026-02-14 11:44:00 INFO    |  step: 22016000, eval/episode_reward: 0.000 +/- 0.000
2026-02-14 11:44:00 INFO    |  step: 22016000, eval/episode_success: 0.000 +/- 0.000
2026-02-14 11:44:00 INFO    |  step: 22016000, eval/episode_success_easy: 3.828 +/- 0.000
2026-02-14 11:44:00 INFO    |  step: 22016000, eval/episode_dist: 33614.594 +/- 0.000
2026-02-14 11:44:00 INFO    |  step: 22016000, eval/episode_success_any: 0.000 +/- 0.000
2026-02-14 11:44:00 INFO    |  step: 22016000, ep_eval/episode_reward: 0.000 +/- 0.000
2026-02-14 11:44:00 INFO    |  step: 22016000, ep_eval/episode_success: 0.000 +/- 0.000
2026-02-14 11:44:00 INFO    |  step: 22016000, ep_eval/episode_success_easy: 0.000 +/- 0.000
2026-02-14 11:44:00 INFO    |  step: 22016000, ep_eval/episode_dist: 32840.562 +/- 0.000
2026-02-14 11:44:00 INFO    |  step: 22016000, ep_eval/episode_success_any: 0.000 +/- 0.000
2026-02-14 11:44:00 INFO    |  step: 22016000, eval/episode_reward_ctrl: 0.000 +/- 0.000
2026-02-14 11:44:00 INFO    |  step: 22016000, eval/episode_reward_dist: 0.000 +/- 0.000
2026-02-14 11:44:00 INFO    |  step: 22016000, eval/episode_reward_near: 0.000 +/- 0.000
2026-02-14 11:44:00 INFO    |  step: 22016000, eval/episode_reward_survive: 0.000 +/- 0.000
2026-02-14 11:44:00 INFO    |  step: 22016000, eval/episode_success_hard: 0.000 +/- 0.000
2026-02-14 11:44:00 INFO    |  step: 22016000, ep_eval/episode_reward_ctrl: 0.000 +/- 0.000
2026-02-14 11:44:00 INFO    |  step: 22016000, ep_eval/episode_reward_dist: 0.000 +/- 0.000
2026-02-14 11:44:00 INFO    |  step: 22016000, ep_eval/episode_reward_near: 0.000 +/- 0.000
2026-02-14 11:44:00 INFO    |  step: 22016000, ep_eval/episode_reward_survive: 0.000 +/- 0.000
2026-02-14 11:44:00 INFO    |  step: 22016000, ep_eval/episode_success_hard: 0.000 +/- 0.000
2026-02-14 11:44:00 INFO    |  step: 22016000, training/actor_loss: 0.000 +/- 0.000
2026-02-14 11:44:00 INFO    |  step: 22016000, training/log_alpha: 0.000 +/- 0.000
2026-02-14 11:44:00 INFO    |  step: 22016000, training/alpha_loss: 0.000 +/- 0.000
2026-02-14 11:44:00 INFO    |  step: 22016000, training/critic_loss: 0.000 +/- 0.000
2026-02-14 11:44:00 INFO    |  step: 22016000, training/entropy: 0.000 +/- 0.000
2026-02-14 11:45:43 INFO    |  Visualization: collected_transitions shape: (1500, 256, 31), num_envs: 256
2026-02-14 11:45:43 INFO    |  Visualization: Raw collected_transitions has 256 unique trajectory IDs out of 384000 total transitions
2026-02-14 11:45:44 INFO    |  Visualization: processed_transitions shape: (1499, 256, 31)
2026-02-14 11:45:44 INFO    |  Visualization: Found 256 unique trajectory IDs out of 383744 total transitions
2026-02-14 11:45:44 INFO    |  Transition shapes: obs=(1499, 256, 31), traj_ids=(1499, 256), traj_ids_flat=(383744,)
2026-02-14 11:45:47 INFO    |  Plotted visualizations at env step 29568000.0
2026-02-14 11:46:07 INFO    |  step: 29568000
2026-02-14 11:46:07 INFO    |  step: 29568000, training/sps: 5434.252 +/- 0.000
2026-02-14 11:46:08 INFO    |  step: 29568000, training/ep_actor_loss: 0.003 +/- 0.000
2026-02-14 11:46:08 INFO    |  step: 29568000, training/ep_alpha_loss: -0.000 +/- 0.000
2026-02-14 11:46:08 INFO    |  step: 29568000, training/ep_categorical_accuracy: 0.004 +/- 0.000
2026-02-14 11:46:08 INFO    |  step: 29568000, training/ep_critic_loss: 8.619 +/- 0.000
2026-02-14 11:46:08 INFO    |  step: 29568000, training/ep_entropy: -4.000 +/- 0.000
2026-02-14 11:46:08 INFO    |  step: 29568000, training/ep_log_alpha: -8.330 +/- 0.000
2026-02-14 11:46:08 INFO    |  step: 29568000, training/ep_logits_neg: -0.001 +/- 0.000
2026-02-14 11:46:08 INFO    |  step: 29568000, training/ep_logits_pos: -0.001 +/- 0.000
2026-02-14 11:46:08 INFO    |  step: 29568000, training/ep_logsumexp: 5.544 +/- 0.000
2026-02-14 11:46:08 INFO    |  step: 29568000, training/gcp_actor_loss: 3.293 +/- 0.000
2026-02-14 11:46:08 INFO    |  step: 29568000, training/gcp_alpha_loss: 0.000 +/- 0.000
2026-02-14 11:46:08 INFO    |  step: 29568000, training/gcp_categorical_accuracy: 0.346 +/- 0.000
2026-02-14 11:46:08 INFO    |  step: 29568000, training/gcp_critic_loss: 3.163 +/- 0.000
2026-02-14 11:46:08 INFO    |  step: 29568000, training/gcp_entropy: -3.999 +/- 0.000
2026-02-14 11:46:08 INFO    |  step: 29568000, training/gcp_log_alpha: -4.544 +/- 0.000
2026-02-14 11:46:08 INFO    |  step: 29568000, training/gcp_logits_neg: -7.943 +/- 0.000
2026-02-14 11:46:08 INFO    |  step: 29568000, training/gcp_logits_pos: -3.519 +/- 0.000
2026-02-14 11:46:08 INFO    |  step: 29568000, training/gcp_logsumexp: -0.390 +/- 0.000
2026-02-14 11:46:08 INFO    |  step: 29568000, eval/episode_reward: 0.000 +/- 0.000
2026-02-14 11:46:08 INFO    |  step: 29568000, eval/episode_success: 0.000 +/- 0.000
2026-02-14 11:46:08 INFO    |  step: 29568000, eval/episode_success_easy: 0.000 +/- 0.000
2026-02-14 11:46:08 INFO    |  step: 29568000, eval/episode_dist: 12245.507 +/- 0.000
2026-02-14 11:46:08 INFO    |  step: 29568000, eval/episode_success_any: 0.000 +/- 0.000
2026-02-14 11:46:08 INFO    |  step: 29568000, ep_eval/episode_reward: 0.000 +/- 0.000
2026-02-14 11:46:08 INFO    |  step: 29568000, ep_eval/episode_success: 0.000 +/- 0.000
2026-02-14 11:46:08 INFO    |  step: 29568000, ep_eval/episode_success_easy: 0.000 +/- 0.000
2026-02-14 11:46:08 INFO    |  step: 29568000, ep_eval/episode_dist: 12508.266 +/- 0.000
2026-02-14 11:46:08 INFO    |  step: 29568000, ep_eval/episode_success_any: 0.000 +/- 0.000
2026-02-14 11:46:08 INFO    |  step: 29568000, eval/episode_reward_ctrl: 0.000 +/- 0.000
2026-02-14 11:46:08 INFO    |  step: 29568000, eval/episode_reward_dist: 0.000 +/- 0.000
2026-02-14 11:46:08 INFO    |  step: 29568000, eval/episode_reward_near: 0.000 +/- 0.000
2026-02-14 11:46:08 INFO    |  step: 29568000, eval/episode_reward_survive: 0.000 +/- 0.000
2026-02-14 11:46:08 INFO    |  step: 29568000, eval/episode_success_hard: 0.000 +/- 0.000
2026-02-14 11:46:08 INFO    |  step: 29568000, ep_eval/episode_reward_ctrl: 0.000 +/- 0.000
2026-02-14 11:46:08 INFO    |  step: 29568000, ep_eval/episode_reward_dist: 0.000 +/- 0.000
2026-02-14 11:46:08 INFO    |  step: 29568000, ep_eval/episode_reward_near: 0.000 +/- 0.000
2026-02-14 11:46:08 INFO    |  step: 29568000, ep_eval/episode_reward_survive: 0.000 +/- 0.000
2026-02-14 11:46:08 INFO    |  step: 29568000, ep_eval/episode_success_hard: 0.000 +/- 0.000
2026-02-14 11:46:08 INFO    |  step: 29568000, training/actor_loss: 0.000 +/- 0.000
2026-02-14 11:46:08 INFO    |  step: 29568000, training/log_alpha: 0.000 +/- 0.000
2026-02-14 11:46:08 INFO    |  step: 29568000, training/alpha_loss: 0.000 +/- 0.000
2026-02-14 11:46:08 INFO    |  step: 29568000, training/critic_loss: 0.000 +/- 0.000
2026-02-14 11:46:08 INFO    |  step: 29568000, training/entropy: 0.000 +/- 0.000
2026-02-14 11:47:58 INFO    |  Visualization: collected_transitions shape: (2000, 256, 31), num_envs: 256
2026-02-14 11:47:58 INFO    |  Visualization: Raw collected_transitions has 256 unique trajectory IDs out of 512000 total transitions
2026-02-14 11:47:59 INFO    |  Visualization: processed_transitions shape: (1999, 256, 31)
2026-02-14 11:47:59 INFO    |  Visualization: Found 256 unique trajectory IDs out of 511744 total transitions
2026-02-14 11:47:59 INFO    |  Transition shapes: obs=(1999, 256, 31), traj_ids=(1999, 256), traj_ids_flat=(511744,)
2026-02-14 11:48:01 INFO    |  Plotted visualizations at env step 23040000.0
2026-02-14 11:48:07 INFO    |  Visualization: collected_transitions shape: (2000, 256, 31), num_envs: 256
2026-02-14 11:48:07 INFO    |  Visualization: Raw collected_transitions has 256 unique trajectory IDs out of 512000 total transitions
2026-02-14 11:48:08 INFO    |  Visualization: processed_transitions shape: (1999, 256, 31)
2026-02-14 11:48:08 INFO    |  Visualization: Found 256 unique trajectory IDs out of 511744 total transitions
2026-02-14 11:48:08 INFO    |  Transition shapes: obs=(1999, 256, 31), traj_ids=(1999, 256), traj_ids_flat=(511744,)
2026-02-14 11:48:10 INFO    |  Plotted visualizations at env step 23040000.0
2026-02-14 11:48:26 INFO    |  Visualization: collected_transitions shape: (1500, 256, 31), num_envs: 256
2026-02-14 11:48:26 INFO    |  Visualization: Raw collected_transitions has 256 unique trajectory IDs out of 384000 total transitions
2026-02-14 11:48:26 INFO    |  Visualization: processed_transitions shape: (1499, 256, 31)
2026-02-14 11:48:27 INFO    |  Visualization: Found 256 unique trajectory IDs out of 383744 total transitions
2026-02-14 11:48:27 INFO    |  Transition shapes: obs=(1499, 256, 31), traj_ids=(1499, 256), traj_ids_flat=(383744,)
2026-02-14 11:48:29 INFO    |  Plotted visualizations at env step 30336000.0
2026-02-14 11:48:40 INFO    |  step: 23040000
2026-02-14 11:48:40 INFO    |  step: 23040000, training/sps: 4085.717 +/- 0.000
2026-02-14 11:48:40 INFO    |  step: 23040000, training/ep_actor_loss: 0.003 +/- 0.000
2026-02-14 11:48:40 INFO    |  step: 23040000, training/ep_alpha_loss: -0.000 +/- 0.000
2026-02-14 11:48:40 INFO    |  step: 23040000, training/ep_categorical_accuracy: 0.004 +/- 0.000
2026-02-14 11:48:40 INFO    |  step: 23040000, training/ep_critic_loss: 8.619 +/- 0.000
2026-02-14 11:48:40 INFO    |  step: 23040000, training/ep_entropy: -4.000 +/- 0.000
2026-02-14 11:48:40 INFO    |  step: 23040000, training/ep_log_alpha: -8.330 +/- 0.000
2026-02-14 11:48:40 INFO    |  step: 23040000, training/ep_logits_neg: -0.001 +/- 0.000
2026-02-14 11:48:40 INFO    |  step: 23040000, training/ep_logits_pos: -0.001 +/- 0.000
2026-02-14 11:48:40 INFO    |  step: 23040000, training/ep_logsumexp: 5.544 +/- 0.000
2026-02-14 11:48:40 INFO    |  step: 23040000, training/gcp_actor_loss: 2.364 +/- 0.000
2026-02-14 11:48:40 INFO    |  step: 23040000, training/gcp_alpha_loss: 0.000 +/- 0.000
2026-02-14 11:48:40 INFO    |  step: 23040000, training/gcp_categorical_accuracy: 0.719 +/- 0.000
2026-02-14 11:48:40 INFO    |  step: 23040000, training/gcp_critic_loss: 1.270 +/- 0.000
2026-02-14 11:48:40 INFO    |  step: 23040000, training/gcp_entropy: -3.998 +/- 0.000
2026-02-14 11:48:40 INFO    |  step: 23040000, training/gcp_log_alpha: -2.511 +/- 0.000
2026-02-14 11:48:40 INFO    |  step: 23040000, training/gcp_logits_neg: -10.534 +/- 0.000
2026-02-14 11:48:40 INFO    |  step: 23040000, training/gcp_logits_pos: -1.920 +/- 0.000
2026-02-14 11:48:40 INFO    |  step: 23040000, training/gcp_logsumexp: -0.748 +/- 0.000
2026-02-14 11:48:40 INFO    |  step: 23040000, eval/episode_reward: 0.000 +/- 0.000
2026-02-14 11:48:40 INFO    |  step: 23040000, eval/episode_success: 0.000 +/- 0.000
2026-02-14 11:48:40 INFO    |  step: 23040000, eval/episode_success_easy: 0.000 +/- 0.000
2026-02-14 11:48:40 INFO    |  step: 23040000, eval/episode_dist: 32708.590 +/- 0.000
2026-02-14 11:48:40 INFO    |  step: 23040000, eval/episode_success_any: 0.000 +/- 0.000
2026-02-14 11:48:40 INFO    |  step: 23040000, ep_eval/episode_reward: 0.000 +/- 0.000
2026-02-14 11:48:40 INFO    |  step: 23040000, ep_eval/episode_success: 0.000 +/- 0.000
2026-02-14 11:48:40 INFO    |  step: 23040000, ep_eval/episode_success_easy: 0.000 +/- 0.000
2026-02-14 11:48:40 INFO    |  step: 23040000, ep_eval/episode_dist: 34748.211 +/- 0.000
2026-02-14 11:48:40 INFO    |  step: 23040000, ep_eval/episode_success_any: 0.000 +/- 0.000
2026-02-14 11:48:40 INFO    |  step: 23040000, eval/episode_reward_ctrl: 0.000 +/- 0.000
2026-02-14 11:48:40 INFO    |  step: 23040000, eval/episode_reward_dist: 0.000 +/- 0.000
2026-02-14 11:48:40 INFO    |  step: 23040000, eval/episode_reward_near: 0.000 +/- 0.000
2026-02-14 11:48:40 INFO    |  step: 23040000, eval/episode_reward_survive: 0.000 +/- 0.000
2026-02-14 11:48:40 INFO    |  step: 23040000, eval/episode_success_hard: 0.000 +/- 0.000
2026-02-14 11:48:40 INFO    |  step: 23040000, ep_eval/episode_reward_ctrl: 0.000 +/- 0.000
2026-02-14 11:48:40 INFO    |  step: 23040000, ep_eval/episode_reward_dist: 0.000 +/- 0.000
2026-02-14 11:48:40 INFO    |  step: 23040000, ep_eval/episode_reward_near: 0.000 +/- 0.000
2026-02-14 11:48:40 INFO    |  step: 23040000, ep_eval/episode_reward_survive: 0.000 +/- 0.000
2026-02-14 11:48:40 INFO    |  step: 23040000, ep_eval/episode_success_hard: 0.000 +/- 0.000
2026-02-14 11:48:40 INFO    |  step: 23040000, training/actor_loss: 0.000 +/- 0.000
2026-02-14 11:48:40 INFO    |  step: 23040000, training/log_alpha: 0.000 +/- 0.000
2026-02-14 11:48:40 INFO    |  step: 23040000, training/alpha_loss: 0.000 +/- 0.000
2026-02-14 11:48:40 INFO    |  step: 23040000, training/critic_loss: 0.000 +/- 0.000
2026-02-14 11:48:40 INFO    |  step: 23040000, training/entropy: 0.000 +/- 0.000
2026-02-14 11:48:49 INFO    |  step: 23040000
2026-02-14 11:48:49 INFO    |  step: 23040000, training/sps: 4091.924 +/- 0.000
2026-02-14 11:48:49 INFO    |  step: 23040000, training/ep_actor_loss: 0.003 +/- 0.000
2026-02-14 11:48:49 INFO    |  step: 23040000, training/ep_alpha_loss: -0.000 +/- 0.000
2026-02-14 11:48:49 INFO    |  step: 23040000, training/ep_categorical_accuracy: 0.004 +/- 0.000
2026-02-14 11:48:49 INFO    |  step: 23040000, training/ep_critic_loss: 8.619 +/- 0.000
2026-02-14 11:48:49 INFO    |  step: 23040000, training/ep_entropy: -4.000 +/- 0.000
2026-02-14 11:48:49 INFO    |  step: 23040000, training/ep_log_alpha: -8.330 +/- 0.000
2026-02-14 11:48:49 INFO    |  step: 23040000, training/ep_logits_neg: -0.001 +/- 0.000
2026-02-14 11:48:49 INFO    |  step: 23040000, training/ep_logits_pos: -0.001 +/- 0.000
2026-02-14 11:48:49 INFO    |  step: 23040000, training/ep_logsumexp: 5.544 +/- 0.000
2026-02-14 11:48:49 INFO    |  step: 23040000, training/gcp_actor_loss: 2.850 +/- 0.000
2026-02-14 11:48:49 INFO    |  step: 23040000, training/gcp_alpha_loss: -0.000 +/- 0.000
2026-02-14 11:48:49 INFO    |  step: 23040000, training/gcp_categorical_accuracy: 0.447 +/- 0.000
2026-02-14 11:48:49 INFO    |  step: 23040000, training/gcp_critic_loss: 2.551 +/- 0.000
2026-02-14 11:48:49 INFO    |  step: 23040000, training/gcp_entropy: -4.001 +/- 0.000
2026-02-14 11:48:49 INFO    |  step: 23040000, training/gcp_log_alpha: -4.496 +/- 0.000
2026-02-14 11:48:49 INFO    |  step: 23040000, training/gcp_logits_neg: -8.828 +/- 0.000
2026-02-14 11:48:49 INFO    |  step: 23040000, training/gcp_logits_pos: -3.080 +/- 0.000
2026-02-14 11:48:49 INFO    |  step: 23040000, training/gcp_logsumexp: -0.585 +/- 0.000
2026-02-14 11:48:49 INFO    |  step: 23040000, eval/episode_reward: 1.027 +/- 0.000
2026-02-14 11:48:49 INFO    |  step: 23040000, eval/episode_success: 1.027 +/- 0.000
2026-02-14 11:48:49 INFO    |  step: 23040000, eval/episode_success_easy: 7.266 +/- 0.000
2026-02-14 11:48:49 INFO    |  step: 23040000, eval/episode_dist: 32728.361 +/- 0.000
2026-02-14 11:48:49 INFO    |  step: 23040000, eval/episode_success_any: 0.004 +/- 0.000
2026-02-14 11:48:49 INFO    |  step: 23040000, ep_eval/episode_reward: 0.000 +/- 0.000
2026-02-14 11:48:49 INFO    |  step: 23040000, ep_eval/episode_success: 0.000 +/- 0.000
2026-02-14 11:48:49 INFO    |  step: 23040000, ep_eval/episode_success_easy: 0.000 +/- 0.000
2026-02-14 11:48:49 INFO    |  step: 23040000, ep_eval/episode_dist: 34747.820 +/- 0.000
2026-02-14 11:48:49 INFO    |  step: 23040000, ep_eval/episode_success_any: 0.000 +/- 0.000
2026-02-14 11:48:49 INFO    |  step: 23040000, eval/episode_reward_ctrl: 0.000 +/- 0.000
2026-02-14 11:48:49 INFO    |  step: 23040000, eval/episode_reward_dist: 0.000 +/- 0.000
2026-02-14 11:48:49 INFO    |  step: 23040000, eval/episode_reward_near: 0.000 +/- 0.000
2026-02-14 11:48:49 INFO    |  step: 23040000, eval/episode_reward_survive: 0.000 +/- 0.000
2026-02-14 11:48:49 INFO    |  step: 23040000, eval/episode_success_hard: 0.000 +/- 0.000
2026-02-14 11:48:49 INFO    |  step: 23040000, ep_eval/episode_reward_ctrl: 0.000 +/- 0.000
2026-02-14 11:48:49 INFO    |  step: 23040000, ep_eval/episode_reward_dist: 0.000 +/- 0.000
2026-02-14 11:48:49 INFO    |  step: 23040000, ep_eval/episode_reward_near: 0.000 +/- 0.000
2026-02-14 11:48:49 INFO    |  step: 23040000, ep_eval/episode_reward_survive: 0.000 +/- 0.000
2026-02-14 11:48:49 INFO    |  step: 23040000, ep_eval/episode_success_hard: 0.000 +/- 0.000
2026-02-14 11:48:49 INFO    |  step: 23040000, training/actor_loss: 0.000 +/- 0.000
2026-02-14 11:48:49 INFO    |  step: 23040000, training/log_alpha: 0.000 +/- 0.000
2026-02-14 11:48:49 INFO    |  step: 23040000, training/alpha_loss: 0.000 +/- 0.000
2026-02-14 11:48:49 INFO    |  step: 23040000, training/critic_loss: 0.000 +/- 0.000
2026-02-14 11:48:49 INFO    |  step: 23040000, training/entropy: 0.000 +/- 0.000
2026-02-14 11:48:50 INFO    |  step: 30336000
2026-02-14 11:48:50 INFO    |  step: 30336000, training/sps: 5422.228 +/- 0.000
2026-02-14 11:48:50 INFO    |  step: 30336000, training/ep_actor_loss: 0.003 +/- 0.000
2026-02-14 11:48:50 INFO    |  step: 30336000, training/ep_alpha_loss: 0.000 +/- 0.000
2026-02-14 11:48:50 INFO    |  step: 30336000, training/ep_categorical_accuracy: 0.004 +/- 0.000
2026-02-14 11:48:50 INFO    |  step: 30336000, training/ep_critic_loss: 8.619 +/- 0.000
2026-02-14 11:48:50 INFO    |  step: 30336000, training/ep_entropy: -4.000 +/- 0.000
2026-02-14 11:48:50 INFO    |  step: 30336000, training/ep_log_alpha: -8.330 +/- 0.000
2026-02-14 11:48:50 INFO    |  step: 30336000, training/ep_logits_neg: -0.001 +/- 0.000
2026-02-14 11:48:50 INFO    |  step: 30336000, training/ep_logits_pos: -0.001 +/- 0.000
2026-02-14 11:48:50 INFO    |  step: 30336000, training/ep_logsumexp: 5.544 +/- 0.000
2026-02-14 11:48:50 INFO    |  step: 30336000, training/gcp_actor_loss: 3.363 +/- 0.000
2026-02-14 11:48:50 INFO    |  step: 30336000, training/gcp_alpha_loss: 0.000 +/- 0.000
2026-02-14 11:48:50 INFO    |  step: 30336000, training/gcp_categorical_accuracy: 0.325 +/- 0.000
2026-02-14 11:48:50 INFO    |  step: 30336000, training/gcp_critic_loss: 3.270 +/- 0.000
2026-02-14 11:48:50 INFO    |  step: 30336000, training/gcp_entropy: -3.999 +/- 0.000
2026-02-14 11:48:50 INFO    |  step: 30336000, training/gcp_log_alpha: -4.620 +/- 0.000
2026-02-14 11:48:50 INFO    |  step: 30336000, training/gcp_logits_neg: -7.869 +/- 0.000
2026-02-14 11:48:50 INFO    |  step: 30336000, training/gcp_logits_pos: -3.589 +/- 0.000
2026-02-14 11:48:50 INFO    |  step: 30336000, training/gcp_logsumexp: -0.350 +/- 0.000
2026-02-14 11:48:50 INFO    |  step: 30336000, eval/episode_reward: 0.000 +/- 0.000
2026-02-14 11:48:50 INFO    |  step: 30336000, eval/episode_success: 0.000 +/- 0.000
2026-02-14 11:48:50 INFO    |  step: 30336000, eval/episode_success_easy: 14.855 +/- 0.000
2026-02-14 11:48:50 INFO    |  step: 30336000, eval/episode_dist: 12209.840 +/- 0.000
2026-02-14 11:48:50 INFO    |  step: 30336000, eval/episode_success_any: 0.000 +/- 0.000
2026-02-14 11:48:50 INFO    |  step: 30336000, ep_eval/episode_reward: 0.000 +/- 0.000
2026-02-14 11:48:50 INFO    |  step: 30336000, ep_eval/episode_success: 0.000 +/- 0.000
2026-02-14 11:48:50 INFO    |  step: 30336000, ep_eval/episode_success_easy: 0.000 +/- 0.000
2026-02-14 11:48:50 INFO    |  step: 30336000, ep_eval/episode_dist: 12209.645 +/- 0.000
2026-02-14 11:48:50 INFO    |  step: 30336000, ep_eval/episode_success_any: 0.000 +/- 0.000
2026-02-14 11:48:50 INFO    |  step: 30336000, eval/episode_reward_ctrl: 0.000 +/- 0.000
2026-02-14 11:48:50 INFO    |  step: 30336000, eval/episode_reward_dist: 0.000 +/- 0.000
2026-02-14 11:48:50 INFO    |  step: 30336000, eval/episode_reward_near: 0.000 +/- 0.000
2026-02-14 11:48:50 INFO    |  step: 30336000, eval/episode_reward_survive: 0.000 +/- 0.000
2026-02-14 11:48:50 INFO    |  step: 30336000, eval/episode_success_hard: 0.000 +/- 0.000
2026-02-14 11:48:50 INFO    |  step: 30336000, ep_eval/episode_reward_ctrl: 0.000 +/- 0.000
2026-02-14 11:48:50 INFO    |  step: 30336000, ep_eval/episode_reward_dist: 0.000 +/- 0.000
2026-02-14 11:48:50 INFO    |  step: 30336000, ep_eval/episode_reward_near: 0.000 +/- 0.000
2026-02-14 11:48:50 INFO    |  step: 30336000, ep_eval/episode_reward_survive: 0.000 +/- 0.000
2026-02-14 11:48:50 INFO    |  step: 30336000, ep_eval/episode_success_hard: 0.000 +/- 0.000
2026-02-14 11:48:50 INFO    |  step: 30336000, training/actor_loss: 0.000 +/- 0.000
2026-02-14 11:48:50 INFO    |  step: 30336000, training/log_alpha: 0.000 +/- 0.000
2026-02-14 11:48:50 INFO    |  step: 30336000, training/alpha_loss: 0.000 +/- 0.000
2026-02-14 11:48:50 INFO    |  step: 30336000, training/critic_loss: 0.000 +/- 0.000
2026-02-14 11:48:50 INFO    |  step: 30336000, training/entropy: 0.000 +/- 0.000
2026-02-14 11:51:09 INFO    |  Visualization: collected_transitions shape: (1500, 256, 31), num_envs: 256
2026-02-14 11:51:09 INFO    |  Visualization: Raw collected_transitions has 256 unique trajectory IDs out of 384000 total transitions
2026-02-14 11:51:09 INFO    |  Visualization: processed_transitions shape: (1499, 256, 31)
2026-02-14 11:51:10 INFO    |  Visualization: Found 256 unique trajectory IDs out of 383744 total transitions
2026-02-14 11:51:10 INFO    |  Transition shapes: obs=(1499, 256, 31), traj_ids=(1499, 256), traj_ids_flat=(383744,)
2026-02-14 11:51:12 INFO    |  Plotted visualizations at env step 31104000.0
2026-02-14 11:51:33 INFO    |  step: 31104000
2026-02-14 11:51:33 INFO    |  step: 31104000, training/sps: 5405.297 +/- 0.000
2026-02-14 11:51:33 INFO    |  step: 31104000, training/ep_actor_loss: 0.003 +/- 0.000
2026-02-14 11:51:33 INFO    |  step: 31104000, training/ep_alpha_loss: 0.000 +/- 0.000
2026-02-14 11:51:33 INFO    |  step: 31104000, training/ep_categorical_accuracy: 0.004 +/- 0.000
2026-02-14 11:51:33 INFO    |  step: 31104000, training/ep_critic_loss: 8.619 +/- 0.000
2026-02-14 11:51:33 INFO    |  step: 31104000, training/ep_entropy: -4.000 +/- 0.000
2026-02-14 11:51:33 INFO    |  step: 31104000, training/ep_log_alpha: -8.330 +/- 0.000
2026-02-14 11:51:33 INFO    |  step: 31104000, training/ep_logits_neg: -0.001 +/- 0.000
2026-02-14 11:51:33 INFO    |  step: 31104000, training/ep_logits_pos: -0.001 +/- 0.000
2026-02-14 11:51:33 INFO    |  step: 31104000, training/ep_logsumexp: 5.544 +/- 0.000
2026-02-14 11:51:33 INFO    |  step: 31104000, training/gcp_actor_loss: 3.441 +/- 0.000
2026-02-14 11:51:33 INFO    |  step: 31104000, training/gcp_alpha_loss: 0.000 +/- 0.000
2026-02-14 11:51:33 INFO    |  step: 31104000, training/gcp_categorical_accuracy: 0.313 +/- 0.000
2026-02-14 11:51:33 INFO    |  step: 31104000, training/gcp_critic_loss: 3.345 +/- 0.000
2026-02-14 11:51:33 INFO    |  step: 31104000, training/gcp_entropy: -4.000 +/- 0.000
2026-02-14 11:51:33 INFO    |  step: 31104000, training/gcp_log_alpha: -4.671 +/- 0.000
2026-02-14 11:51:33 INFO    |  step: 31104000, training/gcp_logits_neg: -7.724 +/- 0.000
2026-02-14 11:51:33 INFO    |  step: 31104000, training/gcp_logits_pos: -3.661 +/- 0.000
2026-02-14 11:51:33 INFO    |  step: 31104000, training/gcp_logsumexp: -0.345 +/- 0.000
2026-02-14 11:51:33 INFO    |  step: 31104000, eval/episode_reward: 0.000 +/- 0.000
2026-02-14 11:51:33 INFO    |  step: 31104000, eval/episode_success: 0.000 +/- 0.000
2026-02-14 11:51:33 INFO    |  step: 31104000, eval/episode_success_easy: 0.273 +/- 0.000
2026-02-14 11:51:33 INFO    |  step: 31104000, eval/episode_dist: 12036.405 +/- 0.000
2026-02-14 11:51:33 INFO    |  step: 31104000, eval/episode_success_any: 0.000 +/- 0.000
2026-02-14 11:51:33 INFO    |  step: 31104000, ep_eval/episode_reward: 0.000 +/- 0.000
2026-02-14 11:51:33 INFO    |  step: 31104000, ep_eval/episode_success: 0.000 +/- 0.000
2026-02-14 11:51:33 INFO    |  step: 31104000, ep_eval/episode_success_easy: 0.000 +/- 0.000
2026-02-14 11:51:33 INFO    |  step: 31104000, ep_eval/episode_dist: 12348.324 +/- 0.000
2026-02-14 11:51:33 INFO    |  step: 31104000, ep_eval/episode_success_any: 0.000 +/- 0.000
2026-02-14 11:51:33 INFO    |  step: 31104000, eval/episode_reward_ctrl: 0.000 +/- 0.000
2026-02-14 11:51:33 INFO    |  step: 31104000, eval/episode_reward_dist: 0.000 +/- 0.000
2026-02-14 11:51:33 INFO    |  step: 31104000, eval/episode_reward_near: 0.000 +/- 0.000
2026-02-14 11:51:33 INFO    |  step: 31104000, eval/episode_reward_survive: 0.000 +/- 0.000
2026-02-14 11:51:33 INFO    |  step: 31104000, eval/episode_success_hard: 0.000 +/- 0.000
2026-02-14 11:51:33 INFO    |  step: 31104000, ep_eval/episode_reward_ctrl: 0.000 +/- 0.000
2026-02-14 11:51:33 INFO    |  step: 31104000, ep_eval/episode_reward_dist: 0.000 +/- 0.000
2026-02-14 11:51:33 INFO    |  step: 31104000, ep_eval/episode_reward_near: 0.000 +/- 0.000
2026-02-14 11:51:33 INFO    |  step: 31104000, ep_eval/episode_reward_survive: 0.000 +/- 0.000
2026-02-14 11:51:33 INFO    |  step: 31104000, ep_eval/episode_success_hard: 0.000 +/- 0.000
2026-02-14 11:51:33 INFO    |  step: 31104000, training/actor_loss: 0.000 +/- 0.000
2026-02-14 11:51:33 INFO    |  step: 31104000, training/log_alpha: 0.000 +/- 0.000
2026-02-14 11:51:33 INFO    |  step: 31104000, training/alpha_loss: 0.000 +/- 0.000
2026-02-14 11:51:33 INFO    |  step: 31104000, training/critic_loss: 0.000 +/- 0.000
2026-02-14 11:51:33 INFO    |  step: 31104000, training/entropy: 0.000 +/- 0.000
2026-02-14 11:52:47 INFO    |  Visualization: collected_transitions shape: (2000, 256, 31), num_envs: 256
2026-02-14 11:52:47 INFO    |  Visualization: Raw collected_transitions has 256 unique trajectory IDs out of 512000 total transitions
2026-02-14 11:52:48 INFO    |  Visualization: processed_transitions shape: (1999, 256, 31)
2026-02-14 11:52:48 INFO    |  Visualization: Found 256 unique trajectory IDs out of 511744 total transitions
2026-02-14 11:52:48 INFO    |  Transition shapes: obs=(1999, 256, 31), traj_ids=(1999, 256), traj_ids_flat=(511744,)
2026-02-14 11:52:50 INFO    |  Plotted visualizations at env step 24064000.0
2026-02-14 11:52:57 INFO    |  Visualization: collected_transitions shape: (2000, 256, 31), num_envs: 256
2026-02-14 11:52:57 INFO    |  Visualization: Raw collected_transitions has 256 unique trajectory IDs out of 512000 total transitions
2026-02-14 11:52:58 INFO    |  Visualization: processed_transitions shape: (1999, 256, 31)
2026-02-14 11:52:58 INFO    |  Visualization: Found 256 unique trajectory IDs out of 511744 total transitions
2026-02-14 11:52:58 INFO    |  Transition shapes: obs=(1999, 256, 31), traj_ids=(1999, 256), traj_ids_flat=(511744,)
2026-02-14 11:53:01 INFO    |  Plotted visualizations at env step 24064000.0
2026-02-14 11:53:29 INFO    |  step: 24064000
2026-02-14 11:53:29 INFO    |  step: 24064000, training/sps: 4084.476 +/- 0.000
2026-02-14 11:53:29 INFO    |  step: 24064000, training/ep_actor_loss: 0.003 +/- 0.000
2026-02-14 11:53:29 INFO    |  step: 24064000, training/ep_alpha_loss: -0.000 +/- 0.000
2026-02-14 11:53:29 INFO    |  step: 24064000, training/ep_categorical_accuracy: 0.004 +/- 0.000
2026-02-14 11:53:29 INFO    |  step: 24064000, training/ep_critic_loss: 8.619 +/- 0.000
2026-02-14 11:53:29 INFO    |  step: 24064000, training/ep_entropy: -4.000 +/- 0.000
2026-02-14 11:53:29 INFO    |  step: 24064000, training/ep_log_alpha: -8.330 +/- 0.000
2026-02-14 11:53:29 INFO    |  step: 24064000, training/ep_logits_neg: -0.001 +/- 0.000
2026-02-14 11:53:29 INFO    |  step: 24064000, training/ep_logits_pos: -0.001 +/- 0.000
2026-02-14 11:53:29 INFO    |  step: 24064000, training/ep_logsumexp: 5.544 +/- 0.000
2026-02-14 11:53:29 INFO    |  step: 24064000, training/gcp_actor_loss: 2.176 +/- 0.000
2026-02-14 11:53:29 INFO    |  step: 24064000, training/gcp_alpha_loss: 0.000 +/- 0.000
2026-02-14 11:53:29 INFO    |  step: 24064000, training/gcp_categorical_accuracy: 0.695 +/- 0.000
2026-02-14 11:53:29 INFO    |  step: 24064000, training/gcp_critic_loss: 1.399 +/- 0.000
2026-02-14 11:53:29 INFO    |  step: 24064000, training/gcp_entropy: -3.995 +/- 0.000
2026-02-14 11:53:29 INFO    |  step: 24064000, training/gcp_log_alpha: -3.050 +/- 0.000
2026-02-14 11:53:29 INFO    |  step: 24064000, training/gcp_logits_neg: -10.151 +/- 0.000
2026-02-14 11:53:29 INFO    |  step: 24064000, training/gcp_logits_pos: -2.002 +/- 0.000
2026-02-14 11:53:29 INFO    |  step: 24064000, training/gcp_logsumexp: -0.691 +/- 0.000
2026-02-14 11:53:29 INFO    |  step: 24064000, eval/episode_reward: 0.000 +/- 0.000
2026-02-14 11:53:29 INFO    |  step: 24064000, eval/episode_success: 0.000 +/- 0.000
2026-02-14 11:53:29 INFO    |  step: 24064000, eval/episode_success_easy: 0.000 +/- 0.000
2026-02-14 11:53:29 INFO    |  step: 24064000, eval/episode_dist: 33663.723 +/- 0.000
2026-02-14 11:53:29 INFO    |  step: 24064000, eval/episode_success_any: 0.000 +/- 0.000
2026-02-14 11:53:29 INFO    |  step: 24064000, ep_eval/episode_reward: 0.000 +/- 0.000
2026-02-14 11:53:29 INFO    |  step: 24064000, ep_eval/episode_success: 0.000 +/- 0.000
2026-02-14 11:53:29 INFO    |  step: 24064000, ep_eval/episode_success_easy: 0.000 +/- 0.000
2026-02-14 11:53:29 INFO    |  step: 24064000, ep_eval/episode_dist: 32801.176 +/- 0.000
2026-02-14 11:53:29 INFO    |  step: 24064000, ep_eval/episode_success_any: 0.000 +/- 0.000
2026-02-14 11:53:29 INFO    |  step: 24064000, eval/episode_reward_ctrl: 0.000 +/- 0.000
2026-02-14 11:53:29 INFO    |  step: 24064000, eval/episode_reward_dist: 0.000 +/- 0.000
2026-02-14 11:53:29 INFO    |  step: 24064000, eval/episode_reward_near: 0.000 +/- 0.000
2026-02-14 11:53:29 INFO    |  step: 24064000, eval/episode_reward_survive: 0.000 +/- 0.000
2026-02-14 11:53:29 INFO    |  step: 24064000, eval/episode_success_hard: 0.000 +/- 0.000
2026-02-14 11:53:29 INFO    |  step: 24064000, ep_eval/episode_reward_ctrl: 0.000 +/- 0.000
2026-02-14 11:53:29 INFO    |  step: 24064000, ep_eval/episode_reward_dist: 0.000 +/- 0.000
2026-02-14 11:53:29 INFO    |  step: 24064000, ep_eval/episode_reward_near: 0.000 +/- 0.000
2026-02-14 11:53:29 INFO    |  step: 24064000, ep_eval/episode_reward_survive: 0.000 +/- 0.000
2026-02-14 11:53:29 INFO    |  step: 24064000, ep_eval/episode_success_hard: 0.000 +/- 0.000
2026-02-14 11:53:29 INFO    |  step: 24064000, training/actor_loss: 0.000 +/- 0.000
2026-02-14 11:53:29 INFO    |  step: 24064000, training/log_alpha: 0.000 +/- 0.000
2026-02-14 11:53:29 INFO    |  step: 24064000, training/alpha_loss: 0.000 +/- 0.000
2026-02-14 11:53:29 INFO    |  step: 24064000, training/critic_loss: 0.000 +/- 0.000
2026-02-14 11:53:29 INFO    |  step: 24064000, training/entropy: 0.000 +/- 0.000
2026-02-14 11:53:39 INFO    |  step: 24064000
2026-02-14 11:53:39 INFO    |  step: 24064000, training/sps: 4069.396 +/- 0.000
2026-02-14 11:53:39 INFO    |  step: 24064000, training/ep_actor_loss: 0.003 +/- 0.000
2026-02-14 11:53:39 INFO    |  step: 24064000, training/ep_alpha_loss: -0.000 +/- 0.000
2026-02-14 11:53:39 INFO    |  step: 24064000, training/ep_categorical_accuracy: 0.004 +/- 0.000
2026-02-14 11:53:39 INFO    |  step: 24064000, training/ep_critic_loss: 8.619 +/- 0.000
2026-02-14 11:53:39 INFO    |  step: 24064000, training/ep_entropy: -4.000 +/- 0.000
2026-02-14 11:53:39 INFO    |  step: 24064000, training/ep_log_alpha: -8.330 +/- 0.000
2026-02-14 11:53:39 INFO    |  step: 24064000, training/ep_logits_neg: -0.001 +/- 0.000
2026-02-14 11:53:39 INFO    |  step: 24064000, training/ep_logits_pos: -0.001 +/- 0.000
2026-02-14 11:53:39 INFO    |  step: 24064000, training/ep_logsumexp: 5.544 +/- 0.000
2026-02-14 11:53:39 INFO    |  step: 24064000, training/gcp_actor_loss: 2.831 +/- 0.000
2026-02-14 11:53:39 INFO    |  step: 24064000, training/gcp_alpha_loss: 0.000 +/- 0.000
2026-02-14 11:53:39 INFO    |  step: 24064000, training/gcp_categorical_accuracy: 0.455 +/- 0.000
2026-02-14 11:53:39 INFO    |  step: 24064000, training/gcp_critic_loss: 2.514 +/- 0.000
2026-02-14 11:53:39 INFO    |  step: 24064000, training/gcp_entropy: -4.000 +/- 0.000
2026-02-14 11:53:39 INFO    |  step: 24064000, training/gcp_log_alpha: -4.486 +/- 0.000
2026-02-14 11:53:39 INFO    |  step: 24064000, training/gcp_logits_neg: -8.876 +/- 0.000
2026-02-14 11:53:39 INFO    |  step: 24064000, training/gcp_logits_pos: -3.058 +/- 0.000
2026-02-14 11:53:39 INFO    |  step: 24064000, training/gcp_logsumexp: -0.603 +/- 0.000
2026-02-14 11:53:39 INFO    |  step: 24064000, eval/episode_reward: 0.000 +/- 0.000
2026-02-14 11:53:39 INFO    |  step: 24064000, eval/episode_success: 0.000 +/- 0.000
2026-02-14 11:53:39 INFO    |  step: 24064000, eval/episode_success_easy: 0.000 +/- 0.000
2026-02-14 11:53:39 INFO    |  step: 24064000, eval/episode_dist: 33239.422 +/- 0.000
2026-02-14 11:53:39 INFO    |  step: 24064000, eval/episode_success_any: 0.000 +/- 0.000
2026-02-14 11:53:39 INFO    |  step: 24064000, ep_eval/episode_reward: 0.000 +/- 0.000
2026-02-14 11:53:39 INFO    |  step: 24064000, ep_eval/episode_success: 0.000 +/- 0.000
2026-02-14 11:53:39 INFO    |  step: 24064000, ep_eval/episode_success_easy: 0.000 +/- 0.000
2026-02-14 11:53:39 INFO    |  step: 24064000, ep_eval/episode_dist: 32801.594 +/- 0.000
2026-02-14 11:53:39 INFO    |  step: 24064000, ep_eval/episode_success_any: 0.000 +/- 0.000
2026-02-14 11:53:39 INFO    |  step: 24064000, eval/episode_reward_ctrl: 0.000 +/- 0.000
2026-02-14 11:53:39 INFO    |  step: 24064000, eval/episode_reward_dist: 0.000 +/- 0.000
2026-02-14 11:53:39 INFO    |  step: 24064000, eval/episode_reward_near: 0.000 +/- 0.000
2026-02-14 11:53:39 INFO    |  step: 24064000, eval/episode_reward_survive: 0.000 +/- 0.000
2026-02-14 11:53:39 INFO    |  step: 24064000, eval/episode_success_hard: 0.000 +/- 0.000
2026-02-14 11:53:39 INFO    |  step: 24064000, ep_eval/episode_reward_ctrl: 0.000 +/- 0.000
2026-02-14 11:53:39 INFO    |  step: 24064000, ep_eval/episode_reward_dist: 0.000 +/- 0.000
2026-02-14 11:53:39 INFO    |  step: 24064000, ep_eval/episode_reward_near: 0.000 +/- 0.000
2026-02-14 11:53:39 INFO    |  step: 24064000, ep_eval/episode_reward_survive: 0.000 +/- 0.000
2026-02-14 11:53:39 INFO    |  step: 24064000, ep_eval/episode_success_hard: 0.000 +/- 0.000
2026-02-14 11:53:39 INFO    |  step: 24064000, training/actor_loss: 0.000 +/- 0.000
2026-02-14 11:53:39 INFO    |  step: 24064000, training/log_alpha: 0.000 +/- 0.000
2026-02-14 11:53:39 INFO    |  step: 24064000, training/alpha_loss: 0.000 +/- 0.000
2026-02-14 11:53:39 INFO    |  step: 24064000, training/critic_loss: 0.000 +/- 0.000
2026-02-14 11:53:39 INFO    |  step: 24064000, training/entropy: 0.000 +/- 0.000
2026-02-14 11:53:51 INFO    |  Visualization: collected_transitions shape: (1500, 256, 31), num_envs: 256
2026-02-14 11:53:51 INFO    |  Visualization: Raw collected_transitions has 256 unique trajectory IDs out of 384000 total transitions
2026-02-14 11:53:51 INFO    |  Visualization: processed_transitions shape: (1499, 256, 31)
2026-02-14 11:53:52 INFO    |  Visualization: Found 256 unique trajectory IDs out of 383744 total transitions
2026-02-14 11:53:52 INFO    |  Transition shapes: obs=(1499, 256, 31), traj_ids=(1499, 256), traj_ids_flat=(383744,)
2026-02-14 11:53:54 INFO    |  Plotted visualizations at env step 31872000.0
2026-02-14 11:54:15 INFO    |  step: 31872000
2026-02-14 11:54:17 INFO    |  actor input shape: (1, 31)
2026-02-14 11:54:48 INFO    |  step: 31872000, training/sps: 5438.259 +/- 0.000
2026-02-14 11:54:48 INFO    |  step: 31872000, training/ep_actor_loss: 0.003 +/- 0.000
2026-02-14 11:54:48 INFO    |  step: 31872000, training/ep_alpha_loss: -0.000 +/- 0.000
2026-02-14 11:54:48 INFO    |  step: 31872000, training/ep_categorical_accuracy: 0.004 +/- 0.000
2026-02-14 11:54:48 INFO    |  step: 31872000, training/ep_critic_loss: 8.619 +/- 0.000
2026-02-14 11:54:48 INFO    |  step: 31872000, training/ep_entropy: -4.000 +/- 0.000
2026-02-14 11:54:48 INFO    |  step: 31872000, training/ep_log_alpha: -8.330 +/- 0.000
2026-02-14 11:54:48 INFO    |  step: 31872000, training/ep_logits_neg: -0.001 +/- 0.000
2026-02-14 11:54:48 INFO    |  step: 31872000, training/ep_logits_pos: -0.001 +/- 0.000
2026-02-14 11:54:48 INFO    |  step: 31872000, training/ep_logsumexp: 5.544 +/- 0.000
2026-02-14 11:54:48 INFO    |  step: 31872000, training/gcp_actor_loss: 3.610 +/- 0.000
2026-02-14 11:54:48 INFO    |  step: 31872000, training/gcp_alpha_loss: 0.000 +/- 0.000
2026-02-14 11:54:48 INFO    |  step: 31872000, training/gcp_categorical_accuracy: 0.292 +/- 0.000
2026-02-14 11:54:48 INFO    |  step: 31872000, training/gcp_critic_loss: 3.541 +/- 0.000
2026-02-14 11:54:48 INFO    |  step: 31872000, training/gcp_entropy: -3.999 +/- 0.000
2026-02-14 11:54:48 INFO    |  step: 31872000, training/gcp_log_alpha: -4.726 +/- 0.000
2026-02-14 11:54:48 INFO    |  step: 31872000, training/gcp_logits_neg: -7.698 +/- 0.000
2026-02-14 11:54:48 INFO    |  step: 31872000, training/gcp_logits_pos: -3.831 +/- 0.000
2026-02-14 11:54:48 INFO    |  step: 31872000, training/gcp_logsumexp: -0.317 +/- 0.000
2026-02-14 11:54:48 INFO    |  step: 31872000, eval/episode_reward: 0.113 +/- 0.000
2026-02-14 11:54:48 INFO    |  step: 31872000, eval/episode_success: 0.113 +/- 0.000
2026-02-14 11:54:48 INFO    |  step: 31872000, eval/episode_success_easy: 31.652 +/- 0.000
2026-02-14 11:54:48 INFO    |  step: 31872000, eval/episode_dist: 11775.710 +/- 0.000
2026-02-14 11:54:48 INFO    |  step: 31872000, eval/episode_success_any: 0.008 +/- 0.000
2026-02-14 11:54:48 INFO    |  step: 31872000, ep_eval/episode_reward: 0.000 +/- 0.000
2026-02-14 11:54:48 INFO    |  step: 31872000, ep_eval/episode_success: 0.000 +/- 0.000
2026-02-14 11:54:48 INFO    |  step: 31872000, ep_eval/episode_success_easy: 0.000 +/- 0.000
2026-02-14 11:54:48 INFO    |  step: 31872000, ep_eval/episode_dist: 12316.822 +/- 0.000
2026-02-14 11:54:48 INFO    |  step: 31872000, ep_eval/episode_success_any: 0.000 +/- 0.000
2026-02-14 11:54:48 INFO    |  step: 31872000, eval/episode_reward_ctrl: 0.000 +/- 0.000
2026-02-14 11:54:48 INFO    |  step: 31872000, eval/episode_reward_dist: 0.000 +/- 0.000
2026-02-14 11:54:48 INFO    |  step: 31872000, eval/episode_reward_near: 0.000 +/- 0.000
2026-02-14 11:54:48 INFO    |  step: 31872000, eval/episode_reward_survive: 0.000 +/- 0.000
2026-02-14 11:54:48 INFO    |  step: 31872000, eval/episode_success_hard: 0.000 +/- 0.000
2026-02-14 11:54:48 INFO    |  step: 31872000, ep_eval/episode_reward_ctrl: 0.000 +/- 0.000
2026-02-14 11:54:48 INFO    |  step: 31872000, ep_eval/episode_reward_dist: 0.000 +/- 0.000
2026-02-14 11:54:48 INFO    |  step: 31872000, ep_eval/episode_reward_near: 0.000 +/- 0.000
2026-02-14 11:54:48 INFO    |  step: 31872000, ep_eval/episode_reward_survive: 0.000 +/- 0.000
2026-02-14 11:54:48 INFO    |  step: 31872000, ep_eval/episode_success_hard: 0.000 +/- 0.000
2026-02-14 11:54:48 INFO    |  step: 31872000, training/actor_loss: 0.000 +/- 0.000
2026-02-14 11:54:48 INFO    |  step: 31872000, training/log_alpha: 0.000 +/- 0.000
2026-02-14 11:54:48 INFO    |  step: 31872000, training/alpha_loss: 0.000 +/- 0.000
2026-02-14 11:54:48 INFO    |  step: 31872000, training/critic_loss: 0.000 +/- 0.000
2026-02-14 11:54:48 INFO    |  step: 31872000, training/entropy: 0.000 +/- 0.000
2026-02-14 11:57:05 INFO    |  Visualization: collected_transitions shape: (1500, 256, 31), num_envs: 256
2026-02-14 11:57:05 INFO    |  Visualization: Raw collected_transitions has 256 unique trajectory IDs out of 384000 total transitions
2026-02-14 11:57:05 INFO    |  Visualization: processed_transitions shape: (1499, 256, 31)
2026-02-14 11:57:06 INFO    |  Visualization: Found 256 unique trajectory IDs out of 383744 total transitions
2026-02-14 11:57:06 INFO    |  Transition shapes: obs=(1499, 256, 31), traj_ids=(1499, 256), traj_ids_flat=(383744,)
2026-02-14 11:57:08 INFO    |  Plotted visualizations at env step 32640000.0
2026-02-14 11:57:29 INFO    |  step: 32640000
2026-02-14 11:57:29 INFO    |  step: 32640000, training/sps: 5472.259 +/- 0.000
2026-02-14 11:57:29 INFO    |  step: 32640000, training/ep_actor_loss: 0.003 +/- 0.000
2026-02-14 11:57:29 INFO    |  step: 32640000, training/ep_alpha_loss: 0.000 +/- 0.000
2026-02-14 11:57:29 INFO    |  step: 32640000, training/ep_categorical_accuracy: 0.004 +/- 0.000
2026-02-14 11:57:29 INFO    |  step: 32640000, training/ep_critic_loss: 8.619 +/- 0.000
2026-02-14 11:57:29 INFO    |  step: 32640000, training/ep_entropy: -4.000 +/- 0.000
2026-02-14 11:57:29 INFO    |  step: 32640000, training/ep_log_alpha: -8.330 +/- 0.000
2026-02-14 11:57:29 INFO    |  step: 32640000, training/ep_logits_neg: -0.001 +/- 0.000
2026-02-14 11:57:29 INFO    |  step: 32640000, training/ep_logits_pos: -0.001 +/- 0.000
2026-02-14 11:57:29 INFO    |  step: 32640000, training/ep_logsumexp: 5.544 +/- 0.000
2026-02-14 11:57:29 INFO    |  step: 32640000, training/gcp_actor_loss: 3.607 +/- 0.000
2026-02-14 11:57:29 INFO    |  step: 32640000, training/gcp_alpha_loss: 0.000 +/- 0.000
2026-02-14 11:57:29 INFO    |  step: 32640000, training/gcp_categorical_accuracy: 0.274 +/- 0.000
2026-02-14 11:57:29 INFO    |  step: 32640000, training/gcp_critic_loss: 3.554 +/- 0.000
2026-02-14 11:57:29 INFO    |  step: 32640000, training/gcp_entropy: -3.998 +/- 0.000
2026-02-14 11:57:29 INFO    |  step: 32640000, training/gcp_log_alpha: -4.852 +/- 0.000
2026-02-14 11:57:29 INFO    |  step: 32640000, training/gcp_logits_neg: -7.524 +/- 0.000
2026-02-14 11:57:29 INFO    |  step: 32640000, training/gcp_logits_pos: -3.819 +/- 0.000
2026-02-14 11:57:29 INFO    |  step: 32640000, training/gcp_logsumexp: -0.290 +/- 0.000
2026-02-14 11:57:29 INFO    |  step: 32640000, eval/episode_reward: 8.504 +/- 0.000
2026-02-14 11:57:29 INFO    |  step: 32640000, eval/episode_success: 8.504 +/- 0.000
2026-02-14 11:57:29 INFO    |  step: 32640000, eval/episode_success_easy: 85.660 +/- 0.000
2026-02-14 11:57:29 INFO    |  step: 32640000, eval/episode_dist: 11872.494 +/- 0.000
2026-02-14 11:57:29 INFO    |  step: 32640000, eval/episode_success_any: 0.023 +/- 0.000
2026-02-14 11:57:29 INFO    |  step: 32640000, ep_eval/episode_reward: 0.000 +/- 0.000
2026-02-14 11:57:29 INFO    |  step: 32640000, ep_eval/episode_success: 0.000 +/- 0.000
2026-02-14 11:57:29 INFO    |  step: 32640000, ep_eval/episode_success_easy: 0.000 +/- 0.000
2026-02-14 11:57:29 INFO    |  step: 32640000, ep_eval/episode_dist: 12223.981 +/- 0.000
2026-02-14 11:57:29 INFO    |  step: 32640000, ep_eval/episode_success_any: 0.000 +/- 0.000
2026-02-14 11:57:29 INFO    |  step: 32640000, eval/episode_reward_ctrl: 0.000 +/- 0.000
2026-02-14 11:57:29 INFO    |  step: 32640000, eval/episode_reward_dist: 0.000 +/- 0.000
2026-02-14 11:57:29 INFO    |  step: 32640000, eval/episode_reward_near: 0.000 +/- 0.000
2026-02-14 11:57:29 INFO    |  step: 32640000, eval/episode_reward_survive: 0.000 +/- 0.000
2026-02-14 11:57:29 INFO    |  step: 32640000, eval/episode_success_hard: 0.000 +/- 0.000
2026-02-14 11:57:29 INFO    |  step: 32640000, ep_eval/episode_reward_ctrl: 0.000 +/- 0.000
2026-02-14 11:57:29 INFO    |  step: 32640000, ep_eval/episode_reward_dist: 0.000 +/- 0.000
2026-02-14 11:57:29 INFO    |  step: 32640000, ep_eval/episode_reward_near: 0.000 +/- 0.000
2026-02-14 11:57:29 INFO    |  step: 32640000, ep_eval/episode_reward_survive: 0.000 +/- 0.000
2026-02-14 11:57:29 INFO    |  step: 32640000, ep_eval/episode_success_hard: 0.000 +/- 0.000
2026-02-14 11:57:29 INFO    |  step: 32640000, training/actor_loss: 0.000 +/- 0.000
2026-02-14 11:57:29 INFO    |  step: 32640000, training/log_alpha: 0.000 +/- 0.000
2026-02-14 11:57:29 INFO    |  step: 32640000, training/alpha_loss: 0.000 +/- 0.000
2026-02-14 11:57:29 INFO    |  step: 32640000, training/critic_loss: 0.000 +/- 0.000
2026-02-14 11:57:29 INFO    |  step: 32640000, training/entropy: 0.000 +/- 0.000
2026-02-14 11:57:35 INFO    |  Visualization: collected_transitions shape: (2000, 256, 31), num_envs: 256
2026-02-14 11:57:35 INFO    |  Visualization: Raw collected_transitions has 256 unique trajectory IDs out of 512000 total transitions
2026-02-14 11:57:36 INFO    |  Visualization: processed_transitions shape: (1999, 256, 31)
2026-02-14 11:57:37 INFO    |  Visualization: Found 256 unique trajectory IDs out of 511744 total transitions
2026-02-14 11:57:37 INFO    |  Transition shapes: obs=(1999, 256, 31), traj_ids=(1999, 256), traj_ids_flat=(511744,)
2026-02-14 11:57:39 INFO    |  Plotted visualizations at env step 25088000.0
2026-02-14 11:57:47 INFO    |  Visualization: collected_transitions shape: (2000, 256, 31), num_envs: 256
2026-02-14 11:57:47 INFO    |  Visualization: Raw collected_transitions has 256 unique trajectory IDs out of 512000 total transitions
2026-02-14 11:57:48 INFO    |  Visualization: processed_transitions shape: (1999, 256, 31)
2026-02-14 11:57:49 INFO    |  Visualization: Found 256 unique trajectory IDs out of 511744 total transitions
2026-02-14 11:57:49 INFO    |  Transition shapes: obs=(1999, 256, 31), traj_ids=(1999, 256), traj_ids_flat=(511744,)
2026-02-14 11:57:51 INFO    |  Plotted visualizations at env step 25088000.0
2026-02-14 11:58:17 INFO    |  step: 25088000
2026-02-14 11:58:17 INFO    |  step: 25088000, training/sps: 4090.207 +/- 0.000
2026-02-14 11:58:17 INFO    |  step: 25088000, training/ep_actor_loss: 0.003 +/- 0.000
2026-02-14 11:58:17 INFO    |  step: 25088000, training/ep_alpha_loss: 0.000 +/- 0.000
2026-02-14 11:58:17 INFO    |  step: 25088000, training/ep_categorical_accuracy: 0.004 +/- 0.000
2026-02-14 11:58:17 INFO    |  step: 25088000, training/ep_critic_loss: 8.619 +/- 0.000
2026-02-14 11:58:17 INFO    |  step: 25088000, training/ep_entropy: -4.000 +/- 0.000
2026-02-14 11:58:17 INFO    |  step: 25088000, training/ep_log_alpha: -8.330 +/- 0.000
2026-02-14 11:58:17 INFO    |  step: 25088000, training/ep_logits_neg: -0.001 +/- 0.000
2026-02-14 11:58:17 INFO    |  step: 25088000, training/ep_logits_pos: -0.001 +/- 0.000
2026-02-14 11:58:17 INFO    |  step: 25088000, training/ep_logsumexp: 5.544 +/- 0.000
2026-02-14 11:58:17 INFO    |  step: 25088000, training/gcp_actor_loss: 2.111 +/- 0.000
2026-02-14 11:58:17 INFO    |  step: 25088000, training/gcp_alpha_loss: 0.000 +/- 0.000
2026-02-14 11:58:17 INFO    |  step: 25088000, training/gcp_categorical_accuracy: 0.656 +/- 0.000
2026-02-14 11:58:17 INFO    |  step: 25088000, training/gcp_critic_loss: 1.587 +/- 0.000
2026-02-14 11:58:17 INFO    |  step: 25088000, training/gcp_entropy: -3.998 +/- 0.000
2026-02-14 11:58:17 INFO    |  step: 25088000, training/gcp_log_alpha: -3.505 +/- 0.000
2026-02-14 11:58:17 INFO    |  step: 25088000, training/gcp_logits_neg: -9.892 +/- 0.000
2026-02-14 11:58:17 INFO    |  step: 25088000, training/gcp_logits_pos: -2.109 +/- 0.000
2026-02-14 11:58:17 INFO    |  step: 25088000, training/gcp_logsumexp: -0.596 +/- 0.000
2026-02-14 11:58:17 INFO    |  step: 25088000, eval/episode_reward: 0.000 +/- 0.000
2026-02-14 11:58:17 INFO    |  step: 25088000, eval/episode_success: 0.000 +/- 0.000
2026-02-14 11:58:17 INFO    |  step: 25088000, eval/episode_success_easy: 0.000 +/- 0.000
2026-02-14 11:58:17 INFO    |  step: 25088000, eval/episode_dist: 33336.039 +/- 0.000
2026-02-14 11:58:17 INFO    |  step: 25088000, eval/episode_success_any: 0.000 +/- 0.000
2026-02-14 11:58:17 INFO    |  step: 25088000, ep_eval/episode_reward: 0.000 +/- 0.000
2026-02-14 11:58:17 INFO    |  step: 25088000, ep_eval/episode_success: 0.000 +/- 0.000
2026-02-14 11:58:17 INFO    |  step: 25088000, ep_eval/episode_success_easy: 0.000 +/- 0.000
2026-02-14 11:58:17 INFO    |  step: 25088000, ep_eval/episode_dist: 33409.719 +/- 0.000
2026-02-14 11:58:17 INFO    |  step: 25088000, ep_eval/episode_success_any: 0.000 +/- 0.000
2026-02-14 11:58:17 INFO    |  step: 25088000, eval/episode_reward_ctrl: 0.000 +/- 0.000
2026-02-14 11:58:17 INFO    |  step: 25088000, eval/episode_reward_dist: 0.000 +/- 0.000
2026-02-14 11:58:17 INFO    |  step: 25088000, eval/episode_reward_near: 0.000 +/- 0.000
2026-02-14 11:58:17 INFO    |  step: 25088000, eval/episode_reward_survive: 0.000 +/- 0.000
2026-02-14 11:58:17 INFO    |  step: 25088000, eval/episode_success_hard: 0.000 +/- 0.000
2026-02-14 11:58:17 INFO    |  step: 25088000, ep_eval/episode_reward_ctrl: 0.000 +/- 0.000
2026-02-14 11:58:17 INFO    |  step: 25088000, ep_eval/episode_reward_dist: 0.000 +/- 0.000
2026-02-14 11:58:17 INFO    |  step: 25088000, ep_eval/episode_reward_near: 0.000 +/- 0.000
2026-02-14 11:58:17 INFO    |  step: 25088000, ep_eval/episode_reward_survive: 0.000 +/- 0.000
2026-02-14 11:58:17 INFO    |  step: 25088000, ep_eval/episode_success_hard: 0.000 +/- 0.000
2026-02-14 11:58:17 INFO    |  step: 25088000, training/actor_loss: 0.000 +/- 0.000
2026-02-14 11:58:17 INFO    |  step: 25088000, training/log_alpha: 0.000 +/- 0.000
2026-02-14 11:58:17 INFO    |  step: 25088000, training/alpha_loss: 0.000 +/- 0.000
2026-02-14 11:58:17 INFO    |  step: 25088000, training/critic_loss: 0.000 +/- 0.000
2026-02-14 11:58:17 INFO    |  step: 25088000, training/entropy: 0.000 +/- 0.000
2026-02-14 11:58:29 INFO    |  step: 25088000
2026-02-14 11:58:29 INFO    |  step: 25088000, training/sps: 4059.294 +/- 0.000
2026-02-14 11:58:29 INFO    |  step: 25088000, training/ep_actor_loss: 0.003 +/- 0.000
2026-02-14 11:58:29 INFO    |  step: 25088000, training/ep_alpha_loss: 0.000 +/- 0.000
2026-02-14 11:58:29 INFO    |  step: 25088000, training/ep_categorical_accuracy: 0.004 +/- 0.000
2026-02-14 11:58:29 INFO    |  step: 25088000, training/ep_critic_loss: 8.619 +/- 0.000
2026-02-14 11:58:29 INFO    |  step: 25088000, training/ep_entropy: -4.000 +/- 0.000
2026-02-14 11:58:29 INFO    |  step: 25088000, training/ep_log_alpha: -8.330 +/- 0.000
2026-02-14 11:58:29 INFO    |  step: 25088000, training/ep_logits_neg: -0.001 +/- 0.000
2026-02-14 11:58:29 INFO    |  step: 25088000, training/ep_logits_pos: -0.001 +/- 0.000
2026-02-14 11:58:29 INFO    |  step: 25088000, training/ep_logsumexp: 5.544 +/- 0.000
2026-02-14 11:58:29 INFO    |  step: 25088000, training/gcp_actor_loss: 2.777 +/- 0.000
2026-02-14 11:58:29 INFO    |  step: 25088000, training/gcp_alpha_loss: -0.000 +/- 0.000
2026-02-14 11:58:29 INFO    |  step: 25088000, training/gcp_categorical_accuracy: 0.465 +/- 0.000
2026-02-14 11:58:29 INFO    |  step: 25088000, training/gcp_critic_loss: 2.454 +/- 0.000
2026-02-14 11:58:29 INFO    |  step: 25088000, training/gcp_entropy: -4.001 +/- 0.000
2026-02-14 11:58:29 INFO    |  step: 25088000, training/gcp_log_alpha: -4.453 +/- 0.000
2026-02-14 11:58:29 INFO    |  step: 25088000, training/gcp_logits_neg: -8.969 +/- 0.000
2026-02-14 11:58:29 INFO    |  step: 25088000, training/gcp_logits_pos: -2.996 +/- 0.000
2026-02-14 11:58:29 INFO    |  step: 25088000, training/gcp_logsumexp: -0.601 +/- 0.000
2026-02-14 11:58:29 INFO    |  step: 25088000, eval/episode_reward: 0.000 +/- 0.000
2026-02-14 11:58:29 INFO    |  step: 25088000, eval/episode_success: 0.000 +/- 0.000
2026-02-14 11:58:29 INFO    |  step: 25088000, eval/episode_success_easy: 0.000 +/- 0.000
2026-02-14 11:58:29 INFO    |  step: 25088000, eval/episode_dist: 33152.945 +/- 0.000
2026-02-14 11:58:29 INFO    |  step: 25088000, eval/episode_success_any: 0.000 +/- 0.000
2026-02-14 11:58:29 INFO    |  step: 25088000, ep_eval/episode_reward: 0.000 +/- 0.000
2026-02-14 11:58:29 INFO    |  step: 25088000, ep_eval/episode_success: 0.000 +/- 0.000
2026-02-14 11:58:29 INFO    |  step: 25088000, ep_eval/episode_success_easy: 0.000 +/- 0.000
2026-02-14 11:58:29 INFO    |  step: 25088000, ep_eval/episode_dist: 33409.367 +/- 0.000
2026-02-14 11:58:29 INFO    |  step: 25088000, ep_eval/episode_success_any: 0.000 +/- 0.000
2026-02-14 11:58:29 INFO    |  step: 25088000, eval/episode_reward_ctrl: 0.000 +/- 0.000
2026-02-14 11:58:29 INFO    |  step: 25088000, eval/episode_reward_dist: 0.000 +/- 0.000
2026-02-14 11:58:29 INFO    |  step: 25088000, eval/episode_reward_near: 0.000 +/- 0.000
2026-02-14 11:58:29 INFO    |  step: 25088000, eval/episode_reward_survive: 0.000 +/- 0.000
2026-02-14 11:58:29 INFO    |  step: 25088000, eval/episode_success_hard: 0.000 +/- 0.000
2026-02-14 11:58:29 INFO    |  step: 25088000, ep_eval/episode_reward_ctrl: 0.000 +/- 0.000
2026-02-14 11:58:29 INFO    |  step: 25088000, ep_eval/episode_reward_dist: 0.000 +/- 0.000
2026-02-14 11:58:29 INFO    |  step: 25088000, ep_eval/episode_reward_near: 0.000 +/- 0.000
2026-02-14 11:58:29 INFO    |  step: 25088000, ep_eval/episode_reward_survive: 0.000 +/- 0.000
2026-02-14 11:58:29 INFO    |  step: 25088000, ep_eval/episode_success_hard: 0.000 +/- 0.000
2026-02-14 11:58:29 INFO    |  step: 25088000, training/actor_loss: 0.000 +/- 0.000
2026-02-14 11:58:29 INFO    |  step: 25088000, training/log_alpha: 0.000 +/- 0.000
2026-02-14 11:58:29 INFO    |  step: 25088000, training/alpha_loss: 0.000 +/- 0.000
2026-02-14 11:58:29 INFO    |  step: 25088000, training/critic_loss: 0.000 +/- 0.000
2026-02-14 11:58:29 INFO    |  step: 25088000, training/entropy: 0.000 +/- 0.000
2026-02-14 11:59:46 INFO    |  Visualization: collected_transitions shape: (1500, 256, 31), num_envs: 256
2026-02-14 11:59:46 INFO    |  Visualization: Raw collected_transitions has 256 unique trajectory IDs out of 384000 total transitions
2026-02-14 11:59:47 INFO    |  Visualization: processed_transitions shape: (1499, 256, 31)
2026-02-14 11:59:47 INFO    |  Visualization: Found 256 unique trajectory IDs out of 383744 total transitions
2026-02-14 11:59:47 INFO    |  Transition shapes: obs=(1499, 256, 31), traj_ids=(1499, 256), traj_ids_flat=(383744,)
2026-02-14 11:59:49 INFO    |  Plotted visualizations at env step 33408000.0
2026-02-14 12:00:10 INFO    |  step: 33408000
2026-02-14 12:00:10 INFO    |  step: 33408000, training/sps: 5466.591 +/- 0.000
2026-02-14 12:00:10 INFO    |  step: 33408000, training/ep_actor_loss: 0.003 +/- 0.000
2026-02-14 12:00:10 INFO    |  step: 33408000, training/ep_alpha_loss: -0.000 +/- 0.000
2026-02-14 12:00:10 INFO    |  step: 33408000, training/ep_categorical_accuracy: 0.004 +/- 0.000
2026-02-14 12:00:10 INFO    |  step: 33408000, training/ep_critic_loss: 8.619 +/- 0.000
2026-02-14 12:00:10 INFO    |  step: 33408000, training/ep_entropy: -4.000 +/- 0.000
2026-02-14 12:00:10 INFO    |  step: 33408000, training/ep_log_alpha: -8.330 +/- 0.000
2026-02-14 12:00:10 INFO    |  step: 33408000, training/ep_logits_neg: -0.001 +/- 0.000
2026-02-14 12:00:10 INFO    |  step: 33408000, training/ep_logits_pos: -0.001 +/- 0.000
2026-02-14 12:00:10 INFO    |  step: 33408000, training/ep_logsumexp: 5.544 +/- 0.000
2026-02-14 12:00:10 INFO    |  step: 33408000, training/gcp_actor_loss: 3.605 +/- 0.000
2026-02-14 12:00:10 INFO    |  step: 33408000, training/gcp_alpha_loss: -0.000 +/- 0.000
2026-02-14 12:00:10 INFO    |  step: 33408000, training/gcp_categorical_accuracy: 0.274 +/- 0.000
2026-02-14 12:00:10 INFO    |  step: 33408000, training/gcp_critic_loss: 3.553 +/- 0.000
2026-02-14 12:00:10 INFO    |  step: 33408000, training/gcp_entropy: -4.001 +/- 0.000
2026-02-14 12:00:10 INFO    |  step: 33408000, training/gcp_log_alpha: -4.875 +/- 0.000
2026-02-14 12:00:10 INFO    |  step: 33408000, training/gcp_logits_neg: -7.525 +/- 0.000
2026-02-14 12:00:10 INFO    |  step: 33408000, training/gcp_logits_pos: -3.815 +/- 0.000
2026-02-14 12:00:10 INFO    |  step: 33408000, training/gcp_logsumexp: -0.287 +/- 0.000
2026-02-14 12:00:10 INFO    |  step: 33408000, eval/episode_reward: 0.078 +/- 0.000
2026-02-14 12:00:10 INFO    |  step: 33408000, eval/episode_success: 0.078 +/- 0.000
2026-02-14 12:00:10 INFO    |  step: 33408000, eval/episode_success_easy: 17.230 +/- 0.000
2026-02-14 12:00:10 INFO    |  step: 33408000, eval/episode_dist: 11949.459 +/- 0.000
2026-02-14 12:00:10 INFO    |  step: 33408000, eval/episode_success_any: 0.004 +/- 0.000
2026-02-14 12:00:10 INFO    |  step: 33408000, ep_eval/episode_reward: 0.000 +/- 0.000
2026-02-14 12:00:10 INFO    |  step: 33408000, ep_eval/episode_success: 0.000 +/- 0.000
2026-02-14 12:00:10 INFO    |  step: 33408000, ep_eval/episode_success_easy: 0.000 +/- 0.000
2026-02-14 12:00:10 INFO    |  step: 33408000, ep_eval/episode_dist: 12226.734 +/- 0.000
2026-02-14 12:00:10 INFO    |  step: 33408000, ep_eval/episode_success_any: 0.000 +/- 0.000
2026-02-14 12:00:10 INFO    |  step: 33408000, eval/episode_reward_ctrl: 0.000 +/- 0.000
2026-02-14 12:00:10 INFO    |  step: 33408000, eval/episode_reward_dist: 0.000 +/- 0.000
2026-02-14 12:00:10 INFO    |  step: 33408000, eval/episode_reward_near: 0.000 +/- 0.000
2026-02-14 12:00:10 INFO    |  step: 33408000, eval/episode_reward_survive: 0.000 +/- 0.000
2026-02-14 12:00:10 INFO    |  step: 33408000, eval/episode_success_hard: 0.000 +/- 0.000
2026-02-14 12:00:10 INFO    |  step: 33408000, ep_eval/episode_reward_ctrl: 0.000 +/- 0.000
2026-02-14 12:00:10 INFO    |  step: 33408000, ep_eval/episode_reward_dist: 0.000 +/- 0.000
2026-02-14 12:00:10 INFO    |  step: 33408000, ep_eval/episode_reward_near: 0.000 +/- 0.000
2026-02-14 12:00:10 INFO    |  step: 33408000, ep_eval/episode_reward_survive: 0.000 +/- 0.000
2026-02-14 12:00:10 INFO    |  step: 33408000, ep_eval/episode_success_hard: 0.000 +/- 0.000
2026-02-14 12:00:10 INFO    |  step: 33408000, training/actor_loss: 0.000 +/- 0.000
2026-02-14 12:00:10 INFO    |  step: 33408000, training/log_alpha: 0.000 +/- 0.000
2026-02-14 12:00:10 INFO    |  step: 33408000, training/alpha_loss: 0.000 +/- 0.000
2026-02-14 12:00:10 INFO    |  step: 33408000, training/critic_loss: 0.000 +/- 0.000
2026-02-14 12:00:10 INFO    |  step: 33408000, training/entropy: 0.000 +/- 0.000
2026-02-14 12:02:25 INFO    |  Visualization: collected_transitions shape: (2000, 256, 31), num_envs: 256
2026-02-14 12:02:25 INFO    |  Visualization: Raw collected_transitions has 256 unique trajectory IDs out of 512000 total transitions
2026-02-14 12:02:25 INFO    |  Visualization: processed_transitions shape: (1999, 256, 31)
2026-02-14 12:02:26 INFO    |  Visualization: Found 256 unique trajectory IDs out of 511744 total transitions
2026-02-14 12:02:26 INFO    |  Transition shapes: obs=(1999, 256, 31), traj_ids=(1999, 256), traj_ids_flat=(511744,)
2026-02-14 12:02:28 INFO    |  Visualization: collected_transitions shape: (1500, 256, 31), num_envs: 256
2026-02-14 12:02:28 INFO    |  Visualization: Raw collected_transitions has 256 unique trajectory IDs out of 384000 total transitions
2026-02-14 12:02:28 INFO    |  Plotted visualizations at env step 26112000.0
2026-02-14 12:02:29 INFO    |  Visualization: processed_transitions shape: (1499, 256, 31)
2026-02-14 12:02:29 INFO    |  Visualization: Found 256 unique trajectory IDs out of 383744 total transitions
2026-02-14 12:02:29 INFO    |  Transition shapes: obs=(1499, 256, 31), traj_ids=(1499, 256), traj_ids_flat=(383744,)
2026-02-14 12:02:32 INFO    |  Plotted visualizations at env step 34176000.0
2026-02-14 12:02:37 INFO    |  Visualization: collected_transitions shape: (2000, 256, 31), num_envs: 256
2026-02-14 12:02:37 INFO    |  Visualization: Raw collected_transitions has 256 unique trajectory IDs out of 512000 total transitions
2026-02-14 12:02:38 INFO    |  Visualization: processed_transitions shape: (1999, 256, 31)
2026-02-14 12:02:38 INFO    |  Visualization: Found 256 unique trajectory IDs out of 511744 total transitions
2026-02-14 12:02:38 INFO    |  Transition shapes: obs=(1999, 256, 31), traj_ids=(1999, 256), traj_ids_flat=(511744,)
2026-02-14 12:02:40 INFO    |  Plotted visualizations at env step 26112000.0
2026-02-14 12:02:52 INFO    |  step: 34176000
2026-02-14 12:02:52 INFO    |  step: 34176000, training/sps: 5431.486 +/- 0.000
2026-02-14 12:02:52 INFO    |  step: 34176000, training/ep_actor_loss: 0.003 +/- 0.000
2026-02-14 12:02:52 INFO    |  step: 34176000, training/ep_alpha_loss: -0.000 +/- 0.000
2026-02-14 12:02:52 INFO    |  step: 34176000, training/ep_categorical_accuracy: 0.004 +/- 0.000
2026-02-14 12:02:52 INFO    |  step: 34176000, training/ep_critic_loss: 8.619 +/- 0.000
2026-02-14 12:02:52 INFO    |  step: 34176000, training/ep_entropy: -4.000 +/- 0.000
2026-02-14 12:02:52 INFO    |  step: 34176000, training/ep_log_alpha: -8.330 +/- 0.000
2026-02-14 12:02:52 INFO    |  step: 34176000, training/ep_logits_neg: -0.001 +/- 0.000
2026-02-14 12:02:52 INFO    |  step: 34176000, training/ep_logits_pos: -0.001 +/- 0.000
2026-02-14 12:02:52 INFO    |  step: 34176000, training/ep_logsumexp: 5.544 +/- 0.000
2026-02-14 12:02:52 INFO    |  step: 34176000, training/gcp_actor_loss: 3.632 +/- 0.000
2026-02-14 12:02:52 INFO    |  step: 34176000, training/gcp_alpha_loss: 0.000 +/- 0.000
2026-02-14 12:02:52 INFO    |  step: 34176000, training/gcp_categorical_accuracy: 0.282 +/- 0.000
2026-02-14 12:02:52 INFO    |  step: 34176000, training/gcp_critic_loss: 3.549 +/- 0.000
2026-02-14 12:02:52 INFO    |  step: 34176000, training/gcp_entropy: -3.999 +/- 0.000
2026-02-14 12:02:52 INFO    |  step: 34176000, training/gcp_log_alpha: -4.899 +/- 0.000
2026-02-14 12:02:52 INFO    |  step: 34176000, training/gcp_logits_neg: -7.468 +/- 0.000
2026-02-14 12:02:52 INFO    |  step: 34176000, training/gcp_logits_pos: -3.827 +/- 0.000
2026-02-14 12:02:52 INFO    |  step: 34176000, training/gcp_logsumexp: -0.305 +/- 0.000
2026-02-14 12:02:52 INFO    |  step: 34176000, eval/episode_reward: 10.480 +/- 0.000
2026-02-14 12:02:52 INFO    |  step: 34176000, eval/episode_success: 10.480 +/- 0.000
2026-02-14 12:02:52 INFO    |  step: 34176000, eval/episode_success_easy: 21.477 +/- 0.000
2026-02-14 12:02:52 INFO    |  step: 34176000, eval/episode_dist: 12261.170 +/- 0.000
2026-02-14 12:02:52 INFO    |  step: 34176000, eval/episode_success_any: 0.012 +/- 0.000
2026-02-14 12:02:52 INFO    |  step: 34176000, ep_eval/episode_reward: 0.000 +/- 0.000
2026-02-14 12:02:52 INFO    |  step: 34176000, ep_eval/episode_success: 0.000 +/- 0.000
2026-02-14 12:02:52 INFO    |  step: 34176000, ep_eval/episode_success_easy: 0.000 +/- 0.000
2026-02-14 12:02:52 INFO    |  step: 34176000, ep_eval/episode_dist: 11840.324 +/- 0.000
2026-02-14 12:02:52 INFO    |  step: 34176000, ep_eval/episode_success_any: 0.000 +/- 0.000
2026-02-14 12:02:52 INFO    |  step: 34176000, eval/episode_reward_ctrl: 0.000 +/- 0.000
2026-02-14 12:02:52 INFO    |  step: 34176000, eval/episode_reward_dist: 0.000 +/- 0.000
2026-02-14 12:02:52 INFO    |  step: 34176000, eval/episode_reward_near: 0.000 +/- 0.000
2026-02-14 12:02:52 INFO    |  step: 34176000, eval/episode_reward_survive: 0.000 +/- 0.000
2026-02-14 12:02:52 INFO    |  step: 34176000, eval/episode_success_hard: 0.000 +/- 0.000
2026-02-14 12:02:52 INFO    |  step: 34176000, ep_eval/episode_reward_ctrl: 0.000 +/- 0.000
2026-02-14 12:02:52 INFO    |  step: 34176000, ep_eval/episode_reward_dist: 0.000 +/- 0.000
2026-02-14 12:02:52 INFO    |  step: 34176000, ep_eval/episode_reward_near: 0.000 +/- 0.000
2026-02-14 12:02:52 INFO    |  step: 34176000, ep_eval/episode_reward_survive: 0.000 +/- 0.000
2026-02-14 12:02:52 INFO    |  step: 34176000, ep_eval/episode_success_hard: 0.000 +/- 0.000
2026-02-14 12:02:52 INFO    |  step: 34176000, training/actor_loss: 0.000 +/- 0.000
2026-02-14 12:02:52 INFO    |  step: 34176000, training/log_alpha: 0.000 +/- 0.000
2026-02-14 12:02:52 INFO    |  step: 34176000, training/alpha_loss: 0.000 +/- 0.000
2026-02-14 12:02:52 INFO    |  step: 34176000, training/critic_loss: 0.000 +/- 0.000
2026-02-14 12:02:52 INFO    |  step: 34176000, training/entropy: 0.000 +/- 0.000
2026-02-14 12:03:07 INFO    |  step: 26112000
2026-02-14 12:03:07 INFO    |  step: 26112000, training/sps: 4080.389 +/- 0.000
2026-02-14 12:03:07 INFO    |  step: 26112000, training/ep_actor_loss: 0.003 +/- 0.000
2026-02-14 12:03:07 INFO    |  step: 26112000, training/ep_alpha_loss: -0.000 +/- 0.000
2026-02-14 12:03:07 INFO    |  step: 26112000, training/ep_categorical_accuracy: 0.004 +/- 0.000
2026-02-14 12:03:07 INFO    |  step: 26112000, training/ep_critic_loss: 8.619 +/- 0.000
2026-02-14 12:03:07 INFO    |  step: 26112000, training/ep_entropy: -4.000 +/- 0.000
2026-02-14 12:03:07 INFO    |  step: 26112000, training/ep_log_alpha: -8.330 +/- 0.000
2026-02-14 12:03:07 INFO    |  step: 26112000, training/ep_logits_neg: -0.001 +/- 0.000
2026-02-14 12:03:07 INFO    |  step: 26112000, training/ep_logits_pos: -0.001 +/- 0.000
2026-02-14 12:03:07 INFO    |  step: 26112000, training/ep_logsumexp: 5.544 +/- 0.000
2026-02-14 12:03:07 INFO    |  step: 26112000, training/gcp_actor_loss: 2.226 +/- 0.000
2026-02-14 12:03:07 INFO    |  step: 26112000, training/gcp_alpha_loss: 0.000 +/- 0.000
2026-02-14 12:03:07 INFO    |  step: 26112000, training/gcp_categorical_accuracy: 0.610 +/- 0.000
2026-02-14 12:03:07 INFO    |  step: 26112000, training/gcp_critic_loss: 1.818 +/- 0.000
2026-02-14 12:03:07 INFO    |  step: 26112000, training/gcp_entropy: -3.999 +/- 0.000
2026-02-14 12:03:07 INFO    |  step: 26112000, training/gcp_log_alpha: -3.835 +/- 0.000
2026-02-14 12:03:07 INFO    |  step: 26112000, training/gcp_logits_neg: -9.539 +/- 0.000
2026-02-14 12:03:07 INFO    |  step: 26112000, training/gcp_logits_pos: -2.325 +/- 0.000
2026-02-14 12:03:07 INFO    |  step: 26112000, training/gcp_logsumexp: -0.575 +/- 0.000
2026-02-14 12:03:07 INFO    |  step: 26112000, eval/episode_reward: 0.000 +/- 0.000
2026-02-14 12:03:07 INFO    |  step: 26112000, eval/episode_success: 0.000 +/- 0.000
2026-02-14 12:03:07 INFO    |  step: 26112000, eval/episode_success_easy: 0.000 +/- 0.000
2026-02-14 12:03:07 INFO    |  step: 26112000, eval/episode_dist: 33805.953 +/- 0.000
2026-02-14 12:03:07 INFO    |  step: 26112000, eval/episode_success_any: 0.000 +/- 0.000
2026-02-14 12:03:07 INFO    |  step: 26112000, ep_eval/episode_reward: 0.000 +/- 0.000
2026-02-14 12:03:07 INFO    |  step: 26112000, ep_eval/episode_success: 0.000 +/- 0.000
2026-02-14 12:03:07 INFO    |  step: 26112000, ep_eval/episode_success_easy: 0.000 +/- 0.000
2026-02-14 12:03:07 INFO    |  step: 26112000, ep_eval/episode_dist: 31401.141 +/- 0.000
2026-02-14 12:03:07 INFO    |  step: 26112000, ep_eval/episode_success_any: 0.000 +/- 0.000
2026-02-14 12:03:07 INFO    |  step: 26112000, eval/episode_reward_ctrl: 0.000 +/- 0.000
2026-02-14 12:03:07 INFO    |  step: 26112000, eval/episode_reward_dist: 0.000 +/- 0.000
2026-02-14 12:03:07 INFO    |  step: 26112000, eval/episode_reward_near: 0.000 +/- 0.000
2026-02-14 12:03:07 INFO    |  step: 26112000, eval/episode_reward_survive: 0.000 +/- 0.000
2026-02-14 12:03:07 INFO    |  step: 26112000, eval/episode_success_hard: 0.000 +/- 0.000
2026-02-14 12:03:07 INFO    |  step: 26112000, ep_eval/episode_reward_ctrl: 0.000 +/- 0.000
2026-02-14 12:03:07 INFO    |  step: 26112000, ep_eval/episode_reward_dist: 0.000 +/- 0.000
2026-02-14 12:03:07 INFO    |  step: 26112000, ep_eval/episode_reward_near: 0.000 +/- 0.000
2026-02-14 12:03:07 INFO    |  step: 26112000, ep_eval/episode_reward_survive: 0.000 +/- 0.000
2026-02-14 12:03:07 INFO    |  step: 26112000, ep_eval/episode_success_hard: 0.000 +/- 0.000
2026-02-14 12:03:07 INFO    |  step: 26112000, training/actor_loss: 0.000 +/- 0.000
2026-02-14 12:03:07 INFO    |  step: 26112000, training/log_alpha: 0.000 +/- 0.000
2026-02-14 12:03:07 INFO    |  step: 26112000, training/alpha_loss: 0.000 +/- 0.000
2026-02-14 12:03:07 INFO    |  step: 26112000, training/critic_loss: 0.000 +/- 0.000
2026-02-14 12:03:07 INFO    |  step: 26112000, training/entropy: 0.000 +/- 0.000
2026-02-14 12:03:19 INFO    |  step: 26112000
2026-02-14 12:03:19 INFO    |  step: 26112000, training/sps: 4082.747 +/- 0.000
2026-02-14 12:03:19 INFO    |  step: 26112000, training/ep_actor_loss: 0.003 +/- 0.000
2026-02-14 12:03:19 INFO    |  step: 26112000, training/ep_alpha_loss: -0.000 +/- 0.000
2026-02-14 12:03:19 INFO    |  step: 26112000, training/ep_categorical_accuracy: 0.004 +/- 0.000
2026-02-14 12:03:19 INFO    |  step: 26112000, training/ep_critic_loss: 8.619 +/- 0.000
2026-02-14 12:03:19 INFO    |  step: 26112000, training/ep_entropy: -4.000 +/- 0.000
2026-02-14 12:03:19 INFO    |  step: 26112000, training/ep_log_alpha: -8.330 +/- 0.000
2026-02-14 12:03:19 INFO    |  step: 26112000, training/ep_logits_neg: -0.001 +/- 0.000
2026-02-14 12:03:19 INFO    |  step: 26112000, training/ep_logits_pos: -0.001 +/- 0.000
2026-02-14 12:03:19 INFO    |  step: 26112000, training/ep_logsumexp: 5.544 +/- 0.000
2026-02-14 12:03:19 INFO    |  step: 26112000, training/gcp_actor_loss: 2.818 +/- 0.000
2026-02-14 12:03:19 INFO    |  step: 26112000, training/gcp_alpha_loss: -0.000 +/- 0.000
2026-02-14 12:03:19 INFO    |  step: 26112000, training/gcp_categorical_accuracy: 0.460 +/- 0.000
2026-02-14 12:03:19 INFO    |  step: 26112000, training/gcp_critic_loss: 2.503 +/- 0.000
2026-02-14 12:03:19 INFO    |  step: 26112000, training/gcp_entropy: -4.000 +/- 0.000
2026-02-14 12:03:19 INFO    |  step: 26112000, training/gcp_log_alpha: -4.396 +/- 0.000
2026-02-14 12:03:19 INFO    |  step: 26112000, training/gcp_logits_neg: -8.855 +/- 0.000
2026-02-14 12:03:19 INFO    |  step: 26112000, training/gcp_logits_pos: -3.029 +/- 0.000
2026-02-14 12:03:19 INFO    |  step: 26112000, training/gcp_logsumexp: -0.582 +/- 0.000
2026-02-14 12:03:19 INFO    |  step: 26112000, eval/episode_reward: 0.000 +/- 0.000
2026-02-14 12:03:19 INFO    |  step: 26112000, eval/episode_success: 0.000 +/- 0.000
2026-02-14 12:03:19 INFO    |  step: 26112000, eval/episode_success_easy: 18.820 +/- 0.000
2026-02-14 12:03:19 INFO    |  step: 26112000, eval/episode_dist: 33467.117 +/- 0.000
2026-02-14 12:03:19 INFO    |  step: 26112000, eval/episode_success_any: 0.000 +/- 0.000
2026-02-14 12:03:19 INFO    |  step: 26112000, ep_eval/episode_reward: 0.000 +/- 0.000
2026-02-14 12:03:19 INFO    |  step: 26112000, ep_eval/episode_success: 0.000 +/- 0.000
2026-02-14 12:03:19 INFO    |  step: 26112000, ep_eval/episode_success_easy: 0.000 +/- 0.000
2026-02-14 12:03:19 INFO    |  step: 26112000, ep_eval/episode_dist: 31398.703 +/- 0.000
2026-02-14 12:03:19 INFO    |  step: 26112000, ep_eval/episode_success_any: 0.000 +/- 0.000
2026-02-14 12:03:19 INFO    |  step: 26112000, eval/episode_reward_ctrl: 0.000 +/- 0.000
2026-02-14 12:03:19 INFO    |  step: 26112000, eval/episode_reward_dist: 0.000 +/- 0.000
2026-02-14 12:03:19 INFO    |  step: 26112000, eval/episode_reward_near: 0.000 +/- 0.000
2026-02-14 12:03:19 INFO    |  step: 26112000, eval/episode_reward_survive: 0.000 +/- 0.000
2026-02-14 12:03:19 INFO    |  step: 26112000, eval/episode_success_hard: 0.000 +/- 0.000
2026-02-14 12:03:19 INFO    |  step: 26112000, ep_eval/episode_reward_ctrl: 0.000 +/- 0.000
2026-02-14 12:03:19 INFO    |  step: 26112000, ep_eval/episode_reward_dist: 0.000 +/- 0.000
2026-02-14 12:03:19 INFO    |  step: 26112000, ep_eval/episode_reward_near: 0.000 +/- 0.000
2026-02-14 12:03:19 INFO    |  step: 26112000, ep_eval/episode_reward_survive: 0.000 +/- 0.000
2026-02-14 12:03:19 INFO    |  step: 26112000, ep_eval/episode_success_hard: 0.000 +/- 0.000
2026-02-14 12:03:19 INFO    |  step: 26112000, training/actor_loss: 0.000 +/- 0.000
2026-02-14 12:03:19 INFO    |  step: 26112000, training/log_alpha: 0.000 +/- 0.000
2026-02-14 12:03:19 INFO    |  step: 26112000, training/alpha_loss: 0.000 +/- 0.000
2026-02-14 12:03:19 INFO    |  step: 26112000, training/critic_loss: 0.000 +/- 0.000
2026-02-14 12:03:19 INFO    |  step: 26112000, training/entropy: 0.000 +/- 0.000
2026-02-14 12:05:10 INFO    |  Visualization: collected_transitions shape: (1500, 256, 31), num_envs: 256
2026-02-14 12:05:10 INFO    |  Visualization: Raw collected_transitions has 256 unique trajectory IDs out of 384000 total transitions
2026-02-14 12:05:11 INFO    |  Visualization: processed_transitions shape: (1499, 256, 31)
2026-02-14 12:05:11 INFO    |  Visualization: Found 256 unique trajectory IDs out of 383744 total transitions
2026-02-14 12:05:11 INFO    |  Transition shapes: obs=(1499, 256, 31), traj_ids=(1499, 256), traj_ids_flat=(383744,)
2026-02-14 12:05:14 INFO    |  Plotted visualizations at env step 34944000.0
2026-02-14 12:05:34 INFO    |  step: 34944000
2026-02-14 12:05:34 INFO    |  step: 34944000, training/sps: 5424.999 +/- 0.000
2026-02-14 12:05:34 INFO    |  step: 34944000, training/ep_actor_loss: 0.003 +/- 0.000
2026-02-14 12:05:34 INFO    |  step: 34944000, training/ep_alpha_loss: 0.000 +/- 0.000
2026-02-14 12:05:34 INFO    |  step: 34944000, training/ep_categorical_accuracy: 0.004 +/- 0.000
2026-02-14 12:05:34 INFO    |  step: 34944000, training/ep_critic_loss: 8.619 +/- 0.000
2026-02-14 12:05:34 INFO    |  step: 34944000, training/ep_entropy: -4.000 +/- 0.000
2026-02-14 12:05:34 INFO    |  step: 34944000, training/ep_log_alpha: -8.330 +/- 0.000
2026-02-14 12:05:34 INFO    |  step: 34944000, training/ep_logits_neg: -0.001 +/- 0.000
2026-02-14 12:05:34 INFO    |  step: 34944000, training/ep_logits_pos: -0.001 +/- 0.000
2026-02-14 12:05:34 INFO    |  step: 34944000, training/ep_logsumexp: 5.544 +/- 0.000
2026-02-14 12:05:34 INFO    |  step: 34944000, training/gcp_actor_loss: 3.607 +/- 0.000
2026-02-14 12:05:34 INFO    |  step: 34944000, training/gcp_alpha_loss: -0.000 +/- 0.000
2026-02-14 12:05:34 INFO    |  step: 34944000, training/gcp_categorical_accuracy: 0.288 +/- 0.000
2026-02-14 12:05:34 INFO    |  step: 34944000, training/gcp_critic_loss: 3.509 +/- 0.000
2026-02-14 12:05:34 INFO    |  step: 34944000, training/gcp_entropy: -4.002 +/- 0.000
2026-02-14 12:05:34 INFO    |  step: 34944000, training/gcp_log_alpha: -4.912 +/- 0.000
2026-02-14 12:05:34 INFO    |  step: 34944000, training/gcp_logits_neg: -7.519 +/- 0.000
2026-02-14 12:05:34 INFO    |  step: 34944000, training/gcp_logits_pos: -3.803 +/- 0.000
2026-02-14 12:05:34 INFO    |  step: 34944000, training/gcp_logsumexp: -0.321 +/- 0.000
2026-02-14 12:05:34 INFO    |  step: 34944000, eval/episode_reward: 0.000 +/- 0.000
2026-02-14 12:05:34 INFO    |  step: 34944000, eval/episode_success: 0.000 +/- 0.000
2026-02-14 12:05:34 INFO    |  step: 34944000, eval/episode_success_easy: 0.332 +/- 0.000
2026-02-14 12:05:34 INFO    |  step: 34944000, eval/episode_dist: 12000.434 +/- 0.000
2026-02-14 12:05:34 INFO    |  step: 34944000, eval/episode_success_any: 0.000 +/- 0.000
2026-02-14 12:05:34 INFO    |  step: 34944000, ep_eval/episode_reward: 0.000 +/- 0.000
2026-02-14 12:05:34 INFO    |  step: 34944000, ep_eval/episode_success: 0.000 +/- 0.000
2026-02-14 12:05:34 INFO    |  step: 34944000, ep_eval/episode_success_easy: 0.000 +/- 0.000
2026-02-14 12:05:34 INFO    |  step: 34944000, ep_eval/episode_dist: 12200.518 +/- 0.000
2026-02-14 12:05:34 INFO    |  step: 34944000, ep_eval/episode_success_any: 0.000 +/- 0.000
2026-02-14 12:05:34 INFO    |  step: 34944000, eval/episode_reward_ctrl: 0.000 +/- 0.000
2026-02-14 12:05:34 INFO    |  step: 34944000, eval/episode_reward_dist: 0.000 +/- 0.000
2026-02-14 12:05:34 INFO    |  step: 34944000, eval/episode_reward_near: 0.000 +/- 0.000
2026-02-14 12:05:34 INFO    |  step: 34944000, eval/episode_reward_survive: 0.000 +/- 0.000
2026-02-14 12:05:34 INFO    |  step: 34944000, eval/episode_success_hard: 0.000 +/- 0.000
2026-02-14 12:05:34 INFO    |  step: 34944000, ep_eval/episode_reward_ctrl: 0.000 +/- 0.000
2026-02-14 12:05:34 INFO    |  step: 34944000, ep_eval/episode_reward_dist: 0.000 +/- 0.000
2026-02-14 12:05:34 INFO    |  step: 34944000, ep_eval/episode_reward_near: 0.000 +/- 0.000
2026-02-14 12:05:34 INFO    |  step: 34944000, ep_eval/episode_reward_survive: 0.000 +/- 0.000
2026-02-14 12:05:34 INFO    |  step: 34944000, ep_eval/episode_success_hard: 0.000 +/- 0.000
2026-02-14 12:05:34 INFO    |  step: 34944000, training/actor_loss: 0.000 +/- 0.000
2026-02-14 12:05:34 INFO    |  step: 34944000, training/log_alpha: 0.000 +/- 0.000
2026-02-14 12:05:34 INFO    |  step: 34944000, training/alpha_loss: 0.000 +/- 0.000
2026-02-14 12:05:34 INFO    |  step: 34944000, training/critic_loss: 0.000 +/- 0.000
2026-02-14 12:05:34 INFO    |  step: 34944000, training/entropy: 0.000 +/- 0.000
2026-02-14 12:07:14 INFO    |  Visualization: collected_transitions shape: (2000, 256, 31), num_envs: 256
2026-02-14 12:07:14 INFO    |  Visualization: Raw collected_transitions has 256 unique trajectory IDs out of 512000 total transitions
2026-02-14 12:07:14 INFO    |  Visualization: processed_transitions shape: (1999, 256, 31)
2026-02-14 12:07:15 INFO    |  Visualization: Found 256 unique trajectory IDs out of 511744 total transitions
2026-02-14 12:07:15 INFO    |  Transition shapes: obs=(1999, 256, 31), traj_ids=(1999, 256), traj_ids_flat=(511744,)
2026-02-14 12:07:17 INFO    |  Plotted visualizations at env step 27136000.0
2026-02-14 12:07:26 INFO    |  Visualization: collected_transitions shape: (2000, 256, 31), num_envs: 256
2026-02-14 12:07:26 INFO    |  Visualization: Raw collected_transitions has 256 unique trajectory IDs out of 512000 total transitions
2026-02-14 12:07:27 INFO    |  Visualization: processed_transitions shape: (1999, 256, 31)
2026-02-14 12:07:28 INFO    |  Visualization: Found 256 unique trajectory IDs out of 511744 total transitions
2026-02-14 12:07:28 INFO    |  Transition shapes: obs=(1999, 256, 31), traj_ids=(1999, 256), traj_ids_flat=(511744,)
2026-02-14 12:07:30 INFO    |  Plotted visualizations at env step 27136000.0
2026-02-14 12:07:51 INFO    |  Visualization: collected_transitions shape: (1500, 256, 31), num_envs: 256
2026-02-14 12:07:51 INFO    |  Visualization: Raw collected_transitions has 256 unique trajectory IDs out of 384000 total transitions
2026-02-14 12:07:52 INFO    |  Visualization: processed_transitions shape: (1499, 256, 31)
2026-02-14 12:07:52 INFO    |  Visualization: Found 256 unique trajectory IDs out of 383744 total transitions
2026-02-14 12:07:52 INFO    |  Transition shapes: obs=(1499, 256, 31), traj_ids=(1499, 256), traj_ids_flat=(383744,)
2026-02-14 12:07:54 INFO    |  Plotted visualizations at env step 35712000.0
2026-02-14 12:07:55 INFO    |  step: 27136000
2026-02-14 12:07:58 INFO    |  actor input shape: (1, 31)
2026-02-14 12:08:08 INFO    |  step: 27136000
2026-02-14 12:08:11 INFO    |  actor input shape: (1, 31)
2026-02-14 12:08:15 INFO    |  step: 35712000
2026-02-14 12:08:18 INFO    |  actor input shape: (1, 31)
2026-02-14 12:08:29 INFO    |  step: 27136000, training/sps: 4089.140 +/- 0.000
2026-02-14 12:08:29 INFO    |  step: 27136000, training/ep_actor_loss: 0.003 +/- 0.000
2026-02-14 12:08:29 INFO    |  step: 27136000, training/ep_alpha_loss: 0.000 +/- 0.000
2026-02-14 12:08:29 INFO    |  step: 27136000, training/ep_categorical_accuracy: 0.004 +/- 0.000
2026-02-14 12:08:29 INFO    |  step: 27136000, training/ep_critic_loss: 8.619 +/- 0.000
2026-02-14 12:08:29 INFO    |  step: 27136000, training/ep_entropy: -4.000 +/- 0.000
2026-02-14 12:08:29 INFO    |  step: 27136000, training/ep_log_alpha: -8.330 +/- 0.000
2026-02-14 12:08:29 INFO    |  step: 27136000, training/ep_logits_neg: -0.001 +/- 0.000
2026-02-14 12:08:29 INFO    |  step: 27136000, training/ep_logits_pos: -0.001 +/- 0.000
2026-02-14 12:08:29 INFO    |  step: 27136000, training/ep_logsumexp: 5.544 +/- 0.000
2026-02-14 12:08:29 INFO    |  step: 27136000, training/gcp_actor_loss: 2.300 +/- 0.000
2026-02-14 12:08:29 INFO    |  step: 27136000, training/gcp_alpha_loss: 0.000 +/- 0.000
2026-02-14 12:08:29 INFO    |  step: 27136000, training/gcp_categorical_accuracy: 0.586 +/- 0.000
2026-02-14 12:08:29 INFO    |  step: 27136000, training/gcp_critic_loss: 1.920 +/- 0.000
2026-02-14 12:08:29 INFO    |  step: 27136000, training/gcp_entropy: -3.998 +/- 0.000
2026-02-14 12:08:29 INFO    |  step: 27136000, training/gcp_log_alpha: -4.038 +/- 0.000
2026-02-14 12:08:29 INFO    |  step: 27136000, training/gcp_logits_neg: -9.333 +/- 0.000
2026-02-14 12:08:29 INFO    |  step: 27136000, training/gcp_logits_pos: -2.419 +/- 0.000
2026-02-14 12:08:29 INFO    |  step: 27136000, training/gcp_logsumexp: -0.563 +/- 0.000
2026-02-14 12:08:29 INFO    |  step: 27136000, eval/episode_reward: 0.000 +/- 0.000
2026-02-14 12:08:29 INFO    |  step: 27136000, eval/episode_success: 0.000 +/- 0.000
2026-02-14 12:08:29 INFO    |  step: 27136000, eval/episode_success_easy: 0.000 +/- 0.000
2026-02-14 12:08:29 INFO    |  step: 27136000, eval/episode_dist: 31381.980 +/- 0.000
2026-02-14 12:08:29 INFO    |  step: 27136000, eval/episode_success_any: 0.000 +/- 0.000
2026-02-14 12:08:29 INFO    |  step: 27136000, ep_eval/episode_reward: 0.000 +/- 0.000
2026-02-14 12:08:29 INFO    |  step: 27136000, ep_eval/episode_success: 0.000 +/- 0.000
2026-02-14 12:08:29 INFO    |  step: 27136000, ep_eval/episode_success_easy: 0.000 +/- 0.000
2026-02-14 12:08:29 INFO    |  step: 27136000, ep_eval/episode_dist: 33515.586 +/- 0.000
2026-02-14 12:08:29 INFO    |  step: 27136000, ep_eval/episode_success_any: 0.000 +/- 0.000
2026-02-14 12:08:29 INFO    |  step: 27136000, eval/episode_reward_ctrl: 0.000 +/- 0.000
2026-02-14 12:08:29 INFO    |  step: 27136000, eval/episode_reward_dist: 0.000 +/- 0.000
2026-02-14 12:08:29 INFO    |  step: 27136000, eval/episode_reward_near: 0.000 +/- 0.000
2026-02-14 12:08:29 INFO    |  step: 27136000, eval/episode_reward_survive: 0.000 +/- 0.000
2026-02-14 12:08:29 INFO    |  step: 27136000, eval/episode_success_hard: 0.000 +/- 0.000
2026-02-14 12:08:29 INFO    |  step: 27136000, ep_eval/episode_reward_ctrl: 0.000 +/- 0.000
2026-02-14 12:08:29 INFO    |  step: 27136000, ep_eval/episode_reward_dist: 0.000 +/- 0.000
2026-02-14 12:08:29 INFO    |  step: 27136000, ep_eval/episode_reward_near: 0.000 +/- 0.000
2026-02-14 12:08:29 INFO    |  step: 27136000, ep_eval/episode_reward_survive: 0.000 +/- 0.000
2026-02-14 12:08:29 INFO    |  step: 27136000, ep_eval/episode_success_hard: 0.000 +/- 0.000
2026-02-14 12:08:29 INFO    |  step: 27136000, training/actor_loss: 0.000 +/- 0.000
2026-02-14 12:08:29 INFO    |  step: 27136000, training/log_alpha: 0.000 +/- 0.000
2026-02-14 12:08:29 INFO    |  step: 27136000, training/alpha_loss: 0.000 +/- 0.000
2026-02-14 12:08:29 INFO    |  step: 27136000, training/critic_loss: 0.000 +/- 0.000
2026-02-14 12:08:29 INFO    |  step: 27136000, training/entropy: 0.000 +/- 0.000
2026-02-14 12:08:42 INFO    |  step: 27136000, training/sps: 4077.198 +/- 0.000
2026-02-14 12:08:42 INFO    |  step: 27136000, training/ep_actor_loss: 0.003 +/- 0.000
2026-02-14 12:08:42 INFO    |  step: 27136000, training/ep_alpha_loss: 0.000 +/- 0.000
2026-02-14 12:08:42 INFO    |  step: 27136000, training/ep_categorical_accuracy: 0.004 +/- 0.000
2026-02-14 12:08:42 INFO    |  step: 27136000, training/ep_critic_loss: 8.619 +/- 0.000
2026-02-14 12:08:42 INFO    |  step: 27136000, training/ep_entropy: -4.000 +/- 0.000
2026-02-14 12:08:42 INFO    |  step: 27136000, training/ep_log_alpha: -8.330 +/- 0.000
2026-02-14 12:08:42 INFO    |  step: 27136000, training/ep_logits_neg: -0.001 +/- 0.000
2026-02-14 12:08:42 INFO    |  step: 27136000, training/ep_logits_pos: -0.001 +/- 0.000
2026-02-14 12:08:42 INFO    |  step: 27136000, training/ep_logsumexp: 5.544 +/- 0.000
2026-02-14 12:08:42 INFO    |  step: 27136000, training/gcp_actor_loss: 2.810 +/- 0.000
2026-02-14 12:08:42 INFO    |  step: 27136000, training/gcp_alpha_loss: 0.000 +/- 0.000
2026-02-14 12:08:42 INFO    |  step: 27136000, training/gcp_categorical_accuracy: 0.464 +/- 0.000
2026-02-14 12:08:42 INFO    |  step: 27136000, training/gcp_critic_loss: 2.479 +/- 0.000
2026-02-14 12:08:42 INFO    |  step: 27136000, training/gcp_entropy: -4.000 +/- 0.000
2026-02-14 12:08:42 INFO    |  step: 27136000, training/gcp_log_alpha: -4.350 +/- 0.000
2026-02-14 12:08:42 INFO    |  step: 27136000, training/gcp_logits_neg: -8.861 +/- 0.000
2026-02-14 12:08:42 INFO    |  step: 27136000, training/gcp_logits_pos: -3.006 +/- 0.000
2026-02-14 12:08:42 INFO    |  step: 27136000, training/gcp_logsumexp: -0.584 +/- 0.000
2026-02-14 12:08:42 INFO    |  step: 27136000, eval/episode_reward: 0.000 +/- 0.000
2026-02-14 12:08:42 INFO    |  step: 27136000, eval/episode_success: 0.000 +/- 0.000
2026-02-14 12:08:42 INFO    |  step: 27136000, eval/episode_success_easy: 8.887 +/- 0.000
2026-02-14 12:08:42 INFO    |  step: 27136000, eval/episode_dist: 30784.871 +/- 0.000
2026-02-14 12:08:42 INFO    |  step: 27136000, eval/episode_success_any: 0.000 +/- 0.000
2026-02-14 12:08:42 INFO    |  step: 27136000, ep_eval/episode_reward: 0.000 +/- 0.000
2026-02-14 12:08:42 INFO    |  step: 27136000, ep_eval/episode_success: 0.000 +/- 0.000
2026-02-14 12:08:42 INFO    |  step: 27136000, ep_eval/episode_success_easy: 0.000 +/- 0.000
2026-02-14 12:08:42 INFO    |  step: 27136000, ep_eval/episode_dist: 33516.516 +/- 0.000
2026-02-14 12:08:42 INFO    |  step: 27136000, ep_eval/episode_success_any: 0.000 +/- 0.000
2026-02-14 12:08:42 INFO    |  step: 27136000, eval/episode_reward_ctrl: 0.000 +/- 0.000
2026-02-14 12:08:42 INFO    |  step: 27136000, eval/episode_reward_dist: 0.000 +/- 0.000
2026-02-14 12:08:42 INFO    |  step: 27136000, eval/episode_reward_near: 0.000 +/- 0.000
2026-02-14 12:08:42 INFO    |  step: 27136000, eval/episode_reward_survive: 0.000 +/- 0.000
2026-02-14 12:08:42 INFO    |  step: 27136000, eval/episode_success_hard: 0.000 +/- 0.000
2026-02-14 12:08:42 INFO    |  step: 27136000, ep_eval/episode_reward_ctrl: 0.000 +/- 0.000
2026-02-14 12:08:42 INFO    |  step: 27136000, ep_eval/episode_reward_dist: 0.000 +/- 0.000
2026-02-14 12:08:42 INFO    |  step: 27136000, ep_eval/episode_reward_near: 0.000 +/- 0.000
2026-02-14 12:08:42 INFO    |  step: 27136000, ep_eval/episode_reward_survive: 0.000 +/- 0.000
2026-02-14 12:08:42 INFO    |  step: 27136000, ep_eval/episode_success_hard: 0.000 +/- 0.000
2026-02-14 12:08:42 INFO    |  step: 27136000, training/actor_loss: 0.000 +/- 0.000
2026-02-14 12:08:42 INFO    |  step: 27136000, training/log_alpha: 0.000 +/- 0.000
2026-02-14 12:08:42 INFO    |  step: 27136000, training/alpha_loss: 0.000 +/- 0.000
2026-02-14 12:08:42 INFO    |  step: 27136000, training/critic_loss: 0.000 +/- 0.000
2026-02-14 12:08:42 INFO    |  step: 27136000, training/entropy: 0.000 +/- 0.000
2026-02-14 12:08:50 INFO    |  step: 35712000, training/sps: 5479.337 +/- 0.000
2026-02-14 12:08:50 INFO    |  step: 35712000, training/ep_actor_loss: 0.003 +/- 0.000
2026-02-14 12:08:50 INFO    |  step: 35712000, training/ep_alpha_loss: -0.000 +/- 0.000
2026-02-14 12:08:50 INFO    |  step: 35712000, training/ep_categorical_accuracy: 0.004 +/- 0.000
2026-02-14 12:08:50 INFO    |  step: 35712000, training/ep_critic_loss: 8.619 +/- 0.000
2026-02-14 12:08:50 INFO    |  step: 35712000, training/ep_entropy: -4.000 +/- 0.000
2026-02-14 12:08:50 INFO    |  step: 35712000, training/ep_log_alpha: -8.330 +/- 0.000
2026-02-14 12:08:50 INFO    |  step: 35712000, training/ep_logits_neg: -0.001 +/- 0.000
2026-02-14 12:08:50 INFO    |  step: 35712000, training/ep_logits_pos: -0.001 +/- 0.000
2026-02-14 12:08:50 INFO    |  step: 35712000, training/ep_logsumexp: 5.544 +/- 0.000
2026-02-14 12:08:50 INFO    |  step: 35712000, training/gcp_actor_loss: 3.588 +/- 0.000
2026-02-14 12:08:50 INFO    |  step: 35712000, training/gcp_alpha_loss: -0.000 +/- 0.000
2026-02-14 12:08:50 INFO    |  step: 35712000, training/gcp_categorical_accuracy: 0.298 +/- 0.000
2026-02-14 12:08:50 INFO    |  step: 35712000, training/gcp_critic_loss: 3.474 +/- 0.000
2026-02-14 12:08:50 INFO    |  step: 35712000, training/gcp_entropy: -4.000 +/- 0.000
2026-02-14 12:08:50 INFO    |  step: 35712000, training/gcp_log_alpha: -4.858 +/- 0.000
2026-02-14 12:08:50 INFO    |  step: 35712000, training/gcp_logits_neg: -7.529 +/- 0.000
2026-02-14 12:08:50 INFO    |  step: 35712000, training/gcp_logits_pos: -3.780 +/- 0.000
2026-02-14 12:08:50 INFO    |  step: 35712000, training/gcp_logsumexp: -0.336 +/- 0.000
2026-02-14 12:08:50 INFO    |  step: 35712000, eval/episode_reward: 0.000 +/- 0.000
2026-02-14 12:08:50 INFO    |  step: 35712000, eval/episode_success: 0.000 +/- 0.000
2026-02-14 12:08:50 INFO    |  step: 35712000, eval/episode_success_easy: 0.000 +/- 0.000
2026-02-14 12:08:50 INFO    |  step: 35712000, eval/episode_dist: 12413.182 +/- 0.000
2026-02-14 12:08:50 INFO    |  step: 35712000, eval/episode_success_any: 0.000 +/- 0.000
2026-02-14 12:08:50 INFO    |  step: 35712000, ep_eval/episode_reward: 0.000 +/- 0.000
2026-02-14 12:08:50 INFO    |  step: 35712000, ep_eval/episode_success: 0.000 +/- 0.000
2026-02-14 12:08:50 INFO    |  step: 35712000, ep_eval/episode_success_easy: 0.000 +/- 0.000
2026-02-14 12:08:50 INFO    |  step: 35712000, ep_eval/episode_dist: 12058.531 +/- 0.000
2026-02-14 12:08:50 INFO    |  step: 35712000, ep_eval/episode_success_any: 0.000 +/- 0.000
2026-02-14 12:08:50 INFO    |  step: 35712000, eval/episode_reward_ctrl: 0.000 +/- 0.000
2026-02-14 12:08:50 INFO    |  step: 35712000, eval/episode_reward_dist: 0.000 +/- 0.000
2026-02-14 12:08:50 INFO    |  step: 35712000, eval/episode_reward_near: 0.000 +/- 0.000
2026-02-14 12:08:50 INFO    |  step: 35712000, eval/episode_reward_survive: 0.000 +/- 0.000
2026-02-14 12:08:50 INFO    |  step: 35712000, eval/episode_success_hard: 0.000 +/- 0.000
2026-02-14 12:08:50 INFO    |  step: 35712000, ep_eval/episode_reward_ctrl: 0.000 +/- 0.000
2026-02-14 12:08:50 INFO    |  step: 35712000, ep_eval/episode_reward_dist: 0.000 +/- 0.000
2026-02-14 12:08:50 INFO    |  step: 35712000, ep_eval/episode_reward_near: 0.000 +/- 0.000
2026-02-14 12:08:50 INFO    |  step: 35712000, ep_eval/episode_reward_survive: 0.000 +/- 0.000
2026-02-14 12:08:50 INFO    |  step: 35712000, ep_eval/episode_success_hard: 0.000 +/- 0.000
2026-02-14 12:08:50 INFO    |  step: 35712000, training/actor_loss: 0.000 +/- 0.000
2026-02-14 12:08:50 INFO    |  step: 35712000, training/log_alpha: 0.000 +/- 0.000
2026-02-14 12:08:50 INFO    |  step: 35712000, training/alpha_loss: 0.000 +/- 0.000
2026-02-14 12:08:50 INFO    |  step: 35712000, training/critic_loss: 0.000 +/- 0.000
2026-02-14 12:08:50 INFO    |  step: 35712000, training/entropy: 0.000 +/- 0.000
2026-02-14 12:11:07 INFO    |  Visualization: collected_transitions shape: (1500, 256, 31), num_envs: 256
2026-02-14 12:11:07 INFO    |  Visualization: Raw collected_transitions has 256 unique trajectory IDs out of 384000 total transitions
2026-02-14 12:11:08 INFO    |  Visualization: processed_transitions shape: (1499, 256, 31)
2026-02-14 12:11:08 INFO    |  Visualization: Found 256 unique trajectory IDs out of 383744 total transitions
2026-02-14 12:11:08 INFO    |  Transition shapes: obs=(1499, 256, 31), traj_ids=(1499, 256), traj_ids_flat=(383744,)
2026-02-14 12:11:11 INFO    |  Plotted visualizations at env step 36480000.0
2026-02-14 12:11:31 INFO    |  step: 36480000
2026-02-14 12:11:31 INFO    |  step: 36480000, training/sps: 5468.577 +/- 0.000
2026-02-14 12:11:31 INFO    |  step: 36480000, training/ep_actor_loss: 0.003 +/- 0.000
2026-02-14 12:11:31 INFO    |  step: 36480000, training/ep_alpha_loss: -0.000 +/- 0.000
2026-02-14 12:11:31 INFO    |  step: 36480000, training/ep_categorical_accuracy: 0.004 +/- 0.000
2026-02-14 12:11:31 INFO    |  step: 36480000, training/ep_critic_loss: 8.619 +/- 0.000
2026-02-14 12:11:31 INFO    |  step: 36480000, training/ep_entropy: -4.000 +/- 0.000
2026-02-14 12:11:31 INFO    |  step: 36480000, training/ep_log_alpha: -8.330 +/- 0.000
2026-02-14 12:11:31 INFO    |  step: 36480000, training/ep_logits_neg: -0.001 +/- 0.000
2026-02-14 12:11:31 INFO    |  step: 36480000, training/ep_logits_pos: -0.001 +/- 0.000
2026-02-14 12:11:31 INFO    |  step: 36480000, training/ep_logsumexp: 5.544 +/- 0.000
2026-02-14 12:11:31 INFO    |  step: 36480000, training/gcp_actor_loss: 3.538 +/- 0.000
2026-02-14 12:11:31 INFO    |  step: 36480000, training/gcp_alpha_loss: -0.000 +/- 0.000
2026-02-14 12:11:31 INFO    |  step: 36480000, training/gcp_categorical_accuracy: 0.321 +/- 0.000
2026-02-14 12:11:31 INFO    |  step: 36480000, training/gcp_critic_loss: 3.376 +/- 0.000
2026-02-14 12:11:31 INFO    |  step: 36480000, training/gcp_entropy: -4.000 +/- 0.000
2026-02-14 12:11:31 INFO    |  step: 36480000, training/gcp_log_alpha: -4.758 +/- 0.000
2026-02-14 12:11:31 INFO    |  step: 36480000, training/gcp_logits_neg: -7.577 +/- 0.000
2026-02-14 12:11:31 INFO    |  step: 36480000, training/gcp_logits_pos: -3.722 +/- 0.000
2026-02-14 12:11:31 INFO    |  step: 36480000, training/gcp_logsumexp: -0.381 +/- 0.000
2026-02-14 12:11:31 INFO    |  step: 36480000, eval/episode_reward: 0.000 +/- 0.000
2026-02-14 12:11:31 INFO    |  step: 36480000, eval/episode_success: 0.000 +/- 0.000
2026-02-14 12:11:31 INFO    |  step: 36480000, eval/episode_success_easy: 0.000 +/- 0.000
2026-02-14 12:11:31 INFO    |  step: 36480000, eval/episode_dist: 12071.791 +/- 0.000
2026-02-14 12:11:31 INFO    |  step: 36480000, eval/episode_success_any: 0.000 +/- 0.000
2026-02-14 12:11:31 INFO    |  step: 36480000, ep_eval/episode_reward: 0.000 +/- 0.000
2026-02-14 12:11:31 INFO    |  step: 36480000, ep_eval/episode_success: 0.000 +/- 0.000
2026-02-14 12:11:31 INFO    |  step: 36480000, ep_eval/episode_success_easy: 0.000 +/- 0.000
2026-02-14 12:11:31 INFO    |  step: 36480000, ep_eval/episode_dist: 12547.244 +/- 0.000
2026-02-14 12:11:31 INFO    |  step: 36480000, ep_eval/episode_success_any: 0.000 +/- 0.000
2026-02-14 12:11:31 INFO    |  step: 36480000, eval/episode_reward_ctrl: 0.000 +/- 0.000
2026-02-14 12:11:31 INFO    |  step: 36480000, eval/episode_reward_dist: 0.000 +/- 0.000
2026-02-14 12:11:31 INFO    |  step: 36480000, eval/episode_reward_near: 0.000 +/- 0.000
2026-02-14 12:11:31 INFO    |  step: 36480000, eval/episode_reward_survive: 0.000 +/- 0.000
2026-02-14 12:11:31 INFO    |  step: 36480000, eval/episode_success_hard: 0.000 +/- 0.000
2026-02-14 12:11:31 INFO    |  step: 36480000, ep_eval/episode_reward_ctrl: 0.000 +/- 0.000
2026-02-14 12:11:31 INFO    |  step: 36480000, ep_eval/episode_reward_dist: 0.000 +/- 0.000
2026-02-14 12:11:31 INFO    |  step: 36480000, ep_eval/episode_reward_near: 0.000 +/- 0.000
2026-02-14 12:11:31 INFO    |  step: 36480000, ep_eval/episode_reward_survive: 0.000 +/- 0.000
2026-02-14 12:11:31 INFO    |  step: 36480000, ep_eval/episode_success_hard: 0.000 +/- 0.000
2026-02-14 12:11:31 INFO    |  step: 36480000, training/actor_loss: 0.000 +/- 0.000
2026-02-14 12:11:31 INFO    |  step: 36480000, training/log_alpha: 0.000 +/- 0.000
2026-02-14 12:11:31 INFO    |  step: 36480000, training/alpha_loss: 0.000 +/- 0.000
2026-02-14 12:11:31 INFO    |  step: 36480000, training/critic_loss: 0.000 +/- 0.000
2026-02-14 12:11:31 INFO    |  step: 36480000, training/entropy: 0.000 +/- 0.000
2026-02-14 12:12:37 INFO    |  Visualization: collected_transitions shape: (2000, 256, 31), num_envs: 256
2026-02-14 12:12:37 INFO    |  Visualization: Raw collected_transitions has 256 unique trajectory IDs out of 512000 total transitions
2026-02-14 12:12:38 INFO    |  Visualization: processed_transitions shape: (1999, 256, 31)
2026-02-14 12:12:39 INFO    |  Visualization: Found 256 unique trajectory IDs out of 511744 total transitions
2026-02-14 12:12:39 INFO    |  Transition shapes: obs=(1999, 256, 31), traj_ids=(1999, 256), traj_ids_flat=(511744,)
2026-02-14 12:12:41 INFO    |  Plotted visualizations at env step 28160000.0
2026-02-14 12:12:49 INFO    |  Visualization: collected_transitions shape: (2000, 256, 31), num_envs: 256
2026-02-14 12:12:49 INFO    |  Visualization: Raw collected_transitions has 256 unique trajectory IDs out of 512000 total transitions
2026-02-14 12:12:50 INFO    |  Visualization: processed_transitions shape: (1999, 256, 31)
2026-02-14 12:12:51 INFO    |  Visualization: Found 256 unique trajectory IDs out of 511744 total transitions
2026-02-14 12:12:51 INFO    |  Transition shapes: obs=(1999, 256, 31), traj_ids=(1999, 256), traj_ids_flat=(511744,)
2026-02-14 12:12:53 INFO    |  Plotted visualizations at env step 28160000.0
2026-02-14 12:13:19 INFO    |  step: 28160000
2026-02-14 12:13:19 INFO    |  step: 28160000, training/sps: 4075.166 +/- 0.000
2026-02-14 12:13:19 INFO    |  step: 28160000, training/ep_actor_loss: 0.003 +/- 0.000
2026-02-14 12:13:19 INFO    |  step: 28160000, training/ep_alpha_loss: -0.000 +/- 0.000
2026-02-14 12:13:19 INFO    |  step: 28160000, training/ep_categorical_accuracy: 0.004 +/- 0.000
2026-02-14 12:13:19 INFO    |  step: 28160000, training/ep_critic_loss: 8.619 +/- 0.000
2026-02-14 12:13:19 INFO    |  step: 28160000, training/ep_entropy: -4.000 +/- 0.000
2026-02-14 12:13:19 INFO    |  step: 28160000, training/ep_log_alpha: -8.330 +/- 0.000
2026-02-14 12:13:19 INFO    |  step: 28160000, training/ep_logits_neg: -0.001 +/- 0.000
2026-02-14 12:13:19 INFO    |  step: 28160000, training/ep_logits_pos: -0.001 +/- 0.000
2026-02-14 12:13:19 INFO    |  step: 28160000, training/ep_logsumexp: 5.544 +/- 0.000
2026-02-14 12:13:19 INFO    |  step: 28160000, training/gcp_actor_loss: 2.445 +/- 0.000
2026-02-14 12:13:19 INFO    |  step: 28160000, training/gcp_alpha_loss: 0.000 +/- 0.000
2026-02-14 12:13:19 INFO    |  step: 28160000, training/gcp_categorical_accuracy: 0.547 +/- 0.000
2026-02-14 12:13:19 INFO    |  step: 28160000, training/gcp_critic_loss: 2.103 +/- 0.000
2026-02-14 12:13:19 INFO    |  step: 28160000, training/gcp_entropy: -3.998 +/- 0.000
2026-02-14 12:13:19 INFO    |  step: 28160000, training/gcp_log_alpha: -4.289 +/- 0.000
2026-02-14 12:13:19 INFO    |  step: 28160000, training/gcp_logits_neg: -9.106 +/- 0.000
2026-02-14 12:13:19 INFO    |  step: 28160000, training/gcp_logits_pos: -2.594 +/- 0.000
2026-02-14 12:13:19 INFO    |  step: 28160000, training/gcp_logsumexp: -0.550 +/- 0.000
2026-02-14 12:13:19 INFO    |  step: 28160000, eval/episode_reward: 0.000 +/- 0.000
2026-02-14 12:13:19 INFO    |  step: 28160000, eval/episode_success: 0.000 +/- 0.000
2026-02-14 12:13:19 INFO    |  step: 28160000, eval/episode_success_easy: 0.000 +/- 0.000
2026-02-14 12:13:19 INFO    |  step: 28160000, eval/episode_dist: 32653.504 +/- 0.000
2026-02-14 12:13:19 INFO    |  step: 28160000, eval/episode_success_any: 0.000 +/- 0.000
2026-02-14 12:13:19 INFO    |  step: 28160000, ep_eval/episode_reward: 0.000 +/- 0.000
2026-02-14 12:13:19 INFO    |  step: 28160000, ep_eval/episode_success: 0.000 +/- 0.000
2026-02-14 12:13:19 INFO    |  step: 28160000, ep_eval/episode_success_easy: 0.000 +/- 0.000
2026-02-14 12:13:19 INFO    |  step: 28160000, ep_eval/episode_dist: 33282.273 +/- 0.000
2026-02-14 12:13:19 INFO    |  step: 28160000, ep_eval/episode_success_any: 0.000 +/- 0.000
2026-02-14 12:13:19 INFO    |  step: 28160000, eval/episode_reward_ctrl: 0.000 +/- 0.000
2026-02-14 12:13:19 INFO    |  step: 28160000, eval/episode_reward_dist: 0.000 +/- 0.000
2026-02-14 12:13:19 INFO    |  step: 28160000, eval/episode_reward_near: 0.000 +/- 0.000
2026-02-14 12:13:19 INFO    |  step: 28160000, eval/episode_reward_survive: 0.000 +/- 0.000
2026-02-14 12:13:19 INFO    |  step: 28160000, eval/episode_success_hard: 0.000 +/- 0.000
2026-02-14 12:13:19 INFO    |  step: 28160000, ep_eval/episode_reward_ctrl: 0.000 +/- 0.000
2026-02-14 12:13:19 INFO    |  step: 28160000, ep_eval/episode_reward_dist: 0.000 +/- 0.000
2026-02-14 12:13:19 INFO    |  step: 28160000, ep_eval/episode_reward_near: 0.000 +/- 0.000
2026-02-14 12:13:19 INFO    |  step: 28160000, ep_eval/episode_reward_survive: 0.000 +/- 0.000
2026-02-14 12:13:19 INFO    |  step: 28160000, ep_eval/episode_success_hard: 0.000 +/- 0.000
2026-02-14 12:13:19 INFO    |  step: 28160000, training/actor_loss: 0.000 +/- 0.000
2026-02-14 12:13:19 INFO    |  step: 28160000, training/log_alpha: 0.000 +/- 0.000
2026-02-14 12:13:19 INFO    |  step: 28160000, training/alpha_loss: 0.000 +/- 0.000
2026-02-14 12:13:19 INFO    |  step: 28160000, training/critic_loss: 0.000 +/- 0.000
2026-02-14 12:13:19 INFO    |  step: 28160000, training/entropy: 0.000 +/- 0.000
2026-02-14 12:13:31 INFO    |  step: 28160000
2026-02-14 12:13:31 INFO    |  step: 28160000, training/sps: 4085.529 +/- 0.000
2026-02-14 12:13:31 INFO    |  step: 28160000, training/ep_actor_loss: 0.003 +/- 0.000
2026-02-14 12:13:31 INFO    |  step: 28160000, training/ep_alpha_loss: -0.000 +/- 0.000
2026-02-14 12:13:31 INFO    |  step: 28160000, training/ep_categorical_accuracy: 0.004 +/- 0.000
2026-02-14 12:13:31 INFO    |  step: 28160000, training/ep_critic_loss: 8.619 +/- 0.000
2026-02-14 12:13:31 INFO    |  step: 28160000, training/ep_entropy: -4.000 +/- 0.000
2026-02-14 12:13:31 INFO    |  step: 28160000, training/ep_log_alpha: -8.330 +/- 0.000
2026-02-14 12:13:31 INFO    |  step: 28160000, training/ep_logits_neg: -0.001 +/- 0.000
2026-02-14 12:13:31 INFO    |  step: 28160000, training/ep_logits_pos: -0.001 +/- 0.000
2026-02-14 12:13:31 INFO    |  step: 28160000, training/ep_logsumexp: 5.544 +/- 0.000
2026-02-14 12:13:31 INFO    |  step: 28160000, training/gcp_actor_loss: 2.819 +/- 0.000
2026-02-14 12:13:31 INFO    |  step: 28160000, training/gcp_alpha_loss: -0.000 +/- 0.000
2026-02-14 12:13:31 INFO    |  step: 28160000, training/gcp_categorical_accuracy: 0.458 +/- 0.000
2026-02-14 12:13:31 INFO    |  step: 28160000, training/gcp_critic_loss: 2.503 +/- 0.000
2026-02-14 12:13:31 INFO    |  step: 28160000, training/gcp_entropy: -4.001 +/- 0.000
2026-02-14 12:13:31 INFO    |  step: 28160000, training/gcp_log_alpha: -4.347 +/- 0.000
2026-02-14 12:13:31 INFO    |  step: 28160000, training/gcp_logits_neg: -8.829 +/- 0.000
2026-02-14 12:13:31 INFO    |  step: 28160000, training/gcp_logits_pos: -3.002 +/- 0.000
2026-02-14 12:13:31 INFO    |  step: 28160000, training/gcp_logsumexp: -0.551 +/- 0.000
2026-02-14 12:13:31 INFO    |  step: 28160000, eval/episode_reward: 0.000 +/- 0.000
2026-02-14 12:13:31 INFO    |  step: 28160000, eval/episode_success: 0.000 +/- 0.000
2026-02-14 12:13:31 INFO    |  step: 28160000, eval/episode_success_easy: 0.000 +/- 0.000
2026-02-14 12:13:31 INFO    |  step: 28160000, eval/episode_dist: 32856.336 +/- 0.000
2026-02-14 12:13:31 INFO    |  step: 28160000, eval/episode_success_any: 0.000 +/- 0.000
2026-02-14 12:13:31 INFO    |  step: 28160000, ep_eval/episode_reward: 0.000 +/- 0.000
2026-02-14 12:13:31 INFO    |  step: 28160000, ep_eval/episode_success: 0.000 +/- 0.000
2026-02-14 12:13:31 INFO    |  step: 28160000, ep_eval/episode_success_easy: 0.000 +/- 0.000
2026-02-14 12:13:31 INFO    |  step: 28160000, ep_eval/episode_dist: 33280.992 +/- 0.000
2026-02-14 12:13:31 INFO    |  step: 28160000, ep_eval/episode_success_any: 0.000 +/- 0.000
2026-02-14 12:13:31 INFO    |  step: 28160000, eval/episode_reward_ctrl: 0.000 +/- 0.000
2026-02-14 12:13:31 INFO    |  step: 28160000, eval/episode_reward_dist: 0.000 +/- 0.000
2026-02-14 12:13:31 INFO    |  step: 28160000, eval/episode_reward_near: 0.000 +/- 0.000
2026-02-14 12:13:31 INFO    |  step: 28160000, eval/episode_reward_survive: 0.000 +/- 0.000
2026-02-14 12:13:31 INFO    |  step: 28160000, eval/episode_success_hard: 0.000 +/- 0.000
2026-02-14 12:13:31 INFO    |  step: 28160000, ep_eval/episode_reward_ctrl: 0.000 +/- 0.000
2026-02-14 12:13:31 INFO    |  step: 28160000, ep_eval/episode_reward_dist: 0.000 +/- 0.000
2026-02-14 12:13:31 INFO    |  step: 28160000, ep_eval/episode_reward_near: 0.000 +/- 0.000
2026-02-14 12:13:31 INFO    |  step: 28160000, ep_eval/episode_reward_survive: 0.000 +/- 0.000
2026-02-14 12:13:31 INFO    |  step: 28160000, ep_eval/episode_success_hard: 0.000 +/- 0.000
2026-02-14 12:13:31 INFO    |  step: 28160000, training/actor_loss: 0.000 +/- 0.000
2026-02-14 12:13:31 INFO    |  step: 28160000, training/log_alpha: 0.000 +/- 0.000
2026-02-14 12:13:31 INFO    |  step: 28160000, training/alpha_loss: 0.000 +/- 0.000
2026-02-14 12:13:31 INFO    |  step: 28160000, training/critic_loss: 0.000 +/- 0.000
2026-02-14 12:13:31 INFO    |  step: 28160000, training/entropy: 0.000 +/- 0.000
2026-02-14 12:13:49 INFO    |  Visualization: collected_transitions shape: (1500, 256, 31), num_envs: 256
2026-02-14 12:13:49 INFO    |  Visualization: Raw collected_transitions has 256 unique trajectory IDs out of 384000 total transitions
2026-02-14 12:13:50 INFO    |  Visualization: processed_transitions shape: (1499, 256, 31)
2026-02-14 12:13:50 INFO    |  Visualization: Found 256 unique trajectory IDs out of 383744 total transitions
2026-02-14 12:13:50 INFO    |  Transition shapes: obs=(1499, 256, 31), traj_ids=(1499, 256), traj_ids_flat=(383744,)
2026-02-14 12:13:52 INFO    |  Plotted visualizations at env step 37248000.0
2026-02-14 12:14:13 INFO    |  step: 37248000
2026-02-14 12:14:13 INFO    |  step: 37248000, training/sps: 5445.887 +/- 0.000
2026-02-14 12:14:13 INFO    |  step: 37248000, training/ep_actor_loss: 0.003 +/- 0.000
2026-02-14 12:14:13 INFO    |  step: 37248000, training/ep_alpha_loss: 0.000 +/- 0.000
2026-02-14 12:14:13 INFO    |  step: 37248000, training/ep_categorical_accuracy: 0.004 +/- 0.000
2026-02-14 12:14:13 INFO    |  step: 37248000, training/ep_critic_loss: 8.619 +/- 0.000
2026-02-14 12:14:13 INFO    |  step: 37248000, training/ep_entropy: -4.000 +/- 0.000
2026-02-14 12:14:13 INFO    |  step: 37248000, training/ep_log_alpha: -8.330 +/- 0.000
2026-02-14 12:14:13 INFO    |  step: 37248000, training/ep_logits_neg: -0.001 +/- 0.000
2026-02-14 12:14:13 INFO    |  step: 37248000, training/ep_logits_pos: -0.001 +/- 0.000
2026-02-14 12:14:13 INFO    |  step: 37248000, training/ep_logsumexp: 5.544 +/- 0.000
2026-02-14 12:14:13 INFO    |  step: 37248000, training/gcp_actor_loss: 3.405 +/- 0.000
2026-02-14 12:14:13 INFO    |  step: 37248000, training/gcp_alpha_loss: -0.000 +/- 0.000
2026-02-14 12:14:13 INFO    |  step: 37248000, training/gcp_categorical_accuracy: 0.348 +/- 0.000
2026-02-14 12:14:13 INFO    |  step: 37248000, training/gcp_critic_loss: 3.217 +/- 0.000
2026-02-14 12:14:13 INFO    |  step: 37248000, training/gcp_entropy: -4.001 +/- 0.000
2026-02-14 12:14:13 INFO    |  step: 37248000, training/gcp_log_alpha: -4.684 +/- 0.000
2026-02-14 12:14:13 INFO    |  step: 37248000, training/gcp_logits_neg: -7.736 +/- 0.000
2026-02-14 12:14:13 INFO    |  step: 37248000, training/gcp_logits_pos: -3.585 +/- 0.000
2026-02-14 12:14:13 INFO    |  step: 37248000, training/gcp_logsumexp: -0.405 +/- 0.000
2026-02-14 12:14:13 INFO    |  step: 37248000, eval/episode_reward: 0.000 +/- 0.000
2026-02-14 12:14:13 INFO    |  step: 37248000, eval/episode_success: 0.000 +/- 0.000
2026-02-14 12:14:13 INFO    |  step: 37248000, eval/episode_success_easy: 5.355 +/- 0.000
2026-02-14 12:14:13 INFO    |  step: 37248000, eval/episode_dist: 12105.883 +/- 0.000
2026-02-14 12:14:13 INFO    |  step: 37248000, eval/episode_success_any: 0.000 +/- 0.000
2026-02-14 12:14:13 INFO    |  step: 37248000, ep_eval/episode_reward: 0.000 +/- 0.000
2026-02-14 12:14:13 INFO    |  step: 37248000, ep_eval/episode_success: 0.000 +/- 0.000
2026-02-14 12:14:13 INFO    |  step: 37248000, ep_eval/episode_success_easy: 0.000 +/- 0.000
2026-02-14 12:14:13 INFO    |  step: 37248000, ep_eval/episode_dist: 12410.291 +/- 0.000
2026-02-14 12:14:13 INFO    |  step: 37248000, ep_eval/episode_success_any: 0.000 +/- 0.000
2026-02-14 12:14:13 INFO    |  step: 37248000, eval/episode_reward_ctrl: 0.000 +/- 0.000
2026-02-14 12:14:13 INFO    |  step: 37248000, eval/episode_reward_dist: 0.000 +/- 0.000
2026-02-14 12:14:13 INFO    |  step: 37248000, eval/episode_reward_near: 0.000 +/- 0.000
2026-02-14 12:14:13 INFO    |  step: 37248000, eval/episode_reward_survive: 0.000 +/- 0.000
2026-02-14 12:14:13 INFO    |  step: 37248000, eval/episode_success_hard: 0.000 +/- 0.000
2026-02-14 12:14:13 INFO    |  step: 37248000, ep_eval/episode_reward_ctrl: 0.000 +/- 0.000
2026-02-14 12:14:13 INFO    |  step: 37248000, ep_eval/episode_reward_dist: 0.000 +/- 0.000
2026-02-14 12:14:13 INFO    |  step: 37248000, ep_eval/episode_reward_near: 0.000 +/- 0.000
2026-02-14 12:14:13 INFO    |  step: 37248000, ep_eval/episode_reward_survive: 0.000 +/- 0.000
2026-02-14 12:14:13 INFO    |  step: 37248000, ep_eval/episode_success_hard: 0.000 +/- 0.000
2026-02-14 12:14:13 INFO    |  step: 37248000, training/actor_loss: 0.000 +/- 0.000
2026-02-14 12:14:13 INFO    |  step: 37248000, training/log_alpha: 0.000 +/- 0.000
2026-02-14 12:14:13 INFO    |  step: 37248000, training/alpha_loss: 0.000 +/- 0.000
2026-02-14 12:14:13 INFO    |  step: 37248000, training/critic_loss: 0.000 +/- 0.000
2026-02-14 12:14:13 INFO    |  step: 37248000, training/entropy: 0.000 +/- 0.000
2026-02-14 12:16:30 INFO    |  Visualization: collected_transitions shape: (1500, 256, 31), num_envs: 256
2026-02-14 12:16:30 INFO    |  Visualization: Raw collected_transitions has 256 unique trajectory IDs out of 384000 total transitions
2026-02-14 12:16:31 INFO    |  Visualization: processed_transitions shape: (1499, 256, 31)
2026-02-14 12:16:32 INFO    |  Visualization: Found 256 unique trajectory IDs out of 383744 total transitions
2026-02-14 12:16:32 INFO    |  Transition shapes: obs=(1499, 256, 31), traj_ids=(1499, 256), traj_ids_flat=(383744,)
2026-02-14 12:16:34 INFO    |  Plotted visualizations at env step 38016000.0
2026-02-14 12:16:55 INFO    |  step: 38016000
2026-02-14 12:16:55 INFO    |  step: 38016000, training/sps: 5440.252 +/- 0.000
2026-02-14 12:16:55 INFO    |  step: 38016000, training/ep_actor_loss: 0.003 +/- 0.000
2026-02-14 12:16:55 INFO    |  step: 38016000, training/ep_alpha_loss: -0.000 +/- 0.000
2026-02-14 12:16:55 INFO    |  step: 38016000, training/ep_categorical_accuracy: 0.004 +/- 0.000
2026-02-14 12:16:55 INFO    |  step: 38016000, training/ep_critic_loss: 8.619 +/- 0.000
2026-02-14 12:16:55 INFO    |  step: 38016000, training/ep_entropy: -4.000 +/- 0.000
2026-02-14 12:16:55 INFO    |  step: 38016000, training/ep_log_alpha: -8.330 +/- 0.000
2026-02-14 12:16:55 INFO    |  step: 38016000, training/ep_logits_neg: -0.001 +/- 0.000
2026-02-14 12:16:55 INFO    |  step: 38016000, training/ep_logits_pos: -0.001 +/- 0.000
2026-02-14 12:16:55 INFO    |  step: 38016000, training/ep_logsumexp: 5.544 +/- 0.000
2026-02-14 12:16:55 INFO    |  step: 38016000, training/gcp_actor_loss: 3.427 +/- 0.000
2026-02-14 12:16:55 INFO    |  step: 38016000, training/gcp_alpha_loss: 0.000 +/- 0.000
2026-02-14 12:16:55 INFO    |  step: 38016000, training/gcp_categorical_accuracy: 0.340 +/- 0.000
2026-02-14 12:16:55 INFO    |  step: 38016000, training/gcp_critic_loss: 3.249 +/- 0.000
2026-02-14 12:16:55 INFO    |  step: 38016000, training/gcp_entropy: -3.998 +/- 0.000
2026-02-14 12:16:55 INFO    |  step: 38016000, training/gcp_log_alpha: -4.756 +/- 0.000
2026-02-14 12:16:55 INFO    |  step: 38016000, training/gcp_logits_neg: -7.703 +/- 0.000
2026-02-14 12:16:55 INFO    |  step: 38016000, training/gcp_logits_pos: -3.606 +/- 0.000
2026-02-14 12:16:55 INFO    |  step: 38016000, training/gcp_logsumexp: -0.393 +/- 0.000
2026-02-14 12:16:55 INFO    |  step: 38016000, eval/episode_reward: 0.000 +/- 0.000
2026-02-14 12:16:55 INFO    |  step: 38016000, eval/episode_success: 0.000 +/- 0.000
2026-02-14 12:16:55 INFO    |  step: 38016000, eval/episode_success_easy: 10.707 +/- 0.000
2026-02-14 12:16:55 INFO    |  step: 38016000, eval/episode_dist: 12002.425 +/- 0.000
2026-02-14 12:16:55 INFO    |  step: 38016000, eval/episode_success_any: 0.000 +/- 0.000
2026-02-14 12:16:55 INFO    |  step: 38016000, ep_eval/episode_reward: 0.000 +/- 0.000
2026-02-14 12:16:55 INFO    |  step: 38016000, ep_eval/episode_success: 0.000 +/- 0.000
2026-02-14 12:16:55 INFO    |  step: 38016000, ep_eval/episode_success_easy: 0.000 +/- 0.000
2026-02-14 12:16:55 INFO    |  step: 38016000, ep_eval/episode_dist: 12325.381 +/- 0.000
2026-02-14 12:16:55 INFO    |  step: 38016000, ep_eval/episode_success_any: 0.000 +/- 0.000
2026-02-14 12:16:55 INFO    |  step: 38016000, eval/episode_reward_ctrl: 0.000 +/- 0.000
2026-02-14 12:16:55 INFO    |  step: 38016000, eval/episode_reward_dist: 0.000 +/- 0.000
2026-02-14 12:16:55 INFO    |  step: 38016000, eval/episode_reward_near: 0.000 +/- 0.000
2026-02-14 12:16:55 INFO    |  step: 38016000, eval/episode_reward_survive: 0.000 +/- 0.000
2026-02-14 12:16:55 INFO    |  step: 38016000, eval/episode_success_hard: 0.000 +/- 0.000
2026-02-14 12:16:55 INFO    |  step: 38016000, ep_eval/episode_reward_ctrl: 0.000 +/- 0.000
2026-02-14 12:16:55 INFO    |  step: 38016000, ep_eval/episode_reward_dist: 0.000 +/- 0.000
2026-02-14 12:16:55 INFO    |  step: 38016000, ep_eval/episode_reward_near: 0.000 +/- 0.000
2026-02-14 12:16:55 INFO    |  step: 38016000, ep_eval/episode_reward_survive: 0.000 +/- 0.000
2026-02-14 12:16:55 INFO    |  step: 38016000, ep_eval/episode_success_hard: 0.000 +/- 0.000
2026-02-14 12:16:55 INFO    |  step: 38016000, training/actor_loss: 0.000 +/- 0.000
2026-02-14 12:16:55 INFO    |  step: 38016000, training/log_alpha: 0.000 +/- 0.000
2026-02-14 12:16:55 INFO    |  step: 38016000, training/alpha_loss: 0.000 +/- 0.000
2026-02-14 12:16:55 INFO    |  step: 38016000, training/critic_loss: 0.000 +/- 0.000
2026-02-14 12:16:55 INFO    |  step: 38016000, training/entropy: 0.000 +/- 0.000
2026-02-14 12:17:26 INFO    |  Visualization: collected_transitions shape: (2000, 256, 31), num_envs: 256
2026-02-14 12:17:26 INFO    |  Visualization: Raw collected_transitions has 256 unique trajectory IDs out of 512000 total transitions
2026-02-14 12:17:27 INFO    |  Visualization: processed_transitions shape: (1999, 256, 31)
2026-02-14 12:17:27 INFO    |  Visualization: Found 256 unique trajectory IDs out of 511744 total transitions
2026-02-14 12:17:27 INFO    |  Transition shapes: obs=(1999, 256, 31), traj_ids=(1999, 256), traj_ids_flat=(511744,)
2026-02-14 12:17:30 INFO    |  Plotted visualizations at env step 29184000.0
2026-02-14 12:17:38 INFO    |  Visualization: collected_transitions shape: (2000, 256, 31), num_envs: 256
2026-02-14 12:17:38 INFO    |  Visualization: Raw collected_transitions has 256 unique trajectory IDs out of 512000 total transitions
2026-02-14 12:17:39 INFO    |  Visualization: processed_transitions shape: (1999, 256, 31)
2026-02-14 12:17:40 INFO    |  Visualization: Found 256 unique trajectory IDs out of 511744 total transitions
2026-02-14 12:17:40 INFO    |  Transition shapes: obs=(1999, 256, 31), traj_ids=(1999, 256), traj_ids_flat=(511744,)
2026-02-14 12:17:42 INFO    |  Plotted visualizations at env step 29184000.0
2026-02-14 12:18:08 INFO    |  step: 29184000
2026-02-14 12:18:08 INFO    |  step: 29184000, training/sps: 4078.728 +/- 0.000
2026-02-14 12:18:08 INFO    |  step: 29184000, training/ep_actor_loss: 0.003 +/- 0.000
2026-02-14 12:18:08 INFO    |  step: 29184000, training/ep_alpha_loss: 0.000 +/- 0.000
2026-02-14 12:18:08 INFO    |  step: 29184000, training/ep_categorical_accuracy: 0.004 +/- 0.000
2026-02-14 12:18:08 INFO    |  step: 29184000, training/ep_critic_loss: 8.619 +/- 0.000
2026-02-14 12:18:08 INFO    |  step: 29184000, training/ep_entropy: -4.000 +/- 0.000
2026-02-14 12:18:08 INFO    |  step: 29184000, training/ep_log_alpha: -8.330 +/- 0.000
2026-02-14 12:18:08 INFO    |  step: 29184000, training/ep_logits_neg: -0.001 +/- 0.000
2026-02-14 12:18:08 INFO    |  step: 29184000, training/ep_logits_pos: -0.001 +/- 0.000
2026-02-14 12:18:08 INFO    |  step: 29184000, training/ep_logsumexp: 5.544 +/- 0.000
2026-02-14 12:18:08 INFO    |  step: 29184000, training/gcp_actor_loss: 2.622 +/- 0.000
2026-02-14 12:18:08 INFO    |  step: 29184000, training/gcp_alpha_loss: 0.000 +/- 0.000
2026-02-14 12:18:08 INFO    |  step: 29184000, training/gcp_categorical_accuracy: 0.501 +/- 0.000
2026-02-14 12:18:08 INFO    |  step: 29184000, training/gcp_critic_loss: 2.328 +/- 0.000
2026-02-14 12:18:08 INFO    |  step: 29184000, training/gcp_entropy: -3.999 +/- 0.000
2026-02-14 12:18:08 INFO    |  step: 29184000, training/gcp_log_alpha: -4.491 +/- 0.000
2026-02-14 12:18:08 INFO    |  step: 29184000, training/gcp_logits_neg: -8.819 +/- 0.000
2026-02-14 12:18:08 INFO    |  step: 29184000, training/gcp_logits_pos: -2.787 +/- 0.000
2026-02-14 12:18:08 INFO    |  step: 29184000, training/gcp_logsumexp: -0.511 +/- 0.000
2026-02-14 12:18:08 INFO    |  step: 29184000, eval/episode_reward: 0.000 +/- 0.000
2026-02-14 12:18:08 INFO    |  step: 29184000, eval/episode_success: 0.000 +/- 0.000
2026-02-14 12:18:08 INFO    |  step: 29184000, eval/episode_success_easy: 0.000 +/- 0.000
2026-02-14 12:18:08 INFO    |  step: 29184000, eval/episode_dist: 32879.133 +/- 0.000
2026-02-14 12:18:08 INFO    |  step: 29184000, eval/episode_success_any: 0.000 +/- 0.000
2026-02-14 12:18:08 INFO    |  step: 29184000, ep_eval/episode_reward: 0.000 +/- 0.000
2026-02-14 12:18:08 INFO    |  step: 29184000, ep_eval/episode_success: 0.000 +/- 0.000
2026-02-14 12:18:08 INFO    |  step: 29184000, ep_eval/episode_success_easy: 0.000 +/- 0.000
2026-02-14 12:18:08 INFO    |  step: 29184000, ep_eval/episode_dist: 32882.668 +/- 0.000
2026-02-14 12:18:08 INFO    |  step: 29184000, ep_eval/episode_success_any: 0.000 +/- 0.000
2026-02-14 12:18:08 INFO    |  step: 29184000, eval/episode_reward_ctrl: 0.000 +/- 0.000
2026-02-14 12:18:08 INFO    |  step: 29184000, eval/episode_reward_dist: 0.000 +/- 0.000
2026-02-14 12:18:08 INFO    |  step: 29184000, eval/episode_reward_near: 0.000 +/- 0.000
2026-02-14 12:18:08 INFO    |  step: 29184000, eval/episode_reward_survive: 0.000 +/- 0.000
2026-02-14 12:18:08 INFO    |  step: 29184000, eval/episode_success_hard: 0.000 +/- 0.000
2026-02-14 12:18:08 INFO    |  step: 29184000, ep_eval/episode_reward_ctrl: 0.000 +/- 0.000
2026-02-14 12:18:08 INFO    |  step: 29184000, ep_eval/episode_reward_dist: 0.000 +/- 0.000
2026-02-14 12:18:08 INFO    |  step: 29184000, ep_eval/episode_reward_near: 0.000 +/- 0.000
2026-02-14 12:18:08 INFO    |  step: 29184000, ep_eval/episode_reward_survive: 0.000 +/- 0.000
2026-02-14 12:18:08 INFO    |  step: 29184000, ep_eval/episode_success_hard: 0.000 +/- 0.000
2026-02-14 12:18:08 INFO    |  step: 29184000, training/actor_loss: 0.000 +/- 0.000
2026-02-14 12:18:08 INFO    |  step: 29184000, training/log_alpha: 0.000 +/- 0.000
2026-02-14 12:18:08 INFO    |  step: 29184000, training/alpha_loss: 0.000 +/- 0.000
2026-02-14 12:18:08 INFO    |  step: 29184000, training/critic_loss: 0.000 +/- 0.000
2026-02-14 12:18:08 INFO    |  step: 29184000, training/entropy: 0.000 +/- 0.000
2026-02-14 12:18:20 INFO    |  step: 29184000
2026-02-14 12:18:20 INFO    |  step: 29184000, training/sps: 4080.099 +/- 0.000
2026-02-14 12:18:20 INFO    |  step: 29184000, training/ep_actor_loss: 0.003 +/- 0.000
2026-02-14 12:18:20 INFO    |  step: 29184000, training/ep_alpha_loss: 0.000 +/- 0.000
2026-02-14 12:18:20 INFO    |  step: 29184000, training/ep_categorical_accuracy: 0.004 +/- 0.000
2026-02-14 12:18:20 INFO    |  step: 29184000, training/ep_critic_loss: 8.619 +/- 0.000
2026-02-14 12:18:20 INFO    |  step: 29184000, training/ep_entropy: -4.000 +/- 0.000
2026-02-14 12:18:20 INFO    |  step: 29184000, training/ep_log_alpha: -8.330 +/- 0.000
2026-02-14 12:18:20 INFO    |  step: 29184000, training/ep_logits_neg: -0.001 +/- 0.000
2026-02-14 12:18:20 INFO    |  step: 29184000, training/ep_logits_pos: -0.001 +/- 0.000
2026-02-14 12:18:20 INFO    |  step: 29184000, training/ep_logsumexp: 5.544 +/- 0.000
2026-02-14 12:18:20 INFO    |  step: 29184000, training/gcp_actor_loss: 2.882 +/- 0.000
2026-02-14 12:18:20 INFO    |  step: 29184000, training/gcp_alpha_loss: 0.000 +/- 0.000
2026-02-14 12:18:20 INFO    |  step: 29184000, training/gcp_categorical_accuracy: 0.459 +/- 0.000
2026-02-14 12:18:20 INFO    |  step: 29184000, training/gcp_critic_loss: 2.541 +/- 0.000
2026-02-14 12:18:20 INFO    |  step: 29184000, training/gcp_entropy: -4.000 +/- 0.000
2026-02-14 12:18:20 INFO    |  step: 29184000, training/gcp_log_alpha: -4.309 +/- 0.000
2026-02-14 12:18:20 INFO    |  step: 29184000, training/gcp_logits_neg: -8.712 +/- 0.000
2026-02-14 12:18:20 INFO    |  step: 29184000, training/gcp_logits_pos: -3.048 +/- 0.000
2026-02-14 12:18:20 INFO    |  step: 29184000, training/gcp_logsumexp: -0.562 +/- 0.000
2026-02-14 12:18:20 INFO    |  step: 29184000, eval/episode_reward: 0.000 +/- 0.000
2026-02-14 12:18:20 INFO    |  step: 29184000, eval/episode_success: 0.000 +/- 0.000
2026-02-14 12:18:20 INFO    |  step: 29184000, eval/episode_success_easy: 7.324 +/- 0.000
2026-02-14 12:18:20 INFO    |  step: 29184000, eval/episode_dist: 32251.430 +/- 0.000
2026-02-14 12:18:21 INFO    |  step: 29184000, eval/episode_success_any: 0.000 +/- 0.000
2026-02-14 12:18:21 INFO    |  step: 29184000, ep_eval/episode_reward: 0.000 +/- 0.000
2026-02-14 12:18:21 INFO    |  step: 29184000, ep_eval/episode_success: 0.000 +/- 0.000
2026-02-14 12:18:21 INFO    |  step: 29184000, ep_eval/episode_success_easy: 0.000 +/- 0.000
2026-02-14 12:18:21 INFO    |  step: 29184000, ep_eval/episode_dist: 32882.191 +/- 0.000
2026-02-14 12:18:21 INFO    |  step: 29184000, ep_eval/episode_success_any: 0.000 +/- 0.000
2026-02-14 12:18:21 INFO    |  step: 29184000, eval/episode_reward_ctrl: 0.000 +/- 0.000
2026-02-14 12:18:21 INFO    |  step: 29184000, eval/episode_reward_dist: 0.000 +/- 0.000
2026-02-14 12:18:21 INFO    |  step: 29184000, eval/episode_reward_near: 0.000 +/- 0.000
2026-02-14 12:18:21 INFO    |  step: 29184000, eval/episode_reward_survive: 0.000 +/- 0.000
2026-02-14 12:18:21 INFO    |  step: 29184000, eval/episode_success_hard: 0.000 +/- 0.000
2026-02-14 12:18:21 INFO    |  step: 29184000, ep_eval/episode_reward_ctrl: 0.000 +/- 0.000
2026-02-14 12:18:21 INFO    |  step: 29184000, ep_eval/episode_reward_dist: 0.000 +/- 0.000
2026-02-14 12:18:21 INFO    |  step: 29184000, ep_eval/episode_reward_near: 0.000 +/- 0.000
2026-02-14 12:18:21 INFO    |  step: 29184000, ep_eval/episode_reward_survive: 0.000 +/- 0.000
2026-02-14 12:18:21 INFO    |  step: 29184000, ep_eval/episode_success_hard: 0.000 +/- 0.000
2026-02-14 12:18:21 INFO    |  step: 29184000, training/actor_loss: 0.000 +/- 0.000
2026-02-14 12:18:21 INFO    |  step: 29184000, training/log_alpha: 0.000 +/- 0.000
2026-02-14 12:18:21 INFO    |  step: 29184000, training/alpha_loss: 0.000 +/- 0.000
2026-02-14 12:18:21 INFO    |  step: 29184000, training/critic_loss: 0.000 +/- 0.000
2026-02-14 12:18:21 INFO    |  step: 29184000, training/entropy: 0.000 +/- 0.000
2026-02-14 12:19:12 INFO    |  Visualization: collected_transitions shape: (1500, 256, 31), num_envs: 256
2026-02-14 12:19:12 INFO    |  Visualization: Raw collected_transitions has 256 unique trajectory IDs out of 384000 total transitions
2026-02-14 12:19:12 INFO    |  Visualization: processed_transitions shape: (1499, 256, 31)
2026-02-14 12:19:13 INFO    |  Visualization: Found 256 unique trajectory IDs out of 383744 total transitions
2026-02-14 12:19:13 INFO    |  Transition shapes: obs=(1499, 256, 31), traj_ids=(1499, 256), traj_ids_flat=(383744,)
2026-02-14 12:19:15 INFO    |  Plotted visualizations at env step 38784000.0
2026-02-14 12:19:36 INFO    |  step: 38784000
2026-02-14 12:19:36 INFO    |  step: 38784000, training/sps: 5471.839 +/- 0.000
2026-02-14 12:19:36 INFO    |  step: 38784000, training/ep_actor_loss: 0.003 +/- 0.000
2026-02-14 12:19:36 INFO    |  step: 38784000, training/ep_alpha_loss: -0.000 +/- 0.000
2026-02-14 12:19:36 INFO    |  step: 38784000, training/ep_categorical_accuracy: 0.004 +/- 0.000
2026-02-14 12:19:36 INFO    |  step: 38784000, training/ep_critic_loss: 8.619 +/- 0.000
2026-02-14 12:19:36 INFO    |  step: 38784000, training/ep_entropy: -4.000 +/- 0.000
2026-02-14 12:19:36 INFO    |  step: 38784000, training/ep_log_alpha: -8.330 +/- 0.000
2026-02-14 12:19:36 INFO    |  step: 38784000, training/ep_logits_neg: -0.001 +/- 0.000
2026-02-14 12:19:36 INFO    |  step: 38784000, training/ep_logits_pos: -0.001 +/- 0.000
2026-02-14 12:19:36 INFO    |  step: 38784000, training/ep_logsumexp: 5.544 +/- 0.000
2026-02-14 12:19:36 INFO    |  step: 38784000, training/gcp_actor_loss: 3.492 +/- 0.000
2026-02-14 12:19:36 INFO    |  step: 38784000, training/gcp_alpha_loss: -0.000 +/- 0.000
2026-02-14 12:19:36 INFO    |  step: 38784000, training/gcp_categorical_accuracy: 0.327 +/- 0.000
2026-02-14 12:19:36 INFO    |  step: 38784000, training/gcp_critic_loss: 3.324 +/- 0.000
2026-02-14 12:19:36 INFO    |  step: 38784000, training/gcp_entropy: -4.002 +/- 0.000
2026-02-14 12:19:36 INFO    |  step: 38784000, training/gcp_log_alpha: -4.797 +/- 0.000
2026-02-14 12:19:36 INFO    |  step: 38784000, training/gcp_logits_neg: -7.631 +/- 0.000
2026-02-14 12:19:36 INFO    |  step: 38784000, training/gcp_logits_pos: -3.673 +/- 0.000
2026-02-14 12:19:36 INFO    |  step: 38784000, training/gcp_logsumexp: -0.382 +/- 0.000
2026-02-14 12:19:36 INFO    |  step: 38784000, eval/episode_reward: 0.000 +/- 0.000
2026-02-14 12:19:36 INFO    |  step: 38784000, eval/episode_success: 0.000 +/- 0.000
2026-02-14 12:19:36 INFO    |  step: 38784000, eval/episode_success_easy: 5.035 +/- 0.000
2026-02-14 12:19:36 INFO    |  step: 38784000, eval/episode_dist: 12119.335 +/- 0.000
2026-02-14 12:19:36 INFO    |  step: 38784000, eval/episode_success_any: 0.000 +/- 0.000
2026-02-14 12:19:36 INFO    |  step: 38784000, ep_eval/episode_reward: 0.000 +/- 0.000
2026-02-14 12:19:36 INFO    |  step: 38784000, ep_eval/episode_success: 0.000 +/- 0.000
2026-02-14 12:19:36 INFO    |  step: 38784000, ep_eval/episode_success_easy: 0.000 +/- 0.000
2026-02-14 12:19:36 INFO    |  step: 38784000, ep_eval/episode_dist: 12207.844 +/- 0.000
2026-02-14 12:19:36 INFO    |  step: 38784000, ep_eval/episode_success_any: 0.000 +/- 0.000
2026-02-14 12:19:36 INFO    |  step: 38784000, eval/episode_reward_ctrl: 0.000 +/- 0.000
2026-02-14 12:19:36 INFO    |  step: 38784000, eval/episode_reward_dist: 0.000 +/- 0.000
2026-02-14 12:19:36 INFO    |  step: 38784000, eval/episode_reward_near: 0.000 +/- 0.000
2026-02-14 12:19:36 INFO    |  step: 38784000, eval/episode_reward_survive: 0.000 +/- 0.000
2026-02-14 12:19:36 INFO    |  step: 38784000, eval/episode_success_hard: 0.000 +/- 0.000
2026-02-14 12:19:36 INFO    |  step: 38784000, ep_eval/episode_reward_ctrl: 0.000 +/- 0.000
2026-02-14 12:19:36 INFO    |  step: 38784000, ep_eval/episode_reward_dist: 0.000 +/- 0.000
2026-02-14 12:19:36 INFO    |  step: 38784000, ep_eval/episode_reward_near: 0.000 +/- 0.000
2026-02-14 12:19:36 INFO    |  step: 38784000, ep_eval/episode_reward_survive: 0.000 +/- 0.000
2026-02-14 12:19:36 INFO    |  step: 38784000, ep_eval/episode_success_hard: 0.000 +/- 0.000
2026-02-14 12:19:36 INFO    |  step: 38784000, training/actor_loss: 0.000 +/- 0.000
2026-02-14 12:19:36 INFO    |  step: 38784000, training/log_alpha: 0.000 +/- 0.000
2026-02-14 12:19:36 INFO    |  step: 38784000, training/alpha_loss: 0.000 +/- 0.000
2026-02-14 12:19:36 INFO    |  step: 38784000, training/critic_loss: 0.000 +/- 0.000
2026-02-14 12:19:36 INFO    |  step: 38784000, training/entropy: 0.000 +/- 0.000
2026-02-14 12:21:53 INFO    |  Visualization: collected_transitions shape: (1500, 256, 31), num_envs: 256
2026-02-14 12:21:53 INFO    |  Visualization: Raw collected_transitions has 256 unique trajectory IDs out of 384000 total transitions
2026-02-14 12:21:54 INFO    |  Visualization: processed_transitions shape: (1499, 256, 31)
2026-02-14 12:21:54 INFO    |  Visualization: Found 256 unique trajectory IDs out of 383744 total transitions
2026-02-14 12:21:54 INFO    |  Transition shapes: obs=(1499, 256, 31), traj_ids=(1499, 256), traj_ids_flat=(383744,)
2026-02-14 12:21:57 INFO    |  Plotted visualizations at env step 39552000.0
2026-02-14 12:22:15 INFO    |  Visualization: collected_transitions shape: (2000, 256, 31), num_envs: 256
2026-02-14 12:22:15 INFO    |  Visualization: Raw collected_transitions has 256 unique trajectory IDs out of 512000 total transitions
2026-02-14 12:22:16 INFO    |  Visualization: processed_transitions shape: (1999, 256, 31)
2026-02-14 12:22:16 INFO    |  Visualization: Found 256 unique trajectory IDs out of 511744 total transitions
2026-02-14 12:22:16 INFO    |  Transition shapes: obs=(1999, 256, 31), traj_ids=(1999, 256), traj_ids_flat=(511744,)
2026-02-14 12:22:17 INFO    |  step: 39552000
2026-02-14 12:22:19 INFO    |  Plotted visualizations at env step 30208000.0
2026-02-14 12:22:20 INFO    |  actor input shape: (1, 31)
2026-02-14 12:22:29 INFO    |  Visualization: collected_transitions shape: (2000, 256, 31), num_envs: 256
2026-02-14 12:22:29 INFO    |  Visualization: Raw collected_transitions has 256 unique trajectory IDs out of 512000 total transitions
2026-02-14 12:22:30 INFO    |  Visualization: processed_transitions shape: (1999, 256, 31)
2026-02-14 12:22:30 INFO    |  Visualization: Found 256 unique trajectory IDs out of 511744 total transitions
2026-02-14 12:22:30 INFO    |  Transition shapes: obs=(1999, 256, 31), traj_ids=(1999, 256), traj_ids_flat=(511744,)
2026-02-14 12:22:32 INFO    |  Plotted visualizations at env step 30208000.0
2026-02-14 12:22:50 INFO    |  step: 39552000, training/sps: 5442.405 +/- 0.000
2026-02-14 12:22:50 INFO    |  step: 39552000, training/ep_actor_loss: 0.003 +/- 0.000
2026-02-14 12:22:50 INFO    |  step: 39552000, training/ep_alpha_loss: 0.000 +/- 0.000
2026-02-14 12:22:50 INFO    |  step: 39552000, training/ep_categorical_accuracy: 0.004 +/- 0.000
2026-02-14 12:22:50 INFO    |  step: 39552000, training/ep_critic_loss: 8.619 +/- 0.000
2026-02-14 12:22:50 INFO    |  step: 39552000, training/ep_entropy: -4.000 +/- 0.000
2026-02-14 12:22:50 INFO    |  step: 39552000, training/ep_log_alpha: -8.330 +/- 0.000
2026-02-14 12:22:50 INFO    |  step: 39552000, training/ep_logits_neg: -0.001 +/- 0.000
2026-02-14 12:22:50 INFO    |  step: 39552000, training/ep_logits_pos: -0.001 +/- 0.000
2026-02-14 12:22:50 INFO    |  step: 39552000, training/ep_logsumexp: 5.544 +/- 0.000
2026-02-14 12:22:50 INFO    |  step: 39552000, training/gcp_actor_loss: 3.396 +/- 0.000
2026-02-14 12:22:50 INFO    |  step: 39552000, training/gcp_alpha_loss: 0.000 +/- 0.000
2026-02-14 12:22:50 INFO    |  step: 39552000, training/gcp_categorical_accuracy: 0.350 +/- 0.000
2026-02-14 12:22:50 INFO    |  step: 39552000, training/gcp_critic_loss: 3.197 +/- 0.000
2026-02-14 12:22:50 INFO    |  step: 39552000, training/gcp_entropy: -4.000 +/- 0.000
2026-02-14 12:22:50 INFO    |  step: 39552000, training/gcp_log_alpha: -4.723 +/- 0.000
2026-02-14 12:22:50 INFO    |  step: 39552000, training/gcp_logits_neg: -7.733 +/- 0.000
2026-02-14 12:22:50 INFO    |  step: 39552000, training/gcp_logits_pos: -3.572 +/- 0.000
2026-02-14 12:22:50 INFO    |  step: 39552000, training/gcp_logsumexp: -0.412 +/- 0.000
2026-02-14 12:22:50 INFO    |  step: 39552000, eval/episode_reward: 0.000 +/- 0.000
2026-02-14 12:22:50 INFO    |  step: 39552000, eval/episode_success: 0.000 +/- 0.000
2026-02-14 12:22:50 INFO    |  step: 39552000, eval/episode_success_easy: 33.699 +/- 0.000
2026-02-14 12:22:50 INFO    |  step: 39552000, eval/episode_dist: 12117.207 +/- 0.000
2026-02-14 12:22:50 INFO    |  step: 39552000, eval/episode_success_any: 0.000 +/- 0.000
2026-02-14 12:22:50 INFO    |  step: 39552000, ep_eval/episode_reward: 0.000 +/- 0.000
2026-02-14 12:22:50 INFO    |  step: 39552000, ep_eval/episode_success: 0.000 +/- 0.000
2026-02-14 12:22:50 INFO    |  step: 39552000, ep_eval/episode_success_easy: 0.000 +/- 0.000
2026-02-14 12:22:50 INFO    |  step: 39552000, ep_eval/episode_dist: 12050.943 +/- 0.000
2026-02-14 12:22:50 INFO    |  step: 39552000, ep_eval/episode_success_any: 0.000 +/- 0.000
2026-02-14 12:22:50 INFO    |  step: 39552000, eval/episode_reward_ctrl: 0.000 +/- 0.000
2026-02-14 12:22:50 INFO    |  step: 39552000, eval/episode_reward_dist: 0.000 +/- 0.000
2026-02-14 12:22:50 INFO    |  step: 39552000, eval/episode_reward_near: 0.000 +/- 0.000
2026-02-14 12:22:50 INFO    |  step: 39552000, eval/episode_reward_survive: 0.000 +/- 0.000
2026-02-14 12:22:50 INFO    |  step: 39552000, eval/episode_success_hard: 0.000 +/- 0.000
2026-02-14 12:22:50 INFO    |  step: 39552000, ep_eval/episode_reward_ctrl: 0.000 +/- 0.000
2026-02-14 12:22:50 INFO    |  step: 39552000, ep_eval/episode_reward_dist: 0.000 +/- 0.000
2026-02-14 12:22:50 INFO    |  step: 39552000, ep_eval/episode_reward_near: 0.000 +/- 0.000
2026-02-14 12:22:50 INFO    |  step: 39552000, ep_eval/episode_reward_survive: 0.000 +/- 0.000
2026-02-14 12:22:50 INFO    |  step: 39552000, ep_eval/episode_success_hard: 0.000 +/- 0.000
2026-02-14 12:22:50 INFO    |  step: 39552000, training/actor_loss: 0.000 +/- 0.000
2026-02-14 12:22:50 INFO    |  step: 39552000, training/log_alpha: 0.000 +/- 0.000
2026-02-14 12:22:50 INFO    |  step: 39552000, training/alpha_loss: 0.000 +/- 0.000
2026-02-14 12:22:50 INFO    |  step: 39552000, training/critic_loss: 0.000 +/- 0.000
2026-02-14 12:22:50 INFO    |  step: 39552000, training/entropy: 0.000 +/- 0.000
2026-02-14 12:22:56 INFO    |  step: 30208000
2026-02-14 12:22:56 INFO    |  step: 30208000, training/sps: 4083.572 +/- 0.000
2026-02-14 12:22:56 INFO    |  step: 30208000, training/ep_actor_loss: 0.003 +/- 0.000
2026-02-14 12:22:56 INFO    |  step: 30208000, training/ep_alpha_loss: 0.000 +/- 0.000
2026-02-14 12:22:56 INFO    |  step: 30208000, training/ep_categorical_accuracy: 0.004 +/- 0.000
2026-02-14 12:22:56 INFO    |  step: 30208000, training/ep_critic_loss: 8.619 +/- 0.000
2026-02-14 12:22:56 INFO    |  step: 30208000, training/ep_entropy: -4.000 +/- 0.000
2026-02-14 12:22:56 INFO    |  step: 30208000, training/ep_log_alpha: -8.330 +/- 0.000
2026-02-14 12:22:56 INFO    |  step: 30208000, training/ep_logits_neg: -0.001 +/- 0.000
2026-02-14 12:22:56 INFO    |  step: 30208000, training/ep_logits_pos: -0.001 +/- 0.000
2026-02-14 12:22:56 INFO    |  step: 30208000, training/ep_logsumexp: 5.544 +/- 0.000
2026-02-14 12:22:56 INFO    |  step: 30208000, training/gcp_actor_loss: 2.695 +/- 0.000
2026-02-14 12:22:56 INFO    |  step: 30208000, training/gcp_alpha_loss: 0.000 +/- 0.000
2026-02-14 12:22:56 INFO    |  step: 30208000, training/gcp_categorical_accuracy: 0.482 +/- 0.000
2026-02-14 12:22:56 INFO    |  step: 30208000, training/gcp_critic_loss: 2.412 +/- 0.000
2026-02-14 12:22:56 INFO    |  step: 30208000, training/gcp_entropy: -3.999 +/- 0.000
2026-02-14 12:22:56 INFO    |  step: 30208000, training/gcp_log_alpha: -4.617 +/- 0.000
2026-02-14 12:22:56 INFO    |  step: 30208000, training/gcp_logits_neg: -8.729 +/- 0.000
2026-02-14 12:22:56 INFO    |  step: 30208000, training/gcp_logits_pos: -2.868 +/- 0.000
2026-02-14 12:22:56 INFO    |  step: 30208000, training/gcp_logsumexp: -0.506 +/- 0.000
2026-02-14 12:22:56 INFO    |  step: 30208000, eval/episode_reward: 0.000 +/- 0.000
2026-02-14 12:22:56 INFO    |  step: 30208000, eval/episode_success: 0.000 +/- 0.000
2026-02-14 12:22:56 INFO    |  step: 30208000, eval/episode_success_easy: 0.000 +/- 0.000
2026-02-14 12:22:56 INFO    |  step: 30208000, eval/episode_dist: 33274.734 +/- 0.000
2026-02-14 12:22:56 INFO    |  step: 30208000, eval/episode_success_any: 0.000 +/- 0.000
2026-02-14 12:22:56 INFO    |  step: 30208000, ep_eval/episode_reward: 0.000 +/- 0.000
2026-02-14 12:22:56 INFO    |  step: 30208000, ep_eval/episode_success: 0.000 +/- 0.000
2026-02-14 12:22:56 INFO    |  step: 30208000, ep_eval/episode_success_easy: 0.000 +/- 0.000
2026-02-14 12:22:56 INFO    |  step: 30208000, ep_eval/episode_dist: 33273.922 +/- 0.000
2026-02-14 12:22:56 INFO    |  step: 30208000, ep_eval/episode_success_any: 0.000 +/- 0.000
2026-02-14 12:22:56 INFO    |  step: 30208000, eval/episode_reward_ctrl: 0.000 +/- 0.000
2026-02-14 12:22:56 INFO    |  step: 30208000, eval/episode_reward_dist: 0.000 +/- 0.000
2026-02-14 12:22:56 INFO    |  step: 30208000, eval/episode_reward_near: 0.000 +/- 0.000
2026-02-14 12:22:56 INFO    |  step: 30208000, eval/episode_reward_survive: 0.000 +/- 0.000
2026-02-14 12:22:56 INFO    |  step: 30208000, eval/episode_success_hard: 0.000 +/- 0.000
2026-02-14 12:22:56 INFO    |  step: 30208000, ep_eval/episode_reward_ctrl: 0.000 +/- 0.000
2026-02-14 12:22:56 INFO    |  step: 30208000, ep_eval/episode_reward_dist: 0.000 +/- 0.000
2026-02-14 12:22:56 INFO    |  step: 30208000, ep_eval/episode_reward_near: 0.000 +/- 0.000
2026-02-14 12:22:56 INFO    |  step: 30208000, ep_eval/episode_reward_survive: 0.000 +/- 0.000
2026-02-14 12:22:56 INFO    |  step: 30208000, ep_eval/episode_success_hard: 0.000 +/- 0.000
2026-02-14 12:22:56 INFO    |  step: 30208000, training/actor_loss: 0.000 +/- 0.000
2026-02-14 12:22:56 INFO    |  step: 30208000, training/log_alpha: 0.000 +/- 0.000
2026-02-14 12:22:56 INFO    |  step: 30208000, training/alpha_loss: 0.000 +/- 0.000
2026-02-14 12:22:56 INFO    |  step: 30208000, training/critic_loss: 0.000 +/- 0.000
2026-02-14 12:22:56 INFO    |  step: 30208000, training/entropy: 0.000 +/- 0.000
2026-02-14 12:23:11 INFO    |  step: 30208000
2026-02-14 12:23:11 INFO    |  step: 30208000, training/sps: 4065.179 +/- 0.000
2026-02-14 12:23:11 INFO    |  step: 30208000, training/ep_actor_loss: 0.003 +/- 0.000
2026-02-14 12:23:11 INFO    |  step: 30208000, training/ep_alpha_loss: 0.000 +/- 0.000
2026-02-14 12:23:11 INFO    |  step: 30208000, training/ep_categorical_accuracy: 0.004 +/- 0.000
2026-02-14 12:23:11 INFO    |  step: 30208000, training/ep_critic_loss: 8.619 +/- 0.000
2026-02-14 12:23:11 INFO    |  step: 30208000, training/ep_entropy: -4.000 +/- 0.000
2026-02-14 12:23:11 INFO    |  step: 30208000, training/ep_log_alpha: -8.330 +/- 0.000
2026-02-14 12:23:11 INFO    |  step: 30208000, training/ep_logits_neg: -0.001 +/- 0.000
2026-02-14 12:23:11 INFO    |  step: 30208000, training/ep_logits_pos: -0.001 +/- 0.000
2026-02-14 12:23:11 INFO    |  step: 30208000, training/ep_logsumexp: 5.544 +/- 0.000
2026-02-14 12:23:11 INFO    |  step: 30208000, training/gcp_actor_loss: 2.856 +/- 0.000
2026-02-14 12:23:11 INFO    |  step: 30208000, training/gcp_alpha_loss: 0.000 +/- 0.000
2026-02-14 12:23:11 INFO    |  step: 30208000, training/gcp_categorical_accuracy: 0.456 +/- 0.000
2026-02-14 12:23:11 INFO    |  step: 30208000, training/gcp_critic_loss: 2.534 +/- 0.000
2026-02-14 12:23:11 INFO    |  step: 30208000, training/gcp_entropy: -3.999 +/- 0.000
2026-02-14 12:23:11 INFO    |  step: 30208000, training/gcp_log_alpha: -4.392 +/- 0.000
2026-02-14 12:23:11 INFO    |  step: 30208000, training/gcp_logits_neg: -8.760 +/- 0.000
2026-02-14 12:23:11 INFO    |  step: 30208000, training/gcp_logits_pos: -3.020 +/- 0.000
2026-02-14 12:23:11 INFO    |  step: 30208000, training/gcp_logsumexp: -0.537 +/- 0.000
2026-02-14 12:23:11 INFO    |  step: 30208000, eval/episode_reward: 5.230 +/- 0.000
2026-02-14 12:23:11 INFO    |  step: 30208000, eval/episode_success: 5.230 +/- 0.000
2026-02-14 12:23:11 INFO    |  step: 30208000, eval/episode_success_easy: 5.938 +/- 0.000
2026-02-14 12:23:11 INFO    |  step: 30208000, eval/episode_dist: 32900.441 +/- 0.000
2026-02-14 12:23:11 INFO    |  step: 30208000, eval/episode_success_any: 0.004 +/- 0.000
2026-02-14 12:23:11 INFO    |  step: 30208000, ep_eval/episode_reward: 0.000 +/- 0.000
2026-02-14 12:23:11 INFO    |  step: 30208000, ep_eval/episode_success: 0.000 +/- 0.000
2026-02-14 12:23:11 INFO    |  step: 30208000, ep_eval/episode_success_easy: 0.000 +/- 0.000
2026-02-14 12:23:11 INFO    |  step: 30208000, ep_eval/episode_dist: 33273.680 +/- 0.000
2026-02-14 12:23:11 INFO    |  step: 30208000, ep_eval/episode_success_any: 0.000 +/- 0.000
2026-02-14 12:23:11 INFO    |  step: 30208000, eval/episode_reward_ctrl: 0.000 +/- 0.000
2026-02-14 12:23:11 INFO    |  step: 30208000, eval/episode_reward_dist: 0.000 +/- 0.000
2026-02-14 12:23:11 INFO    |  step: 30208000, eval/episode_reward_near: 0.000 +/- 0.000
2026-02-14 12:23:11 INFO    |  step: 30208000, eval/episode_reward_survive: 0.000 +/- 0.000
2026-02-14 12:23:11 INFO    |  step: 30208000, eval/episode_success_hard: 0.000 +/- 0.000
2026-02-14 12:23:11 INFO    |  step: 30208000, ep_eval/episode_reward_ctrl: 0.000 +/- 0.000
2026-02-14 12:23:11 INFO    |  step: 30208000, ep_eval/episode_reward_dist: 0.000 +/- 0.000
2026-02-14 12:23:11 INFO    |  step: 30208000, ep_eval/episode_reward_near: 0.000 +/- 0.000
2026-02-14 12:23:11 INFO    |  step: 30208000, ep_eval/episode_reward_survive: 0.000 +/- 0.000
2026-02-14 12:23:11 INFO    |  step: 30208000, ep_eval/episode_success_hard: 0.000 +/- 0.000
2026-02-14 12:23:11 INFO    |  step: 30208000, training/actor_loss: 0.000 +/- 0.000
2026-02-14 12:23:11 INFO    |  step: 30208000, training/log_alpha: 0.000 +/- 0.000
2026-02-14 12:23:11 INFO    |  step: 30208000, training/alpha_loss: 0.000 +/- 0.000
2026-02-14 12:23:11 INFO    |  step: 30208000, training/critic_loss: 0.000 +/- 0.000
2026-02-14 12:23:11 INFO    |  step: 30208000, training/entropy: 0.000 +/- 0.000
2026-02-14 12:25:08 INFO    |  Visualization: collected_transitions shape: (1500, 256, 31), num_envs: 256
2026-02-14 12:25:08 INFO    |  Visualization: Raw collected_transitions has 256 unique trajectory IDs out of 384000 total transitions
2026-02-14 12:25:08 INFO    |  Visualization: processed_transitions shape: (1499, 256, 31)
2026-02-14 12:25:09 INFO    |  Visualization: Found 256 unique trajectory IDs out of 383744 total transitions
2026-02-14 12:25:09 INFO    |  Transition shapes: obs=(1499, 256, 31), traj_ids=(1499, 256), traj_ids_flat=(383744,)
2026-02-14 12:25:11 INFO    |  Plotted visualizations at env step 40320000.0
2026-02-14 12:25:32 INFO    |  step: 40320000
2026-02-14 12:25:32 INFO    |  step: 40320000, training/sps: 5433.869 +/- 0.000
2026-02-14 12:25:32 INFO    |  step: 40320000, training/ep_actor_loss: 0.003 +/- 0.000
2026-02-14 12:25:32 INFO    |  step: 40320000, training/ep_alpha_loss: -0.000 +/- 0.000
2026-02-14 12:25:32 INFO    |  step: 40320000, training/ep_categorical_accuracy: 0.004 +/- 0.000
2026-02-14 12:25:32 INFO    |  step: 40320000, training/ep_critic_loss: 8.619 +/- 0.000
2026-02-14 12:25:32 INFO    |  step: 40320000, training/ep_entropy: -4.000 +/- 0.000
2026-02-14 12:25:32 INFO    |  step: 40320000, training/ep_log_alpha: -8.330 +/- 0.000
2026-02-14 12:25:32 INFO    |  step: 40320000, training/ep_logits_neg: -0.001 +/- 0.000
2026-02-14 12:25:32 INFO    |  step: 40320000, training/ep_logits_pos: -0.001 +/- 0.000
2026-02-14 12:25:32 INFO    |  step: 40320000, training/ep_logsumexp: 5.544 +/- 0.000
2026-02-14 12:25:32 INFO    |  step: 40320000, training/gcp_actor_loss: 3.441 +/- 0.000
2026-02-14 12:25:32 INFO    |  step: 40320000, training/gcp_alpha_loss: 0.000 +/- 0.000
2026-02-14 12:25:32 INFO    |  step: 40320000, training/gcp_categorical_accuracy: 0.357 +/- 0.000
2026-02-14 12:25:32 INFO    |  step: 40320000, training/gcp_critic_loss: 3.243 +/- 0.000
2026-02-14 12:25:32 INFO    |  step: 40320000, training/gcp_entropy: -3.998 +/- 0.000
2026-02-14 12:25:32 INFO    |  step: 40320000, training/gcp_log_alpha: -4.674 +/- 0.000
2026-02-14 12:25:32 INFO    |  step: 40320000, training/gcp_logits_neg: -7.862 +/- 0.000
2026-02-14 12:25:32 INFO    |  step: 40320000, training/gcp_logits_pos: -3.619 +/- 0.000
2026-02-14 12:25:32 INFO    |  step: 40320000, training/gcp_logsumexp: -0.412 +/- 0.000
2026-02-14 12:25:32 INFO    |  step: 40320000, eval/episode_reward: 0.000 +/- 0.000
2026-02-14 12:25:32 INFO    |  step: 40320000, eval/episode_success: 0.000 +/- 0.000
2026-02-14 12:25:32 INFO    |  step: 40320000, eval/episode_success_easy: 4.477 +/- 0.000
2026-02-14 12:25:32 INFO    |  step: 40320000, eval/episode_dist: 12030.205 +/- 0.000
2026-02-14 12:25:32 INFO    |  step: 40320000, eval/episode_success_any: 0.000 +/- 0.000
2026-02-14 12:25:32 INFO    |  step: 40320000, ep_eval/episode_reward: 0.000 +/- 0.000
2026-02-14 12:25:32 INFO    |  step: 40320000, ep_eval/episode_success: 0.000 +/- 0.000
2026-02-14 12:25:32 INFO    |  step: 40320000, ep_eval/episode_success_easy: 0.000 +/- 0.000
2026-02-14 12:25:32 INFO    |  step: 40320000, ep_eval/episode_dist: 12501.599 +/- 0.000
2026-02-14 12:25:32 INFO    |  step: 40320000, ep_eval/episode_success_any: 0.000 +/- 0.000
2026-02-14 12:25:32 INFO    |  step: 40320000, eval/episode_reward_ctrl: 0.000 +/- 0.000
2026-02-14 12:25:32 INFO    |  step: 40320000, eval/episode_reward_dist: 0.000 +/- 0.000
2026-02-14 12:25:32 INFO    |  step: 40320000, eval/episode_reward_near: 0.000 +/- 0.000
2026-02-14 12:25:32 INFO    |  step: 40320000, eval/episode_reward_survive: 0.000 +/- 0.000
2026-02-14 12:25:32 INFO    |  step: 40320000, eval/episode_success_hard: 0.000 +/- 0.000
2026-02-14 12:25:32 INFO    |  step: 40320000, ep_eval/episode_reward_ctrl: 0.000 +/- 0.000
2026-02-14 12:25:32 INFO    |  step: 40320000, ep_eval/episode_reward_dist: 0.000 +/- 0.000
2026-02-14 12:25:32 INFO    |  step: 40320000, ep_eval/episode_reward_near: 0.000 +/- 0.000
2026-02-14 12:25:32 INFO    |  step: 40320000, ep_eval/episode_reward_survive: 0.000 +/- 0.000
2026-02-14 12:25:32 INFO    |  step: 40320000, ep_eval/episode_success_hard: 0.000 +/- 0.000
2026-02-14 12:25:32 INFO    |  step: 40320000, training/actor_loss: 0.000 +/- 0.000
2026-02-14 12:25:32 INFO    |  step: 40320000, training/log_alpha: 0.000 +/- 0.000
2026-02-14 12:25:32 INFO    |  step: 40320000, training/alpha_loss: 0.000 +/- 0.000
2026-02-14 12:25:32 INFO    |  step: 40320000, training/critic_loss: 0.000 +/- 0.000
2026-02-14 12:25:32 INFO    |  step: 40320000, training/entropy: 0.000 +/- 0.000
2026-02-14 12:27:05 INFO    |  Visualization: collected_transitions shape: (2000, 256, 31), num_envs: 256
2026-02-14 12:27:05 INFO    |  Visualization: Raw collected_transitions has 256 unique trajectory IDs out of 512000 total transitions
2026-02-14 12:27:06 INFO    |  Visualization: processed_transitions shape: (1999, 256, 31)
2026-02-14 12:27:06 INFO    |  Visualization: Found 256 unique trajectory IDs out of 511744 total transitions
2026-02-14 12:27:06 INFO    |  Transition shapes: obs=(1999, 256, 31), traj_ids=(1999, 256), traj_ids_flat=(511744,)
2026-02-14 12:27:08 INFO    |  Plotted visualizations at env step 31232000.0
2026-02-14 12:27:19 INFO    |  Visualization: collected_transitions shape: (2000, 256, 31), num_envs: 256
2026-02-14 12:27:19 INFO    |  Visualization: Raw collected_transitions has 256 unique trajectory IDs out of 512000 total transitions
2026-02-14 12:27:20 INFO    |  Visualization: processed_transitions shape: (1999, 256, 31)
2026-02-14 12:27:20 INFO    |  Visualization: Found 256 unique trajectory IDs out of 511744 total transitions
2026-02-14 12:27:20 INFO    |  Transition shapes: obs=(1999, 256, 31), traj_ids=(1999, 256), traj_ids_flat=(511744,)
2026-02-14 12:27:22 INFO    |  Plotted visualizations at env step 31232000.0
2026-02-14 12:27:46 INFO    |  step: 31232000
2026-02-14 12:27:46 INFO    |  step: 31232000, training/sps: 4066.479 +/- 0.000
2026-02-14 12:27:46 INFO    |  step: 31232000, training/ep_actor_loss: 0.003 +/- 0.000
2026-02-14 12:27:46 INFO    |  step: 31232000, training/ep_alpha_loss: -0.000 +/- 0.000
2026-02-14 12:27:46 INFO    |  step: 31232000, training/ep_categorical_accuracy: 0.004 +/- 0.000
2026-02-14 12:27:46 INFO    |  step: 31232000, training/ep_critic_loss: 8.619 +/- 0.000
2026-02-14 12:27:46 INFO    |  step: 31232000, training/ep_entropy: -4.000 +/- 0.000
2026-02-14 12:27:46 INFO    |  step: 31232000, training/ep_log_alpha: -8.330 +/- 0.000
2026-02-14 12:27:46 INFO    |  step: 31232000, training/ep_logits_neg: -0.001 +/- 0.000
2026-02-14 12:27:46 INFO    |  step: 31232000, training/ep_logits_pos: -0.001 +/- 0.000
2026-02-14 12:27:46 INFO    |  step: 31232000, training/ep_logsumexp: 5.544 +/- 0.000
2026-02-14 12:27:46 INFO    |  step: 31232000, training/gcp_actor_loss: 2.851 +/- 0.000
2026-02-14 12:27:46 INFO    |  step: 31232000, training/gcp_alpha_loss: 0.000 +/- 0.000
2026-02-14 12:27:46 INFO    |  step: 31232000, training/gcp_categorical_accuracy: 0.449 +/- 0.000
2026-02-14 12:27:46 INFO    |  step: 31232000, training/gcp_critic_loss: 2.583 +/- 0.000
2026-02-14 12:27:46 INFO    |  step: 31232000, training/gcp_entropy: -4.000 +/- 0.000
2026-02-14 12:27:46 INFO    |  step: 31232000, training/gcp_log_alpha: -4.720 +/- 0.000
2026-02-14 12:27:46 INFO    |  step: 31232000, training/gcp_logits_neg: -8.485 +/- 0.000
2026-02-14 12:27:46 INFO    |  step: 31232000, training/gcp_logits_pos: -3.029 +/- 0.000
2026-02-14 12:27:46 INFO    |  step: 31232000, training/gcp_logsumexp: -0.493 +/- 0.000
2026-02-14 12:27:46 INFO    |  step: 31232000, eval/episode_reward: 0.000 +/- 0.000
2026-02-14 12:27:46 INFO    |  step: 31232000, eval/episode_success: 0.000 +/- 0.000
2026-02-14 12:27:46 INFO    |  step: 31232000, eval/episode_success_easy: 0.000 +/- 0.000
2026-02-14 12:27:46 INFO    |  step: 31232000, eval/episode_dist: 32288.383 +/- 0.000
2026-02-14 12:27:46 INFO    |  step: 31232000, eval/episode_success_any: 0.000 +/- 0.000
2026-02-14 12:27:46 INFO    |  step: 31232000, ep_eval/episode_reward: 0.000 +/- 0.000
2026-02-14 12:27:46 INFO    |  step: 31232000, ep_eval/episode_success: 0.000 +/- 0.000
2026-02-14 12:27:46 INFO    |  step: 31232000, ep_eval/episode_success_easy: 0.000 +/- 0.000
2026-02-14 12:27:46 INFO    |  step: 31232000, ep_eval/episode_dist: 32976.984 +/- 0.000
2026-02-14 12:27:46 INFO    |  step: 31232000, ep_eval/episode_success_any: 0.000 +/- 0.000
2026-02-14 12:27:46 INFO    |  step: 31232000, eval/episode_reward_ctrl: 0.000 +/- 0.000
2026-02-14 12:27:46 INFO    |  step: 31232000, eval/episode_reward_dist: 0.000 +/- 0.000
2026-02-14 12:27:46 INFO    |  step: 31232000, eval/episode_reward_near: 0.000 +/- 0.000
2026-02-14 12:27:46 INFO    |  step: 31232000, eval/episode_reward_survive: 0.000 +/- 0.000
2026-02-14 12:27:46 INFO    |  step: 31232000, eval/episode_success_hard: 0.000 +/- 0.000
2026-02-14 12:27:46 INFO    |  step: 31232000, ep_eval/episode_reward_ctrl: 0.000 +/- 0.000
2026-02-14 12:27:46 INFO    |  step: 31232000, ep_eval/episode_reward_dist: 0.000 +/- 0.000
2026-02-14 12:27:46 INFO    |  step: 31232000, ep_eval/episode_reward_near: 0.000 +/- 0.000
2026-02-14 12:27:46 INFO    |  step: 31232000, ep_eval/episode_reward_survive: 0.000 +/- 0.000
2026-02-14 12:27:46 INFO    |  step: 31232000, ep_eval/episode_success_hard: 0.000 +/- 0.000
2026-02-14 12:27:46 INFO    |  step: 31232000, training/actor_loss: 0.000 +/- 0.000
2026-02-14 12:27:46 INFO    |  step: 31232000, training/log_alpha: 0.000 +/- 0.000
2026-02-14 12:27:46 INFO    |  step: 31232000, training/alpha_loss: 0.000 +/- 0.000
2026-02-14 12:27:46 INFO    |  step: 31232000, training/critic_loss: 0.000 +/- 0.000
2026-02-14 12:27:46 INFO    |  step: 31232000, training/entropy: 0.000 +/- 0.000
2026-02-14 12:27:50 INFO    |  Visualization: collected_transitions shape: (1500, 256, 31), num_envs: 256
2026-02-14 12:27:50 INFO    |  Visualization: Raw collected_transitions has 256 unique trajectory IDs out of 384000 total transitions
2026-02-14 12:27:50 INFO    |  Visualization: processed_transitions shape: (1499, 256, 31)
2026-02-14 12:27:51 INFO    |  Visualization: Found 256 unique trajectory IDs out of 383744 total transitions
2026-02-14 12:27:51 INFO    |  Transition shapes: obs=(1499, 256, 31), traj_ids=(1499, 256), traj_ids_flat=(383744,)
2026-02-14 12:27:53 INFO    |  Plotted visualizations at env step 41088000.0
2026-02-14 12:28:01 INFO    |  step: 31232000
2026-02-14 12:28:01 INFO    |  step: 31232000, training/sps: 4077.618 +/- 0.000
2026-02-14 12:28:01 INFO    |  step: 31232000, training/ep_actor_loss: 0.003 +/- 0.000
2026-02-14 12:28:01 INFO    |  step: 31232000, training/ep_alpha_loss: -0.000 +/- 0.000
2026-02-14 12:28:01 INFO    |  step: 31232000, training/ep_categorical_accuracy: 0.004 +/- 0.000
2026-02-14 12:28:01 INFO    |  step: 31232000, training/ep_critic_loss: 8.619 +/- 0.000
2026-02-14 12:28:01 INFO    |  step: 31232000, training/ep_entropy: -4.000 +/- 0.000
2026-02-14 12:28:01 INFO    |  step: 31232000, training/ep_log_alpha: -8.330 +/- 0.000
2026-02-14 12:28:01 INFO    |  step: 31232000, training/ep_logits_neg: -0.001 +/- 0.000
2026-02-14 12:28:01 INFO    |  step: 31232000, training/ep_logits_pos: -0.001 +/- 0.000
2026-02-14 12:28:01 INFO    |  step: 31232000, training/ep_logsumexp: 5.544 +/- 0.000
2026-02-14 12:28:01 INFO    |  step: 31232000, training/gcp_actor_loss: 2.849 +/- 0.000
2026-02-14 12:28:01 INFO    |  step: 31232000, training/gcp_alpha_loss: 0.000 +/- 0.000
2026-02-14 12:28:01 INFO    |  step: 31232000, training/gcp_categorical_accuracy: 0.454 +/- 0.000
2026-02-14 12:28:01 INFO    |  step: 31232000, training/gcp_critic_loss: 2.543 +/- 0.000
2026-02-14 12:28:01 INFO    |  step: 31232000, training/gcp_entropy: -3.999 +/- 0.000
2026-02-14 12:28:01 INFO    |  step: 31232000, training/gcp_log_alpha: -4.465 +/- 0.000
2026-02-14 12:28:01 INFO    |  step: 31232000, training/gcp_logits_neg: -8.743 +/- 0.000
2026-02-14 12:28:01 INFO    |  step: 31232000, training/gcp_logits_pos: -3.013 +/- 0.000
2026-02-14 12:28:01 INFO    |  step: 31232000, training/gcp_logsumexp: -0.520 +/- 0.000
2026-02-14 12:28:01 INFO    |  step: 31232000, eval/episode_reward: 0.000 +/- 0.000
2026-02-14 12:28:01 INFO    |  step: 31232000, eval/episode_success: 0.000 +/- 0.000
2026-02-14 12:28:01 INFO    |  step: 31232000, eval/episode_success_easy: 0.000 +/- 0.000
2026-02-14 12:28:01 INFO    |  step: 31232000, eval/episode_dist: 32063.012 +/- 0.000
2026-02-14 12:28:01 INFO    |  step: 31232000, eval/episode_success_any: 0.000 +/- 0.000
2026-02-14 12:28:01 INFO    |  step: 31232000, ep_eval/episode_reward: 0.000 +/- 0.000
2026-02-14 12:28:01 INFO    |  step: 31232000, ep_eval/episode_success: 0.000 +/- 0.000
2026-02-14 12:28:01 INFO    |  step: 31232000, ep_eval/episode_success_easy: 0.000 +/- 0.000
2026-02-14 12:28:01 INFO    |  step: 31232000, ep_eval/episode_dist: 32976.902 +/- 0.000
2026-02-14 12:28:01 INFO    |  step: 31232000, ep_eval/episode_success_any: 0.000 +/- 0.000
2026-02-14 12:28:01 INFO    |  step: 31232000, eval/episode_reward_ctrl: 0.000 +/- 0.000
2026-02-14 12:28:01 INFO    |  step: 31232000, eval/episode_reward_dist: 0.000 +/- 0.000
2026-02-14 12:28:01 INFO    |  step: 31232000, eval/episode_reward_near: 0.000 +/- 0.000
2026-02-14 12:28:01 INFO    |  step: 31232000, eval/episode_reward_survive: 0.000 +/- 0.000
2026-02-14 12:28:01 INFO    |  step: 31232000, eval/episode_success_hard: 0.000 +/- 0.000
2026-02-14 12:28:01 INFO    |  step: 31232000, ep_eval/episode_reward_ctrl: 0.000 +/- 0.000
2026-02-14 12:28:01 INFO    |  step: 31232000, ep_eval/episode_reward_dist: 0.000 +/- 0.000
2026-02-14 12:28:01 INFO    |  step: 31232000, ep_eval/episode_reward_near: 0.000 +/- 0.000
2026-02-14 12:28:01 INFO    |  step: 31232000, ep_eval/episode_reward_survive: 0.000 +/- 0.000
2026-02-14 12:28:01 INFO    |  step: 31232000, ep_eval/episode_success_hard: 0.000 +/- 0.000
2026-02-14 12:28:01 INFO    |  step: 31232000, training/actor_loss: 0.000 +/- 0.000
2026-02-14 12:28:01 INFO    |  step: 31232000, training/log_alpha: 0.000 +/- 0.000
2026-02-14 12:28:01 INFO    |  step: 31232000, training/alpha_loss: 0.000 +/- 0.000
2026-02-14 12:28:01 INFO    |  step: 31232000, training/critic_loss: 0.000 +/- 0.000
2026-02-14 12:28:01 INFO    |  step: 31232000, training/entropy: 0.000 +/- 0.000
2026-02-14 12:28:14 INFO    |  step: 41088000
2026-02-14 12:28:14 INFO    |  step: 41088000, training/sps: 5438.072 +/- 0.000
2026-02-14 12:28:14 INFO    |  step: 41088000, training/ep_actor_loss: 0.003 +/- 0.000
2026-02-14 12:28:14 INFO    |  step: 41088000, training/ep_alpha_loss: 0.000 +/- 0.000
2026-02-14 12:28:14 INFO    |  step: 41088000, training/ep_categorical_accuracy: 0.004 +/- 0.000
2026-02-14 12:28:14 INFO    |  step: 41088000, training/ep_critic_loss: 8.619 +/- 0.000
2026-02-14 12:28:14 INFO    |  step: 41088000, training/ep_entropy: -4.000 +/- 0.000
2026-02-14 12:28:14 INFO    |  step: 41088000, training/ep_log_alpha: -8.330 +/- 0.000
2026-02-14 12:28:14 INFO    |  step: 41088000, training/ep_logits_neg: -0.001 +/- 0.000
2026-02-14 12:28:14 INFO    |  step: 41088000, training/ep_logits_pos: -0.001 +/- 0.000
2026-02-14 12:28:14 INFO    |  step: 41088000, training/ep_logsumexp: 5.544 +/- 0.000
2026-02-14 12:28:14 INFO    |  step: 41088000, training/gcp_actor_loss: 3.611 +/- 0.000
2026-02-14 12:28:14 INFO    |  step: 41088000, training/gcp_alpha_loss: 0.000 +/- 0.000
2026-02-14 12:28:14 INFO    |  step: 41088000, training/gcp_categorical_accuracy: 0.340 +/- 0.000
2026-02-14 12:28:14 INFO    |  step: 41088000, training/gcp_critic_loss: 3.440 +/- 0.000
2026-02-14 12:28:14 INFO    |  step: 41088000, training/gcp_entropy: -3.997 +/- 0.000
2026-02-14 12:28:14 INFO    |  step: 41088000, training/gcp_log_alpha: -4.739 +/- 0.000
2026-02-14 12:28:14 INFO    |  step: 41088000, training/gcp_logits_neg: -7.874 +/- 0.000
2026-02-14 12:28:14 INFO    |  step: 41088000, training/gcp_logits_pos: -3.797 +/- 0.000
2026-02-14 12:28:14 INFO    |  step: 41088000, training/gcp_logsumexp: -0.391 +/- 0.000
2026-02-14 12:28:14 INFO    |  step: 41088000, eval/episode_reward: 5.008 +/- 0.000
2026-02-14 12:28:14 INFO    |  step: 41088000, eval/episode_success: 5.008 +/- 0.000
2026-02-14 12:28:14 INFO    |  step: 41088000, eval/episode_success_easy: 49.254 +/- 0.000
2026-02-14 12:28:14 INFO    |  step: 41088000, eval/episode_dist: 12377.691 +/- 0.000
2026-02-14 12:28:14 INFO    |  step: 41088000, eval/episode_success_any: 0.008 +/- 0.000
2026-02-14 12:28:14 INFO    |  step: 41088000, ep_eval/episode_reward: 0.000 +/- 0.000
2026-02-14 12:28:14 INFO    |  step: 41088000, ep_eval/episode_success: 0.000 +/- 0.000
2026-02-14 12:28:14 INFO    |  step: 41088000, ep_eval/episode_success_easy: 0.000 +/- 0.000
2026-02-14 12:28:14 INFO    |  step: 41088000, ep_eval/episode_dist: 12394.809 +/- 0.000
2026-02-14 12:28:14 INFO    |  step: 41088000, ep_eval/episode_success_any: 0.000 +/- 0.000
2026-02-14 12:28:14 INFO    |  step: 41088000, eval/episode_reward_ctrl: 0.000 +/- 0.000
2026-02-14 12:28:14 INFO    |  step: 41088000, eval/episode_reward_dist: 0.000 +/- 0.000
2026-02-14 12:28:14 INFO    |  step: 41088000, eval/episode_reward_near: 0.000 +/- 0.000
2026-02-14 12:28:14 INFO    |  step: 41088000, eval/episode_reward_survive: 0.000 +/- 0.000
2026-02-14 12:28:14 INFO    |  step: 41088000, eval/episode_success_hard: 0.000 +/- 0.000
2026-02-14 12:28:14 INFO    |  step: 41088000, ep_eval/episode_reward_ctrl: 0.000 +/- 0.000
2026-02-14 12:28:14 INFO    |  step: 41088000, ep_eval/episode_reward_dist: 0.000 +/- 0.000
2026-02-14 12:28:14 INFO    |  step: 41088000, ep_eval/episode_reward_near: 0.000 +/- 0.000
2026-02-14 12:28:14 INFO    |  step: 41088000, ep_eval/episode_reward_survive: 0.000 +/- 0.000
2026-02-14 12:28:14 INFO    |  step: 41088000, ep_eval/episode_success_hard: 0.000 +/- 0.000
2026-02-14 12:28:14 INFO    |  step: 41088000, training/actor_loss: 0.000 +/- 0.000
2026-02-14 12:28:14 INFO    |  step: 41088000, training/log_alpha: 0.000 +/- 0.000
2026-02-14 12:28:14 INFO    |  step: 41088000, training/alpha_loss: 0.000 +/- 0.000
2026-02-14 12:28:14 INFO    |  step: 41088000, training/critic_loss: 0.000 +/- 0.000
2026-02-14 12:28:14 INFO    |  step: 41088000, training/entropy: 0.000 +/- 0.000
2026-02-14 12:30:31 INFO    |  Visualization: collected_transitions shape: (1500, 256, 31), num_envs: 256
2026-02-14 12:30:31 INFO    |  Visualization: Raw collected_transitions has 256 unique trajectory IDs out of 384000 total transitions
2026-02-14 12:30:32 INFO    |  Visualization: processed_transitions shape: (1499, 256, 31)
2026-02-14 12:30:32 INFO    |  Visualization: Found 256 unique trajectory IDs out of 383744 total transitions
2026-02-14 12:30:32 INFO    |  Transition shapes: obs=(1499, 256, 31), traj_ids=(1499, 256), traj_ids_flat=(383744,)
2026-02-14 12:30:35 INFO    |  Plotted visualizations at env step 41856000.0
2026-02-14 12:30:55 INFO    |  step: 41856000
2026-02-14 12:30:55 INFO    |  step: 41856000, training/sps: 5454.855 +/- 0.000
2026-02-14 12:30:55 INFO    |  step: 41856000, training/ep_actor_loss: 0.003 +/- 0.000
2026-02-14 12:30:55 INFO    |  step: 41856000, training/ep_alpha_loss: -0.000 +/- 0.000
2026-02-14 12:30:55 INFO    |  step: 41856000, training/ep_categorical_accuracy: 0.004 +/- 0.000
2026-02-14 12:30:55 INFO    |  step: 41856000, training/ep_critic_loss: 8.619 +/- 0.000
2026-02-14 12:30:55 INFO    |  step: 41856000, training/ep_entropy: -4.000 +/- 0.000
2026-02-14 12:30:55 INFO    |  step: 41856000, training/ep_log_alpha: -8.330 +/- 0.000
2026-02-14 12:30:55 INFO    |  step: 41856000, training/ep_logits_neg: -0.001 +/- 0.000
2026-02-14 12:30:55 INFO    |  step: 41856000, training/ep_logits_pos: -0.001 +/- 0.000
2026-02-14 12:30:55 INFO    |  step: 41856000, training/ep_logsumexp: 5.544 +/- 0.000
2026-02-14 12:30:55 INFO    |  step: 41856000, training/gcp_actor_loss: 3.481 +/- 0.000
2026-02-14 12:30:55 INFO    |  step: 41856000, training/gcp_alpha_loss: 0.000 +/- 0.000
2026-02-14 12:30:55 INFO    |  step: 41856000, training/gcp_categorical_accuracy: 0.323 +/- 0.000
2026-02-14 12:30:55 INFO    |  step: 41856000, training/gcp_critic_loss: 3.331 +/- 0.000
2026-02-14 12:30:55 INFO    |  step: 41856000, training/gcp_entropy: -4.000 +/- 0.000
2026-02-14 12:30:55 INFO    |  step: 41856000, training/gcp_log_alpha: -4.793 +/- 0.000
2026-02-14 12:30:55 INFO    |  step: 41856000, training/gcp_logits_neg: -7.604 +/- 0.000
2026-02-14 12:30:55 INFO    |  step: 41856000, training/gcp_logits_pos: -3.670 +/- 0.000
2026-02-14 12:30:55 INFO    |  step: 41856000, training/gcp_logsumexp: -0.371 +/- 0.000
2026-02-14 12:30:55 INFO    |  step: 41856000, eval/episode_reward: 3.762 +/- 0.000
2026-02-14 12:30:55 INFO    |  step: 41856000, eval/episode_success: 3.762 +/- 0.000
2026-02-14 12:30:55 INFO    |  step: 41856000, eval/episode_success_easy: 35.543 +/- 0.000
2026-02-14 12:30:55 INFO    |  step: 41856000, eval/episode_dist: 12304.019 +/- 0.000
2026-02-14 12:30:55 INFO    |  step: 41856000, eval/episode_success_any: 0.008 +/- 0.000
2026-02-14 12:30:55 INFO    |  step: 41856000, ep_eval/episode_reward: 0.000 +/- 0.000
2026-02-14 12:30:55 INFO    |  step: 41856000, ep_eval/episode_success: 0.000 +/- 0.000
2026-02-14 12:30:55 INFO    |  step: 41856000, ep_eval/episode_success_easy: 0.000 +/- 0.000
2026-02-14 12:30:55 INFO    |  step: 41856000, ep_eval/episode_dist: 12388.854 +/- 0.000
2026-02-14 12:30:55 INFO    |  step: 41856000, ep_eval/episode_success_any: 0.000 +/- 0.000
2026-02-14 12:30:55 INFO    |  step: 41856000, eval/episode_reward_ctrl: 0.000 +/- 0.000
2026-02-14 12:30:55 INFO    |  step: 41856000, eval/episode_reward_dist: 0.000 +/- 0.000
2026-02-14 12:30:55 INFO    |  step: 41856000, eval/episode_reward_near: 0.000 +/- 0.000
2026-02-14 12:30:55 INFO    |  step: 41856000, eval/episode_reward_survive: 0.000 +/- 0.000
2026-02-14 12:30:55 INFO    |  step: 41856000, eval/episode_success_hard: 0.000 +/- 0.000
2026-02-14 12:30:55 INFO    |  step: 41856000, ep_eval/episode_reward_ctrl: 0.000 +/- 0.000
2026-02-14 12:30:55 INFO    |  step: 41856000, ep_eval/episode_reward_dist: 0.000 +/- 0.000
2026-02-14 12:30:55 INFO    |  step: 41856000, ep_eval/episode_reward_near: 0.000 +/- 0.000
2026-02-14 12:30:55 INFO    |  step: 41856000, ep_eval/episode_reward_survive: 0.000 +/- 0.000
2026-02-14 12:30:55 INFO    |  step: 41856000, ep_eval/episode_success_hard: 0.000 +/- 0.000
2026-02-14 12:30:55 INFO    |  step: 41856000, training/actor_loss: 0.000 +/- 0.000
2026-02-14 12:30:55 INFO    |  step: 41856000, training/log_alpha: 0.000 +/- 0.000
2026-02-14 12:30:55 INFO    |  step: 41856000, training/alpha_loss: 0.000 +/- 0.000
2026-02-14 12:30:55 INFO    |  step: 41856000, training/critic_loss: 0.000 +/- 0.000
2026-02-14 12:30:55 INFO    |  step: 41856000, training/entropy: 0.000 +/- 0.000
2026-02-14 12:31:53 INFO    |  Visualization: collected_transitions shape: (2000, 256, 31), num_envs: 256
2026-02-14 12:31:53 INFO    |  Visualization: Raw collected_transitions has 256 unique trajectory IDs out of 512000 total transitions
2026-02-14 12:31:54 INFO    |  Visualization: processed_transitions shape: (1999, 256, 31)
2026-02-14 12:31:54 INFO    |  Visualization: Found 256 unique trajectory IDs out of 511744 total transitions
2026-02-14 12:31:54 INFO    |  Transition shapes: obs=(1999, 256, 31), traj_ids=(1999, 256), traj_ids_flat=(511744,)
2026-02-14 12:31:57 INFO    |  Plotted visualizations at env step 32256000.0
2026-02-14 12:32:09 INFO    |  Visualization: collected_transitions shape: (2000, 256, 31), num_envs: 256
2026-02-14 12:32:09 INFO    |  Visualization: Raw collected_transitions has 256 unique trajectory IDs out of 512000 total transitions
2026-02-14 12:32:10 INFO    |  Visualization: processed_transitions shape: (1999, 256, 31)
2026-02-14 12:32:10 INFO    |  Visualization: Found 256 unique trajectory IDs out of 511744 total transitions
2026-02-14 12:32:10 INFO    |  Transition shapes: obs=(1999, 256, 31), traj_ids=(1999, 256), traj_ids_flat=(511744,)
2026-02-14 12:32:12 INFO    |  Plotted visualizations at env step 32256000.0
2026-02-14 12:32:34 INFO    |  step: 32256000
2026-02-14 12:32:37 INFO    |  actor input shape: (1, 31)
2026-02-14 12:32:51 INFO    |  step: 32256000
2026-02-14 12:32:53 INFO    |  actor input shape: (1, 31)
2026-02-14 12:33:08 INFO    |  step: 32256000, training/sps: 4089.188 +/- 0.000
2026-02-14 12:33:08 INFO    |  step: 32256000, training/ep_actor_loss: 0.003 +/- 0.000
2026-02-14 12:33:08 INFO    |  step: 32256000, training/ep_alpha_loss: 0.000 +/- 0.000
2026-02-14 12:33:08 INFO    |  step: 32256000, training/ep_categorical_accuracy: 0.004 +/- 0.000
2026-02-14 12:33:08 INFO    |  step: 32256000, training/ep_critic_loss: 8.619 +/- 0.000
2026-02-14 12:33:08 INFO    |  step: 32256000, training/ep_entropy: -4.000 +/- 0.000
2026-02-14 12:33:08 INFO    |  step: 32256000, training/ep_log_alpha: -8.330 +/- 0.000
2026-02-14 12:33:08 INFO    |  step: 32256000, training/ep_logits_neg: -0.001 +/- 0.000
2026-02-14 12:33:08 INFO    |  step: 32256000, training/ep_logits_pos: -0.001 +/- 0.000
2026-02-14 12:33:08 INFO    |  step: 32256000, training/ep_logsumexp: 5.544 +/- 0.000
2026-02-14 12:33:08 INFO    |  step: 32256000, training/gcp_actor_loss: 2.946 +/- 0.000
2026-02-14 12:33:08 INFO    |  step: 32256000, training/gcp_alpha_loss: 0.000 +/- 0.000
2026-02-14 12:33:08 INFO    |  step: 32256000, training/gcp_categorical_accuracy: 0.430 +/- 0.000
2026-02-14 12:33:08 INFO    |  step: 32256000, training/gcp_critic_loss: 2.693 +/- 0.000
2026-02-14 12:33:08 INFO    |  step: 32256000, training/gcp_entropy: -3.999 +/- 0.000
2026-02-14 12:33:08 INFO    |  step: 32256000, training/gcp_log_alpha: -4.787 +/- 0.000
2026-02-14 12:33:08 INFO    |  step: 32256000, training/gcp_logits_neg: -8.301 +/- 0.000
2026-02-14 12:33:08 INFO    |  step: 32256000, training/gcp_logits_pos: -3.129 +/- 0.000
2026-02-14 12:33:08 INFO    |  step: 32256000, training/gcp_logsumexp: -0.481 +/- 0.000
2026-02-14 12:33:08 INFO    |  step: 32256000, eval/episode_reward: 0.000 +/- 0.000
2026-02-14 12:33:08 INFO    |  step: 32256000, eval/episode_success: 0.000 +/- 0.000
2026-02-14 12:33:08 INFO    |  step: 32256000, eval/episode_success_easy: 10.703 +/- 0.000
2026-02-14 12:33:08 INFO    |  step: 32256000, eval/episode_dist: 32930.441 +/- 0.000
2026-02-14 12:33:08 INFO    |  step: 32256000, eval/episode_success_any: 0.000 +/- 0.000
2026-02-14 12:33:08 INFO    |  step: 32256000, ep_eval/episode_reward: 0.000 +/- 0.000
2026-02-14 12:33:08 INFO    |  step: 32256000, ep_eval/episode_success: 0.000 +/- 0.000
2026-02-14 12:33:08 INFO    |  step: 32256000, ep_eval/episode_success_easy: 0.000 +/- 0.000
2026-02-14 12:33:08 INFO    |  step: 32256000, ep_eval/episode_dist: 33233.895 +/- 0.000
2026-02-14 12:33:08 INFO    |  step: 32256000, ep_eval/episode_success_any: 0.000 +/- 0.000
2026-02-14 12:33:08 INFO    |  step: 32256000, eval/episode_reward_ctrl: 0.000 +/- 0.000
2026-02-14 12:33:08 INFO    |  step: 32256000, eval/episode_reward_dist: 0.000 +/- 0.000
2026-02-14 12:33:08 INFO    |  step: 32256000, eval/episode_reward_near: 0.000 +/- 0.000
2026-02-14 12:33:08 INFO    |  step: 32256000, eval/episode_reward_survive: 0.000 +/- 0.000
2026-02-14 12:33:08 INFO    |  step: 32256000, eval/episode_success_hard: 0.000 +/- 0.000
2026-02-14 12:33:08 INFO    |  step: 32256000, ep_eval/episode_reward_ctrl: 0.000 +/- 0.000
2026-02-14 12:33:08 INFO    |  step: 32256000, ep_eval/episode_reward_dist: 0.000 +/- 0.000
2026-02-14 12:33:08 INFO    |  step: 32256000, ep_eval/episode_reward_near: 0.000 +/- 0.000
2026-02-14 12:33:08 INFO    |  step: 32256000, ep_eval/episode_reward_survive: 0.000 +/- 0.000
2026-02-14 12:33:08 INFO    |  step: 32256000, ep_eval/episode_success_hard: 0.000 +/- 0.000
2026-02-14 12:33:08 INFO    |  step: 32256000, training/actor_loss: 0.000 +/- 0.000
2026-02-14 12:33:08 INFO    |  step: 32256000, training/log_alpha: 0.000 +/- 0.000
2026-02-14 12:33:08 INFO    |  step: 32256000, training/alpha_loss: 0.000 +/- 0.000
2026-02-14 12:33:08 INFO    |  step: 32256000, training/critic_loss: 0.000 +/- 0.000
2026-02-14 12:33:08 INFO    |  step: 32256000, training/entropy: 0.000 +/- 0.000
2026-02-14 12:33:13 INFO    |  Visualization: collected_transitions shape: (1500, 256, 31), num_envs: 256
2026-02-14 12:33:13 INFO    |  Visualization: Raw collected_transitions has 256 unique trajectory IDs out of 384000 total transitions
2026-02-14 12:33:14 INFO    |  Visualization: processed_transitions shape: (1499, 256, 31)
2026-02-14 12:33:15 INFO    |  Visualization: Found 256 unique trajectory IDs out of 383744 total transitions
2026-02-14 12:33:15 INFO    |  Transition shapes: obs=(1499, 256, 31), traj_ids=(1499, 256), traj_ids_flat=(383744,)
2026-02-14 12:33:17 INFO    |  Plotted visualizations at env step 42624000.0
2026-02-14 12:33:25 INFO    |  step: 32256000, training/sps: 4073.639 +/- 0.000
2026-02-14 12:33:25 INFO    |  step: 32256000, training/ep_actor_loss: 0.003 +/- 0.000
2026-02-14 12:33:25 INFO    |  step: 32256000, training/ep_alpha_loss: 0.000 +/- 0.000
2026-02-14 12:33:25 INFO    |  step: 32256000, training/ep_categorical_accuracy: 0.004 +/- 0.000
2026-02-14 12:33:25 INFO    |  step: 32256000, training/ep_critic_loss: 8.619 +/- 0.000
2026-02-14 12:33:25 INFO    |  step: 32256000, training/ep_entropy: -4.000 +/- 0.000
2026-02-14 12:33:25 INFO    |  step: 32256000, training/ep_log_alpha: -8.330 +/- 0.000
2026-02-14 12:33:25 INFO    |  step: 32256000, training/ep_logits_neg: -0.001 +/- 0.000
2026-02-14 12:33:25 INFO    |  step: 32256000, training/ep_logits_pos: -0.001 +/- 0.000
2026-02-14 12:33:25 INFO    |  step: 32256000, training/ep_logsumexp: 5.544 +/- 0.000
2026-02-14 12:33:25 INFO    |  step: 32256000, training/gcp_actor_loss: 2.955 +/- 0.000
2026-02-14 12:33:25 INFO    |  step: 32256000, training/gcp_alpha_loss: 0.000 +/- 0.000
2026-02-14 12:33:25 INFO    |  step: 32256000, training/gcp_categorical_accuracy: 0.425 +/- 0.000
2026-02-14 12:33:25 INFO    |  step: 32256000, training/gcp_critic_loss: 2.680 +/- 0.000
2026-02-14 12:33:25 INFO    |  step: 32256000, training/gcp_entropy: -3.999 +/- 0.000
2026-02-14 12:33:25 INFO    |  step: 32256000, training/gcp_log_alpha: -4.557 +/- 0.000
2026-02-14 12:33:25 INFO    |  step: 32256000, training/gcp_logits_neg: -8.589 +/- 0.000
2026-02-14 12:33:25 INFO    |  step: 32256000, training/gcp_logits_pos: -3.122 +/- 0.000
2026-02-14 12:33:25 INFO    |  step: 32256000, training/gcp_logsumexp: -0.487 +/- 0.000
2026-02-14 12:33:25 INFO    |  step: 32256000, eval/episode_reward: 0.000 +/- 0.000
2026-02-14 12:33:25 INFO    |  step: 32256000, eval/episode_success: 0.000 +/- 0.000
2026-02-14 12:33:25 INFO    |  step: 32256000, eval/episode_success_easy: 0.000 +/- 0.000
2026-02-14 12:33:25 INFO    |  step: 32256000, eval/episode_dist: 32656.432 +/- 0.000
2026-02-14 12:33:25 INFO    |  step: 32256000, eval/episode_success_any: 0.000 +/- 0.000
2026-02-14 12:33:25 INFO    |  step: 32256000, ep_eval/episode_reward: 0.000 +/- 0.000
2026-02-14 12:33:25 INFO    |  step: 32256000, ep_eval/episode_success: 0.000 +/- 0.000
2026-02-14 12:33:25 INFO    |  step: 32256000, ep_eval/episode_success_easy: 0.000 +/- 0.000
2026-02-14 12:33:25 INFO    |  step: 32256000, ep_eval/episode_dist: 33233.578 +/- 0.000
2026-02-14 12:33:25 INFO    |  step: 32256000, ep_eval/episode_success_any: 0.000 +/- 0.000
2026-02-14 12:33:25 INFO    |  step: 32256000, eval/episode_reward_ctrl: 0.000 +/- 0.000
2026-02-14 12:33:25 INFO    |  step: 32256000, eval/episode_reward_dist: 0.000 +/- 0.000
2026-02-14 12:33:25 INFO    |  step: 32256000, eval/episode_reward_near: 0.000 +/- 0.000
2026-02-14 12:33:25 INFO    |  step: 32256000, eval/episode_reward_survive: 0.000 +/- 0.000
2026-02-14 12:33:25 INFO    |  step: 32256000, eval/episode_success_hard: 0.000 +/- 0.000
2026-02-14 12:33:25 INFO    |  step: 32256000, ep_eval/episode_reward_ctrl: 0.000 +/- 0.000
2026-02-14 12:33:25 INFO    |  step: 32256000, ep_eval/episode_reward_dist: 0.000 +/- 0.000
2026-02-14 12:33:25 INFO    |  step: 32256000, ep_eval/episode_reward_near: 0.000 +/- 0.000
2026-02-14 12:33:25 INFO    |  step: 32256000, ep_eval/episode_reward_survive: 0.000 +/- 0.000
2026-02-14 12:33:25 INFO    |  step: 32256000, ep_eval/episode_success_hard: 0.000 +/- 0.000
2026-02-14 12:33:25 INFO    |  step: 32256000, training/actor_loss: 0.000 +/- 0.000
2026-02-14 12:33:25 INFO    |  step: 32256000, training/log_alpha: 0.000 +/- 0.000
2026-02-14 12:33:25 INFO    |  step: 32256000, training/alpha_loss: 0.000 +/- 0.000
2026-02-14 12:33:25 INFO    |  step: 32256000, training/critic_loss: 0.000 +/- 0.000
2026-02-14 12:33:25 INFO    |  step: 32256000, training/entropy: 0.000 +/- 0.000
2026-02-14 12:33:38 INFO    |  step: 42624000
2026-02-14 12:33:38 INFO    |  step: 42624000, training/sps: 5418.203 +/- 0.000
2026-02-14 12:33:38 INFO    |  step: 42624000, training/ep_actor_loss: 0.003 +/- 0.000
2026-02-14 12:33:38 INFO    |  step: 42624000, training/ep_alpha_loss: 0.000 +/- 0.000
2026-02-14 12:33:38 INFO    |  step: 42624000, training/ep_categorical_accuracy: 0.004 +/- 0.000
2026-02-14 12:33:38 INFO    |  step: 42624000, training/ep_critic_loss: 8.619 +/- 0.000
2026-02-14 12:33:38 INFO    |  step: 42624000, training/ep_entropy: -4.000 +/- 0.000
2026-02-14 12:33:38 INFO    |  step: 42624000, training/ep_log_alpha: -8.330 +/- 0.000
2026-02-14 12:33:38 INFO    |  step: 42624000, training/ep_logits_neg: -0.001 +/- 0.000
2026-02-14 12:33:38 INFO    |  step: 42624000, training/ep_logits_pos: -0.001 +/- 0.000
2026-02-14 12:33:38 INFO    |  step: 42624000, training/ep_logsumexp: 5.544 +/- 0.000
2026-02-14 12:33:38 INFO    |  step: 42624000, training/gcp_actor_loss: 3.425 +/- 0.000
2026-02-14 12:33:38 INFO    |  step: 42624000, training/gcp_alpha_loss: -0.000 +/- 0.000
2026-02-14 12:33:38 INFO    |  step: 42624000, training/gcp_categorical_accuracy: 0.332 +/- 0.000
2026-02-14 12:33:38 INFO    |  step: 42624000, training/gcp_critic_loss: 3.271 +/- 0.000
2026-02-14 12:33:38 INFO    |  step: 42624000, training/gcp_entropy: -4.001 +/- 0.000
2026-02-14 12:33:38 INFO    |  step: 42624000, training/gcp_log_alpha: -4.754 +/- 0.000
2026-02-14 12:33:38 INFO    |  step: 42624000, training/gcp_logits_neg: -7.665 +/- 0.000
2026-02-14 12:33:38 INFO    |  step: 42624000, training/gcp_logits_pos: -3.621 +/- 0.000
2026-02-14 12:33:38 INFO    |  step: 42624000, training/gcp_logsumexp: -0.383 +/- 0.000
2026-02-14 12:33:38 INFO    |  step: 42624000, eval/episode_reward: 0.051 +/- 0.000
2026-02-14 12:33:38 INFO    |  step: 42624000, eval/episode_success: 0.051 +/- 0.000
2026-02-14 12:33:38 INFO    |  step: 42624000, eval/episode_success_easy: 45.051 +/- 0.000
2026-02-14 12:33:38 INFO    |  step: 42624000, eval/episode_dist: 12135.756 +/- 0.000
2026-02-14 12:33:38 INFO    |  step: 42624000, eval/episode_success_any: 0.008 +/- 0.000
2026-02-14 12:33:38 INFO    |  step: 42624000, ep_eval/episode_reward: 0.000 +/- 0.000
2026-02-14 12:33:38 INFO    |  step: 42624000, ep_eval/episode_success: 0.000 +/- 0.000
2026-02-14 12:33:38 INFO    |  step: 42624000, ep_eval/episode_success_easy: 0.000 +/- 0.000
2026-02-14 12:33:38 INFO    |  step: 42624000, ep_eval/episode_dist: 12266.035 +/- 0.000
2026-02-14 12:33:38 INFO    |  step: 42624000, ep_eval/episode_success_any: 0.000 +/- 0.000
2026-02-14 12:33:38 INFO    |  step: 42624000, eval/episode_reward_ctrl: 0.000 +/- 0.000
2026-02-14 12:33:38 INFO    |  step: 42624000, eval/episode_reward_dist: 0.000 +/- 0.000
2026-02-14 12:33:38 INFO    |  step: 42624000, eval/episode_reward_near: 0.000 +/- 0.000
2026-02-14 12:33:38 INFO    |  step: 42624000, eval/episode_reward_survive: 0.000 +/- 0.000
2026-02-14 12:33:38 INFO    |  step: 42624000, eval/episode_success_hard: 0.000 +/- 0.000
2026-02-14 12:33:38 INFO    |  step: 42624000, ep_eval/episode_reward_ctrl: 0.000 +/- 0.000
2026-02-14 12:33:38 INFO    |  step: 42624000, ep_eval/episode_reward_dist: 0.000 +/- 0.000
2026-02-14 12:33:38 INFO    |  step: 42624000, ep_eval/episode_reward_near: 0.000 +/- 0.000
2026-02-14 12:33:38 INFO    |  step: 42624000, ep_eval/episode_reward_survive: 0.000 +/- 0.000
2026-02-14 12:33:38 INFO    |  step: 42624000, ep_eval/episode_success_hard: 0.000 +/- 0.000
2026-02-14 12:33:38 INFO    |  step: 42624000, training/actor_loss: 0.000 +/- 0.000
2026-02-14 12:33:38 INFO    |  step: 42624000, training/log_alpha: 0.000 +/- 0.000
2026-02-14 12:33:38 INFO    |  step: 42624000, training/alpha_loss: 0.000 +/- 0.000
2026-02-14 12:33:38 INFO    |  step: 42624000, training/critic_loss: 0.000 +/- 0.000
2026-02-14 12:33:38 INFO    |  step: 42624000, training/entropy: 0.000 +/- 0.000
2026-02-14 12:35:56 INFO    |  Visualization: collected_transitions shape: (1500, 256, 31), num_envs: 256
2026-02-14 12:35:56 INFO    |  Visualization: Raw collected_transitions has 256 unique trajectory IDs out of 384000 total transitions
2026-02-14 12:35:56 INFO    |  Visualization: processed_transitions shape: (1499, 256, 31)
2026-02-14 12:35:57 INFO    |  Visualization: Found 256 unique trajectory IDs out of 383744 total transitions
2026-02-14 12:35:57 INFO    |  Transition shapes: obs=(1499, 256, 31), traj_ids=(1499, 256), traj_ids_flat=(383744,)
2026-02-14 12:35:59 INFO    |  Plotted visualizations at env step 43392000.0
2026-02-14 12:36:20 INFO    |  step: 43392000
2026-02-14 12:36:22 INFO    |  actor input shape: (1, 31)
2026-02-14 12:36:52 INFO    |  step: 43392000, training/sps: 5429.903 +/- 0.000
2026-02-14 12:36:52 INFO    |  step: 43392000, training/ep_actor_loss: 0.003 +/- 0.000
2026-02-14 12:36:52 INFO    |  step: 43392000, training/ep_alpha_loss: 0.000 +/- 0.000
2026-02-14 12:36:52 INFO    |  step: 43392000, training/ep_categorical_accuracy: 0.004 +/- 0.000
2026-02-14 12:36:52 INFO    |  step: 43392000, training/ep_critic_loss: 8.619 +/- 0.000
2026-02-14 12:36:52 INFO    |  step: 43392000, training/ep_entropy: -4.000 +/- 0.000
2026-02-14 12:36:52 INFO    |  step: 43392000, training/ep_log_alpha: -8.330 +/- 0.000
2026-02-14 12:36:52 INFO    |  step: 43392000, training/ep_logits_neg: -0.001 +/- 0.000
2026-02-14 12:36:52 INFO    |  step: 43392000, training/ep_logits_pos: -0.001 +/- 0.000
2026-02-14 12:36:52 INFO    |  step: 43392000, training/ep_logsumexp: 5.544 +/- 0.000
2026-02-14 12:36:52 INFO    |  step: 43392000, training/gcp_actor_loss: 3.498 +/- 0.000
2026-02-14 12:36:52 INFO    |  step: 43392000, training/gcp_alpha_loss: 0.000 +/- 0.000
2026-02-14 12:36:52 INFO    |  step: 43392000, training/gcp_categorical_accuracy: 0.326 +/- 0.000
2026-02-14 12:36:52 INFO    |  step: 43392000, training/gcp_critic_loss: 3.341 +/- 0.000
2026-02-14 12:36:52 INFO    |  step: 43392000, training/gcp_entropy: -3.998 +/- 0.000
2026-02-14 12:36:52 INFO    |  step: 43392000, training/gcp_log_alpha: -4.803 +/- 0.000
2026-02-14 12:36:52 INFO    |  step: 43392000, training/gcp_logits_neg: -7.549 +/- 0.000
2026-02-14 12:36:52 INFO    |  step: 43392000, training/gcp_logits_pos: -3.687 +/- 0.000
2026-02-14 12:36:52 INFO    |  step: 43392000, training/gcp_logsumexp: -0.379 +/- 0.000
2026-02-14 12:36:52 INFO    |  step: 43392000, eval/episode_reward: 0.047 +/- 0.000
2026-02-14 12:36:52 INFO    |  step: 43392000, eval/episode_success: 0.047 +/- 0.000
2026-02-14 12:36:52 INFO    |  step: 43392000, eval/episode_success_easy: 17.777 +/- 0.000
2026-02-14 12:36:52 INFO    |  step: 43392000, eval/episode_dist: 12677.511 +/- 0.000
2026-02-14 12:36:52 INFO    |  step: 43392000, eval/episode_success_any: 0.004 +/- 0.000
2026-02-14 12:36:52 INFO    |  step: 43392000, ep_eval/episode_reward: 0.000 +/- 0.000
2026-02-14 12:36:52 INFO    |  step: 43392000, ep_eval/episode_success: 0.000 +/- 0.000
2026-02-14 12:36:52 INFO    |  step: 43392000, ep_eval/episode_success_easy: 0.000 +/- 0.000
2026-02-14 12:36:52 INFO    |  step: 43392000, ep_eval/episode_dist: 12546.072 +/- 0.000
2026-02-14 12:36:52 INFO    |  step: 43392000, ep_eval/episode_success_any: 0.000 +/- 0.000
2026-02-14 12:36:52 INFO    |  step: 43392000, eval/episode_reward_ctrl: 0.000 +/- 0.000
2026-02-14 12:36:52 INFO    |  step: 43392000, eval/episode_reward_dist: 0.000 +/- 0.000
2026-02-14 12:36:52 INFO    |  step: 43392000, eval/episode_reward_near: 0.000 +/- 0.000
2026-02-14 12:36:52 INFO    |  step: 43392000, eval/episode_reward_survive: 0.000 +/- 0.000
2026-02-14 12:36:52 INFO    |  step: 43392000, eval/episode_success_hard: 0.000 +/- 0.000
2026-02-14 12:36:52 INFO    |  step: 43392000, ep_eval/episode_reward_ctrl: 0.000 +/- 0.000
2026-02-14 12:36:52 INFO    |  step: 43392000, ep_eval/episode_reward_dist: 0.000 +/- 0.000
2026-02-14 12:36:52 INFO    |  step: 43392000, ep_eval/episode_reward_near: 0.000 +/- 0.000
2026-02-14 12:36:52 INFO    |  step: 43392000, ep_eval/episode_reward_survive: 0.000 +/- 0.000
2026-02-14 12:36:52 INFO    |  step: 43392000, ep_eval/episode_success_hard: 0.000 +/- 0.000
2026-02-14 12:36:52 INFO    |  step: 43392000, training/actor_loss: 0.000 +/- 0.000
2026-02-14 12:36:52 INFO    |  step: 43392000, training/log_alpha: 0.000 +/- 0.000
2026-02-14 12:36:52 INFO    |  step: 43392000, training/alpha_loss: 0.000 +/- 0.000
2026-02-14 12:36:52 INFO    |  step: 43392000, training/critic_loss: 0.000 +/- 0.000
2026-02-14 12:36:52 INFO    |  step: 43392000, training/entropy: 0.000 +/- 0.000
2026-02-14 12:37:16 INFO    |  Visualization: collected_transitions shape: (2000, 256, 31), num_envs: 256
2026-02-14 12:37:16 INFO    |  Visualization: Raw collected_transitions has 256 unique trajectory IDs out of 512000 total transitions
2026-02-14 12:37:16 INFO    |  Visualization: processed_transitions shape: (1999, 256, 31)
2026-02-14 12:37:17 INFO    |  Visualization: Found 256 unique trajectory IDs out of 511744 total transitions
2026-02-14 12:37:17 INFO    |  Transition shapes: obs=(1999, 256, 31), traj_ids=(1999, 256), traj_ids_flat=(511744,)
2026-02-14 12:37:19 INFO    |  Plotted visualizations at env step 33280000.0
2026-02-14 12:37:32 INFO    |  Visualization: collected_transitions shape: (2000, 256, 31), num_envs: 256
2026-02-14 12:37:32 INFO    |  Visualization: Raw collected_transitions has 256 unique trajectory IDs out of 512000 total transitions
2026-02-14 12:37:33 INFO    |  Visualization: processed_transitions shape: (1999, 256, 31)
2026-02-14 12:37:34 INFO    |  Visualization: Found 256 unique trajectory IDs out of 511744 total transitions
2026-02-14 12:37:34 INFO    |  Transition shapes: obs=(1999, 256, 31), traj_ids=(1999, 256), traj_ids_flat=(511744,)
2026-02-14 12:37:36 INFO    |  Plotted visualizations at env step 33280000.0
2026-02-14 12:37:57 INFO    |  step: 33280000
2026-02-14 12:37:57 INFO    |  step: 33280000, training/sps: 4082.885 +/- 0.000
2026-02-14 12:37:57 INFO    |  step: 33280000, training/ep_actor_loss: 0.003 +/- 0.000
2026-02-14 12:37:57 INFO    |  step: 33280000, training/ep_alpha_loss: -0.000 +/- 0.000
2026-02-14 12:37:57 INFO    |  step: 33280000, training/ep_categorical_accuracy: 0.004 +/- 0.000
2026-02-14 12:37:57 INFO    |  step: 33280000, training/ep_critic_loss: 8.619 +/- 0.000
2026-02-14 12:37:57 INFO    |  step: 33280000, training/ep_entropy: -4.000 +/- 0.000
2026-02-14 12:37:57 INFO    |  step: 33280000, training/ep_log_alpha: -8.330 +/- 0.000
2026-02-14 12:37:57 INFO    |  step: 33280000, training/ep_logits_neg: -0.001 +/- 0.000
2026-02-14 12:37:57 INFO    |  step: 33280000, training/ep_logits_pos: -0.001 +/- 0.000
2026-02-14 12:37:57 INFO    |  step: 33280000, training/ep_logsumexp: 5.544 +/- 0.000
2026-02-14 12:37:57 INFO    |  step: 33280000, training/gcp_actor_loss: 3.022 +/- 0.000
2026-02-14 12:37:57 INFO    |  step: 33280000, training/gcp_alpha_loss: -0.000 +/- 0.000
2026-02-14 12:37:57 INFO    |  step: 33280000, training/gcp_categorical_accuracy: 0.402 +/- 0.000
2026-02-14 12:37:57 INFO    |  step: 33280000, training/gcp_critic_loss: 2.799 +/- 0.000
2026-02-14 12:37:57 INFO    |  step: 33280000, training/gcp_entropy: -4.000 +/- 0.000
2026-02-14 12:37:57 INFO    |  step: 33280000, training/gcp_log_alpha: -4.861 +/- 0.000
2026-02-14 12:37:57 INFO    |  step: 33280000, training/gcp_logits_neg: -8.217 +/- 0.000
2026-02-14 12:37:57 INFO    |  step: 33280000, training/gcp_logits_pos: -3.203 +/- 0.000
2026-02-14 12:37:57 INFO    |  step: 33280000, training/gcp_logsumexp: -0.444 +/- 0.000
2026-02-14 12:37:57 INFO    |  step: 33280000, eval/episode_reward: 0.000 +/- 0.000
2026-02-14 12:37:57 INFO    |  step: 33280000, eval/episode_success: 0.000 +/- 0.000
2026-02-14 12:37:57 INFO    |  step: 33280000, eval/episode_success_easy: 0.000 +/- 0.000
2026-02-14 12:37:57 INFO    |  step: 33280000, eval/episode_dist: 33333.766 +/- 0.000
2026-02-14 12:37:57 INFO    |  step: 33280000, eval/episode_success_any: 0.000 +/- 0.000
2026-02-14 12:37:57 INFO    |  step: 33280000, ep_eval/episode_reward: 0.000 +/- 0.000
2026-02-14 12:37:57 INFO    |  step: 33280000, ep_eval/episode_success: 0.000 +/- 0.000
2026-02-14 12:37:57 INFO    |  step: 33280000, ep_eval/episode_success_easy: 0.000 +/- 0.000
2026-02-14 12:37:57 INFO    |  step: 33280000, ep_eval/episode_dist: 32546.717 +/- 0.000
2026-02-14 12:37:57 INFO    |  step: 33280000, ep_eval/episode_success_any: 0.000 +/- 0.000
2026-02-14 12:37:57 INFO    |  step: 33280000, eval/episode_reward_ctrl: 0.000 +/- 0.000
2026-02-14 12:37:57 INFO    |  step: 33280000, eval/episode_reward_dist: 0.000 +/- 0.000
2026-02-14 12:37:57 INFO    |  step: 33280000, eval/episode_reward_near: 0.000 +/- 0.000
2026-02-14 12:37:57 INFO    |  step: 33280000, eval/episode_reward_survive: 0.000 +/- 0.000
2026-02-14 12:37:57 INFO    |  step: 33280000, eval/episode_success_hard: 0.000 +/- 0.000
2026-02-14 12:37:57 INFO    |  step: 33280000, ep_eval/episode_reward_ctrl: 0.000 +/- 0.000
2026-02-14 12:37:57 INFO    |  step: 33280000, ep_eval/episode_reward_dist: 0.000 +/- 0.000
2026-02-14 12:37:57 INFO    |  step: 33280000, ep_eval/episode_reward_near: 0.000 +/- 0.000
2026-02-14 12:37:57 INFO    |  step: 33280000, ep_eval/episode_reward_survive: 0.000 +/- 0.000
2026-02-14 12:37:57 INFO    |  step: 33280000, ep_eval/episode_success_hard: 0.000 +/- 0.000
2026-02-14 12:37:57 INFO    |  step: 33280000, training/actor_loss: 0.000 +/- 0.000
2026-02-14 12:37:57 INFO    |  step: 33280000, training/log_alpha: 0.000 +/- 0.000
2026-02-14 12:37:57 INFO    |  step: 33280000, training/alpha_loss: 0.000 +/- 0.000
2026-02-14 12:37:57 INFO    |  step: 33280000, training/critic_loss: 0.000 +/- 0.000
2026-02-14 12:37:57 INFO    |  step: 33280000, training/entropy: 0.000 +/- 0.000
2026-02-14 12:38:15 INFO    |  step: 33280000
2026-02-14 12:38:15 INFO    |  step: 33280000, training/sps: 4073.176 +/- 0.000
2026-02-14 12:38:15 INFO    |  step: 33280000, training/ep_actor_loss: 0.003 +/- 0.000
2026-02-14 12:38:15 INFO    |  step: 33280000, training/ep_alpha_loss: -0.000 +/- 0.000
2026-02-14 12:38:15 INFO    |  step: 33280000, training/ep_categorical_accuracy: 0.004 +/- 0.000
2026-02-14 12:38:15 INFO    |  step: 33280000, training/ep_critic_loss: 8.619 +/- 0.000
2026-02-14 12:38:15 INFO    |  step: 33280000, training/ep_entropy: -4.000 +/- 0.000
2026-02-14 12:38:15 INFO    |  step: 33280000, training/ep_log_alpha: -8.330 +/- 0.000
2026-02-14 12:38:15 INFO    |  step: 33280000, training/ep_logits_neg: -0.001 +/- 0.000
2026-02-14 12:38:15 INFO    |  step: 33280000, training/ep_logits_pos: -0.001 +/- 0.000
2026-02-14 12:38:15 INFO    |  step: 33280000, training/ep_logsumexp: 5.544 +/- 0.000
2026-02-14 12:38:15 INFO    |  step: 33280000, training/gcp_actor_loss: 3.050 +/- 0.000
2026-02-14 12:38:15 INFO    |  step: 33280000, training/gcp_alpha_loss: 0.000 +/- 0.000
2026-02-14 12:38:15 INFO    |  step: 33280000, training/gcp_categorical_accuracy: 0.397 +/- 0.000
2026-02-14 12:38:15 INFO    |  step: 33280000, training/gcp_critic_loss: 2.819 +/- 0.000
2026-02-14 12:38:15 INFO    |  step: 33280000, training/gcp_entropy: -3.999 +/- 0.000
2026-02-14 12:38:15 INFO    |  step: 33280000, training/gcp_log_alpha: -4.690 +/- 0.000
2026-02-14 12:38:15 INFO    |  step: 33280000, training/gcp_logits_neg: -8.406 +/- 0.000
2026-02-14 12:38:15 INFO    |  step: 33280000, training/gcp_logits_pos: -3.223 +/- 0.000
2026-02-14 12:38:15 INFO    |  step: 33280000, training/gcp_logsumexp: -0.444 +/- 0.000
2026-02-14 12:38:15 INFO    |  step: 33280000, eval/episode_reward: 0.000 +/- 0.000
2026-02-14 12:38:15 INFO    |  step: 33280000, eval/episode_success: 0.000 +/- 0.000
2026-02-14 12:38:15 INFO    |  step: 33280000, eval/episode_success_easy: 0.023 +/- 0.000
2026-02-14 12:38:15 INFO    |  step: 33280000, eval/episode_dist: 33251.496 +/- 0.000
2026-02-14 12:38:15 INFO    |  step: 33280000, eval/episode_success_any: 0.000 +/- 0.000
2026-02-14 12:38:15 INFO    |  step: 33280000, ep_eval/episode_reward: 0.000 +/- 0.000
2026-02-14 12:38:15 INFO    |  step: 33280000, ep_eval/episode_success: 0.000 +/- 0.000
2026-02-14 12:38:15 INFO    |  step: 33280000, ep_eval/episode_success_easy: 0.000 +/- 0.000
2026-02-14 12:38:15 INFO    |  step: 33280000, ep_eval/episode_dist: 32547.553 +/- 0.000
2026-02-14 12:38:15 INFO    |  step: 33280000, ep_eval/episode_success_any: 0.000 +/- 0.000
2026-02-14 12:38:15 INFO    |  step: 33280000, eval/episode_reward_ctrl: 0.000 +/- 0.000
2026-02-14 12:38:15 INFO    |  step: 33280000, eval/episode_reward_dist: 0.000 +/- 0.000
2026-02-14 12:38:15 INFO    |  step: 33280000, eval/episode_reward_near: 0.000 +/- 0.000
2026-02-14 12:38:15 INFO    |  step: 33280000, eval/episode_reward_survive: 0.000 +/- 0.000
2026-02-14 12:38:15 INFO    |  step: 33280000, eval/episode_success_hard: 0.000 +/- 0.000
2026-02-14 12:38:15 INFO    |  step: 33280000, ep_eval/episode_reward_ctrl: 0.000 +/- 0.000
2026-02-14 12:38:15 INFO    |  step: 33280000, ep_eval/episode_reward_dist: 0.000 +/- 0.000
2026-02-14 12:38:15 INFO    |  step: 33280000, ep_eval/episode_reward_near: 0.000 +/- 0.000
2026-02-14 12:38:15 INFO    |  step: 33280000, ep_eval/episode_reward_survive: 0.000 +/- 0.000
2026-02-14 12:38:15 INFO    |  step: 33280000, ep_eval/episode_success_hard: 0.000 +/- 0.000
2026-02-14 12:38:15 INFO    |  step: 33280000, training/actor_loss: 0.000 +/- 0.000
2026-02-14 12:38:15 INFO    |  step: 33280000, training/log_alpha: 0.000 +/- 0.000
2026-02-14 12:38:15 INFO    |  step: 33280000, training/alpha_loss: 0.000 +/- 0.000
2026-02-14 12:38:15 INFO    |  step: 33280000, training/critic_loss: 0.000 +/- 0.000
2026-02-14 12:38:15 INFO    |  step: 33280000, training/entropy: 0.000 +/- 0.000
2026-02-14 12:39:10 INFO    |  Visualization: collected_transitions shape: (1500, 256, 31), num_envs: 256
2026-02-14 12:39:10 INFO    |  Visualization: Raw collected_transitions has 256 unique trajectory IDs out of 384000 total transitions
2026-02-14 12:39:11 INFO    |  Visualization: processed_transitions shape: (1499, 256, 31)
2026-02-14 12:39:12 INFO    |  Visualization: Found 256 unique trajectory IDs out of 383744 total transitions
2026-02-14 12:39:12 INFO    |  Transition shapes: obs=(1499, 256, 31), traj_ids=(1499, 256), traj_ids_flat=(383744,)
2026-02-14 12:39:14 INFO    |  Plotted visualizations at env step 44160000.0
2026-02-14 12:39:34 INFO    |  step: 44160000
2026-02-14 12:39:34 INFO    |  step: 44160000, training/sps: 5428.783 +/- 0.000
2026-02-14 12:39:34 INFO    |  step: 44160000, training/ep_actor_loss: 0.003 +/- 0.000
2026-02-14 12:39:34 INFO    |  step: 44160000, training/ep_alpha_loss: -0.000 +/- 0.000
2026-02-14 12:39:34 INFO    |  step: 44160000, training/ep_categorical_accuracy: 0.004 +/- 0.000
2026-02-14 12:39:34 INFO    |  step: 44160000, training/ep_critic_loss: 8.619 +/- 0.000
2026-02-14 12:39:34 INFO    |  step: 44160000, training/ep_entropy: -4.000 +/- 0.000
2026-02-14 12:39:34 INFO    |  step: 44160000, training/ep_log_alpha: -8.330 +/- 0.000
2026-02-14 12:39:34 INFO    |  step: 44160000, training/ep_logits_neg: -0.001 +/- 0.000
2026-02-14 12:39:34 INFO    |  step: 44160000, training/ep_logits_pos: -0.001 +/- 0.000
2026-02-14 12:39:34 INFO    |  step: 44160000, training/ep_logsumexp: 5.544 +/- 0.000
2026-02-14 12:39:34 INFO    |  step: 44160000, training/gcp_actor_loss: 4.770 +/- 0.000
2026-02-14 12:39:34 INFO    |  step: 44160000, training/gcp_alpha_loss: 0.000 +/- 0.000
2026-02-14 12:39:34 INFO    |  step: 44160000, training/gcp_categorical_accuracy: 0.299 +/- 0.000
2026-02-14 12:39:34 INFO    |  step: 44160000, training/gcp_critic_loss: 4.669 +/- 0.000
2026-02-14 12:39:34 INFO    |  step: 44160000, training/gcp_entropy: -3.999 +/- 0.000
2026-02-14 12:39:34 INFO    |  step: 44160000, training/gcp_log_alpha: -4.846 +/- 0.000
2026-02-14 12:39:34 INFO    |  step: 44160000, training/gcp_logits_neg: -8.675 +/- 0.000
2026-02-14 12:39:34 INFO    |  step: 44160000, training/gcp_logits_pos: -4.962 +/- 0.000
2026-02-14 12:39:34 INFO    |  step: 44160000, training/gcp_logsumexp: -0.323 +/- 0.000
2026-02-14 12:39:34 INFO    |  step: 44160000, eval/episode_reward: 0.000 +/- 0.000
2026-02-14 12:39:34 INFO    |  step: 44160000, eval/episode_success: 0.000 +/- 0.000
2026-02-14 12:39:34 INFO    |  step: 44160000, eval/episode_success_easy: 5.016 +/- 0.000
2026-02-14 12:39:34 INFO    |  step: 44160000, eval/episode_dist: 11920.509 +/- 0.000
2026-02-14 12:39:34 INFO    |  step: 44160000, eval/episode_success_any: 0.000 +/- 0.000
2026-02-14 12:39:34 INFO    |  step: 44160000, ep_eval/episode_reward: 0.000 +/- 0.000
2026-02-14 12:39:34 INFO    |  step: 44160000, ep_eval/episode_success: 0.000 +/- 0.000
2026-02-14 12:39:34 INFO    |  step: 44160000, ep_eval/episode_success_easy: 0.000 +/- 0.000
2026-02-14 12:39:34 INFO    |  step: 44160000, ep_eval/episode_dist: 12470.449 +/- 0.000
2026-02-14 12:39:34 INFO    |  step: 44160000, ep_eval/episode_success_any: 0.000 +/- 0.000
2026-02-14 12:39:34 INFO    |  step: 44160000, eval/episode_reward_ctrl: 0.000 +/- 0.000
2026-02-14 12:39:34 INFO    |  step: 44160000, eval/episode_reward_dist: 0.000 +/- 0.000
2026-02-14 12:39:34 INFO    |  step: 44160000, eval/episode_reward_near: 0.000 +/- 0.000
2026-02-14 12:39:34 INFO    |  step: 44160000, eval/episode_reward_survive: 0.000 +/- 0.000
2026-02-14 12:39:34 INFO    |  step: 44160000, eval/episode_success_hard: 0.000 +/- 0.000
2026-02-14 12:39:34 INFO    |  step: 44160000, ep_eval/episode_reward_ctrl: 0.000 +/- 0.000
2026-02-14 12:39:34 INFO    |  step: 44160000, ep_eval/episode_reward_dist: 0.000 +/- 0.000
2026-02-14 12:39:34 INFO    |  step: 44160000, ep_eval/episode_reward_near: 0.000 +/- 0.000
2026-02-14 12:39:34 INFO    |  step: 44160000, ep_eval/episode_reward_survive: 0.000 +/- 0.000
2026-02-14 12:39:34 INFO    |  step: 44160000, ep_eval/episode_success_hard: 0.000 +/- 0.000
2026-02-14 12:39:34 INFO    |  step: 44160000, training/actor_loss: 0.000 +/- 0.000
2026-02-14 12:39:34 INFO    |  step: 44160000, training/log_alpha: 0.000 +/- 0.000
2026-02-14 12:39:34 INFO    |  step: 44160000, training/alpha_loss: 0.000 +/- 0.000
2026-02-14 12:39:34 INFO    |  step: 44160000, training/critic_loss: 0.000 +/- 0.000
2026-02-14 12:39:34 INFO    |  step: 44160000, training/entropy: 0.000 +/- 0.000
2026-02-14 12:41:51 INFO    |  Visualization: collected_transitions shape: (1500, 256, 31), num_envs: 256
2026-02-14 12:41:51 INFO    |  Visualization: Raw collected_transitions has 256 unique trajectory IDs out of 384000 total transitions
2026-02-14 12:41:52 INFO    |  Visualization: processed_transitions shape: (1499, 256, 31)
2026-02-14 12:41:52 INFO    |  Visualization: Found 256 unique trajectory IDs out of 383744 total transitions
2026-02-14 12:41:52 INFO    |  Transition shapes: obs=(1499, 256, 31), traj_ids=(1499, 256), traj_ids_flat=(383744,)
2026-02-14 12:41:55 INFO    |  Plotted visualizations at env step 44928000.0
2026-02-14 12:42:04 INFO    |  Visualization: collected_transitions shape: (2000, 256, 31), num_envs: 256
2026-02-14 12:42:04 INFO    |  Visualization: Raw collected_transitions has 256 unique trajectory IDs out of 512000 total transitions
2026-02-14 12:42:05 INFO    |  Visualization: processed_transitions shape: (1999, 256, 31)
2026-02-14 12:42:06 INFO    |  Visualization: Found 256 unique trajectory IDs out of 511744 total transitions
2026-02-14 12:42:06 INFO    |  Transition shapes: obs=(1999, 256, 31), traj_ids=(1999, 256), traj_ids_flat=(511744,)
2026-02-14 12:42:08 INFO    |  Plotted visualizations at env step 34304000.0
2026-02-14 12:42:15 INFO    |  step: 44928000
2026-02-14 12:42:15 INFO    |  step: 44928000, training/sps: 5477.198 +/- 0.000
2026-02-14 12:42:15 INFO    |  step: 44928000, training/ep_actor_loss: 0.003 +/- 0.000
2026-02-14 12:42:15 INFO    |  step: 44928000, training/ep_alpha_loss: 0.000 +/- 0.000
2026-02-14 12:42:15 INFO    |  step: 44928000, training/ep_categorical_accuracy: 0.004 +/- 0.000
2026-02-14 12:42:15 INFO    |  step: 44928000, training/ep_critic_loss: 8.619 +/- 0.000
2026-02-14 12:42:15 INFO    |  step: 44928000, training/ep_entropy: -4.000 +/- 0.000
2026-02-14 12:42:15 INFO    |  step: 44928000, training/ep_log_alpha: -8.330 +/- 0.000
2026-02-14 12:42:15 INFO    |  step: 44928000, training/ep_logits_neg: -0.001 +/- 0.000
2026-02-14 12:42:15 INFO    |  step: 44928000, training/ep_logits_pos: -0.001 +/- 0.000
2026-02-14 12:42:15 INFO    |  step: 44928000, training/ep_logsumexp: 5.544 +/- 0.000
2026-02-14 12:42:15 INFO    |  step: 44928000, training/gcp_actor_loss: 3.484 +/- 0.000
2026-02-14 12:42:15 INFO    |  step: 44928000, training/gcp_alpha_loss: 0.000 +/- 0.000
2026-02-14 12:42:15 INFO    |  step: 44928000, training/gcp_categorical_accuracy: 0.318 +/- 0.000
2026-02-14 12:42:15 INFO    |  step: 44928000, training/gcp_critic_loss: 3.370 +/- 0.000
2026-02-14 12:42:15 INFO    |  step: 44928000, training/gcp_entropy: -3.998 +/- 0.000
2026-02-14 12:42:15 INFO    |  step: 44928000, training/gcp_log_alpha: -4.750 +/- 0.000
2026-02-14 12:42:15 INFO    |  step: 44928000, training/gcp_logits_neg: -7.567 +/- 0.000
2026-02-14 12:42:15 INFO    |  step: 44928000, training/gcp_logits_pos: -3.671 +/- 0.000
2026-02-14 12:42:15 INFO    |  step: 44928000, training/gcp_logsumexp: -0.330 +/- 0.000
2026-02-14 12:42:15 INFO    |  step: 44928000, eval/episode_reward: 0.000 +/- 0.000
2026-02-14 12:42:15 INFO    |  step: 44928000, eval/episode_success: 0.000 +/- 0.000
2026-02-14 12:42:15 INFO    |  step: 44928000, eval/episode_success_easy: 0.000 +/- 0.000
2026-02-14 12:42:15 INFO    |  step: 44928000, eval/episode_dist: 12296.793 +/- 0.000
2026-02-14 12:42:15 INFO    |  step: 44928000, eval/episode_success_any: 0.000 +/- 0.000
2026-02-14 12:42:15 INFO    |  step: 44928000, ep_eval/episode_reward: 0.000 +/- 0.000
2026-02-14 12:42:15 INFO    |  step: 44928000, ep_eval/episode_success: 0.000 +/- 0.000
2026-02-14 12:42:15 INFO    |  step: 44928000, ep_eval/episode_success_easy: 0.000 +/- 0.000
2026-02-14 12:42:15 INFO    |  step: 44928000, ep_eval/episode_dist: 12571.531 +/- 0.000
2026-02-14 12:42:15 INFO    |  step: 44928000, ep_eval/episode_success_any: 0.000 +/- 0.000
2026-02-14 12:42:15 INFO    |  step: 44928000, eval/episode_reward_ctrl: 0.000 +/- 0.000
2026-02-14 12:42:15 INFO    |  step: 44928000, eval/episode_reward_dist: 0.000 +/- 0.000
2026-02-14 12:42:15 INFO    |  step: 44928000, eval/episode_reward_near: 0.000 +/- 0.000
2026-02-14 12:42:15 INFO    |  step: 44928000, eval/episode_reward_survive: 0.000 +/- 0.000
2026-02-14 12:42:15 INFO    |  step: 44928000, eval/episode_success_hard: 0.000 +/- 0.000
2026-02-14 12:42:15 INFO    |  step: 44928000, ep_eval/episode_reward_ctrl: 0.000 +/- 0.000
2026-02-14 12:42:15 INFO    |  step: 44928000, ep_eval/episode_reward_dist: 0.000 +/- 0.000
2026-02-14 12:42:15 INFO    |  step: 44928000, ep_eval/episode_reward_near: 0.000 +/- 0.000
2026-02-14 12:42:15 INFO    |  step: 44928000, ep_eval/episode_reward_survive: 0.000 +/- 0.000
2026-02-14 12:42:15 INFO    |  step: 44928000, ep_eval/episode_success_hard: 0.000 +/- 0.000
2026-02-14 12:42:15 INFO    |  step: 44928000, training/actor_loss: 0.000 +/- 0.000
2026-02-14 12:42:15 INFO    |  step: 44928000, training/log_alpha: 0.000 +/- 0.000
2026-02-14 12:42:15 INFO    |  step: 44928000, training/alpha_loss: 0.000 +/- 0.000
2026-02-14 12:42:15 INFO    |  step: 44928000, training/critic_loss: 0.000 +/- 0.000
2026-02-14 12:42:15 INFO    |  step: 44928000, training/entropy: 0.000 +/- 0.000
2026-02-14 12:42:23 INFO    |  Visualization: collected_transitions shape: (2000, 256, 31), num_envs: 256
2026-02-14 12:42:23 INFO    |  Visualization: Raw collected_transitions has 256 unique trajectory IDs out of 512000 total transitions
2026-02-14 12:42:24 INFO    |  Visualization: processed_transitions shape: (1999, 256, 31)
2026-02-14 12:42:25 INFO    |  Visualization: Found 256 unique trajectory IDs out of 511744 total transitions
2026-02-14 12:42:25 INFO    |  Transition shapes: obs=(1999, 256, 31), traj_ids=(1999, 256), traj_ids_flat=(511744,)
2026-02-14 12:42:27 INFO    |  Plotted visualizations at env step 34304000.0
2026-02-14 12:42:46 INFO    |  step: 34304000
2026-02-14 12:42:46 INFO    |  step: 34304000, training/sps: 4079.001 +/- 0.000
2026-02-14 12:42:46 INFO    |  step: 34304000, training/ep_actor_loss: 0.003 +/- 0.000
2026-02-14 12:42:46 INFO    |  step: 34304000, training/ep_alpha_loss: 0.000 +/- 0.000
2026-02-14 12:42:46 INFO    |  step: 34304000, training/ep_categorical_accuracy: 0.004 +/- 0.000
2026-02-14 12:42:46 INFO    |  step: 34304000, training/ep_critic_loss: 8.619 +/- 0.000
2026-02-14 12:42:46 INFO    |  step: 34304000, training/ep_entropy: -4.000 +/- 0.000
2026-02-14 12:42:46 INFO    |  step: 34304000, training/ep_log_alpha: -8.330 +/- 0.000
2026-02-14 12:42:46 INFO    |  step: 34304000, training/ep_logits_neg: -0.001 +/- 0.000
2026-02-14 12:42:46 INFO    |  step: 34304000, training/ep_logits_pos: -0.001 +/- 0.000
2026-02-14 12:42:46 INFO    |  step: 34304000, training/ep_logsumexp: 5.544 +/- 0.000
2026-02-14 12:42:46 INFO    |  step: 34304000, training/gcp_actor_loss: 3.086 +/- 0.000
2026-02-14 12:42:46 INFO    |  step: 34304000, training/gcp_alpha_loss: -0.000 +/- 0.000
2026-02-14 12:42:46 INFO    |  step: 34304000, training/gcp_categorical_accuracy: 0.395 +/- 0.000
2026-02-14 12:42:46 INFO    |  step: 34304000, training/gcp_critic_loss: 2.855 +/- 0.000
2026-02-14 12:42:46 INFO    |  step: 34304000, training/gcp_entropy: -4.000 +/- 0.000
2026-02-14 12:42:46 INFO    |  step: 34304000, training/gcp_log_alpha: -4.842 +/- 0.000
2026-02-14 12:42:46 INFO    |  step: 34304000, training/gcp_logits_neg: -8.139 +/- 0.000
2026-02-14 12:42:46 INFO    |  step: 34304000, training/gcp_logits_pos: -3.276 +/- 0.000
2026-02-14 12:42:46 INFO    |  step: 34304000, training/gcp_logsumexp: -0.462 +/- 0.000
2026-02-14 12:42:46 INFO    |  step: 34304000, eval/episode_reward: 0.000 +/- 0.000
2026-02-14 12:42:46 INFO    |  step: 34304000, eval/episode_success: 0.000 +/- 0.000
2026-02-14 12:42:46 INFO    |  step: 34304000, eval/episode_success_easy: 14.145 +/- 0.000
2026-02-14 12:42:46 INFO    |  step: 34304000, eval/episode_dist: 32691.102 +/- 0.000
2026-02-14 12:42:46 INFO    |  step: 34304000, eval/episode_success_any: 0.000 +/- 0.000
2026-02-14 12:42:46 INFO    |  step: 34304000, ep_eval/episode_reward: 0.000 +/- 0.000
2026-02-14 12:42:46 INFO    |  step: 34304000, ep_eval/episode_success: 0.000 +/- 0.000
2026-02-14 12:42:46 INFO    |  step: 34304000, ep_eval/episode_success_easy: 0.000 +/- 0.000
2026-02-14 12:42:46 INFO    |  step: 34304000, ep_eval/episode_dist: 32471.293 +/- 0.000
2026-02-14 12:42:46 INFO    |  step: 34304000, ep_eval/episode_success_any: 0.000 +/- 0.000
2026-02-14 12:42:46 INFO    |  step: 34304000, eval/episode_reward_ctrl: 0.000 +/- 0.000
2026-02-14 12:42:46 INFO    |  step: 34304000, eval/episode_reward_dist: 0.000 +/- 0.000
2026-02-14 12:42:46 INFO    |  step: 34304000, eval/episode_reward_near: 0.000 +/- 0.000
2026-02-14 12:42:46 INFO    |  step: 34304000, eval/episode_reward_survive: 0.000 +/- 0.000
2026-02-14 12:42:46 INFO    |  step: 34304000, eval/episode_success_hard: 0.000 +/- 0.000
2026-02-14 12:42:46 INFO    |  step: 34304000, ep_eval/episode_reward_ctrl: 0.000 +/- 0.000
2026-02-14 12:42:46 INFO    |  step: 34304000, ep_eval/episode_reward_dist: 0.000 +/- 0.000
2026-02-14 12:42:46 INFO    |  step: 34304000, ep_eval/episode_reward_near: 0.000 +/- 0.000
2026-02-14 12:42:46 INFO    |  step: 34304000, ep_eval/episode_reward_survive: 0.000 +/- 0.000
2026-02-14 12:42:46 INFO    |  step: 34304000, ep_eval/episode_success_hard: 0.000 +/- 0.000
2026-02-14 12:42:46 INFO    |  step: 34304000, training/actor_loss: 0.000 +/- 0.000
2026-02-14 12:42:46 INFO    |  step: 34304000, training/log_alpha: 0.000 +/- 0.000
2026-02-14 12:42:46 INFO    |  step: 34304000, training/alpha_loss: 0.000 +/- 0.000
2026-02-14 12:42:46 INFO    |  step: 34304000, training/critic_loss: 0.000 +/- 0.000
2026-02-14 12:42:46 INFO    |  step: 34304000, training/entropy: 0.000 +/- 0.000
2026-02-14 12:43:05 INFO    |  step: 34304000
2026-02-14 12:43:05 INFO    |  step: 34304000, training/sps: 4060.670 +/- 0.000
2026-02-14 12:43:05 INFO    |  step: 34304000, training/ep_actor_loss: 0.003 +/- 0.000
2026-02-14 12:43:05 INFO    |  step: 34304000, training/ep_alpha_loss: 0.000 +/- 0.000
2026-02-14 12:43:05 INFO    |  step: 34304000, training/ep_categorical_accuracy: 0.004 +/- 0.000
2026-02-14 12:43:05 INFO    |  step: 34304000, training/ep_critic_loss: 8.619 +/- 0.000
2026-02-14 12:43:05 INFO    |  step: 34304000, training/ep_entropy: -4.000 +/- 0.000
2026-02-14 12:43:05 INFO    |  step: 34304000, training/ep_log_alpha: -8.330 +/- 0.000
2026-02-14 12:43:05 INFO    |  step: 34304000, training/ep_logits_neg: -0.001 +/- 0.000
2026-02-14 12:43:05 INFO    |  step: 34304000, training/ep_logits_pos: -0.001 +/- 0.000
2026-02-14 12:43:05 INFO    |  step: 34304000, training/ep_logsumexp: 5.544 +/- 0.000
2026-02-14 12:43:05 INFO    |  step: 34304000, training/gcp_actor_loss: 3.108 +/- 0.000
2026-02-14 12:43:05 INFO    |  step: 34304000, training/gcp_alpha_loss: 0.000 +/- 0.000
2026-02-14 12:43:05 INFO    |  step: 34304000, training/gcp_categorical_accuracy: 0.376 +/- 0.000
2026-02-14 12:43:05 INFO    |  step: 34304000, training/gcp_critic_loss: 2.911 +/- 0.000
2026-02-14 12:43:05 INFO    |  step: 34304000, training/gcp_entropy: -4.000 +/- 0.000
2026-02-14 12:43:05 INFO    |  step: 34304000, training/gcp_log_alpha: -4.803 +/- 0.000
2026-02-14 12:43:05 INFO    |  step: 34304000, training/gcp_logits_neg: -8.337 +/- 0.000
2026-02-14 12:43:05 INFO    |  step: 34304000, training/gcp_logits_pos: -3.280 +/- 0.000
2026-02-14 12:43:05 INFO    |  step: 34304000, training/gcp_logsumexp: -0.404 +/- 0.000
2026-02-14 12:43:05 INFO    |  step: 34304000, eval/episode_reward: 0.000 +/- 0.000
2026-02-14 12:43:05 INFO    |  step: 34304000, eval/episode_success: 0.000 +/- 0.000
2026-02-14 12:43:05 INFO    |  step: 34304000, eval/episode_success_easy: 0.000 +/- 0.000
2026-02-14 12:43:05 INFO    |  step: 34304000, eval/episode_dist: 33234.215 +/- 0.000
2026-02-14 12:43:05 INFO    |  step: 34304000, eval/episode_success_any: 0.000 +/- 0.000
2026-02-14 12:43:05 INFO    |  step: 34304000, ep_eval/episode_reward: 0.000 +/- 0.000
2026-02-14 12:43:05 INFO    |  step: 34304000, ep_eval/episode_success: 0.000 +/- 0.000
2026-02-14 12:43:05 INFO    |  step: 34304000, ep_eval/episode_success_easy: 0.000 +/- 0.000
2026-02-14 12:43:05 INFO    |  step: 34304000, ep_eval/episode_dist: 32470.656 +/- 0.000
2026-02-14 12:43:05 INFO    |  step: 34304000, ep_eval/episode_success_any: 0.000 +/- 0.000
2026-02-14 12:43:05 INFO    |  step: 34304000, eval/episode_reward_ctrl: 0.000 +/- 0.000
2026-02-14 12:43:05 INFO    |  step: 34304000, eval/episode_reward_dist: 0.000 +/- 0.000
2026-02-14 12:43:05 INFO    |  step: 34304000, eval/episode_reward_near: 0.000 +/- 0.000
2026-02-14 12:43:05 INFO    |  step: 34304000, eval/episode_reward_survive: 0.000 +/- 0.000
2026-02-14 12:43:05 INFO    |  step: 34304000, eval/episode_success_hard: 0.000 +/- 0.000
2026-02-14 12:43:05 INFO    |  step: 34304000, ep_eval/episode_reward_ctrl: 0.000 +/- 0.000
2026-02-14 12:43:05 INFO    |  step: 34304000, ep_eval/episode_reward_dist: 0.000 +/- 0.000
2026-02-14 12:43:05 INFO    |  step: 34304000, ep_eval/episode_reward_near: 0.000 +/- 0.000
2026-02-14 12:43:05 INFO    |  step: 34304000, ep_eval/episode_reward_survive: 0.000 +/- 0.000
2026-02-14 12:43:05 INFO    |  step: 34304000, ep_eval/episode_success_hard: 0.000 +/- 0.000
2026-02-14 12:43:05 INFO    |  step: 34304000, training/actor_loss: 0.000 +/- 0.000
2026-02-14 12:43:05 INFO    |  step: 34304000, training/log_alpha: 0.000 +/- 0.000
2026-02-14 12:43:05 INFO    |  step: 34304000, training/alpha_loss: 0.000 +/- 0.000
2026-02-14 12:43:05 INFO    |  step: 34304000, training/critic_loss: 0.000 +/- 0.000
2026-02-14 12:43:05 INFO    |  step: 34304000, training/entropy: 0.000 +/- 0.000
2026-02-14 12:44:33 INFO    |  Visualization: collected_transitions shape: (1500, 256, 31), num_envs: 256
2026-02-14 12:44:33 INFO    |  Visualization: Raw collected_transitions has 256 unique trajectory IDs out of 384000 total transitions
2026-02-14 12:44:34 INFO    |  Visualization: processed_transitions shape: (1499, 256, 31)
2026-02-14 12:44:34 INFO    |  Visualization: Found 256 unique trajectory IDs out of 383744 total transitions
2026-02-14 12:44:34 INFO    |  Transition shapes: obs=(1499, 256, 31), traj_ids=(1499, 256), traj_ids_flat=(383744,)
2026-02-14 12:44:37 INFO    |  Plotted visualizations at env step 45696000.0
2026-02-14 12:44:58 INFO    |  step: 45696000
2026-02-14 12:44:58 INFO    |  step: 45696000, training/sps: 5401.178 +/- 0.000
2026-02-14 12:44:58 INFO    |  step: 45696000, training/ep_actor_loss: 0.003 +/- 0.000
2026-02-14 12:44:58 INFO    |  step: 45696000, training/ep_alpha_loss: -0.000 +/- 0.000
2026-02-14 12:44:58 INFO    |  step: 45696000, training/ep_categorical_accuracy: 0.004 +/- 0.000
2026-02-14 12:44:58 INFO    |  step: 45696000, training/ep_critic_loss: 8.619 +/- 0.000
2026-02-14 12:44:58 INFO    |  step: 45696000, training/ep_entropy: -4.000 +/- 0.000
2026-02-14 12:44:58 INFO    |  step: 45696000, training/ep_log_alpha: -8.330 +/- 0.000
2026-02-14 12:44:58 INFO    |  step: 45696000, training/ep_logits_neg: -0.001 +/- 0.000
2026-02-14 12:44:58 INFO    |  step: 45696000, training/ep_logits_pos: -0.001 +/- 0.000
2026-02-14 12:44:58 INFO    |  step: 45696000, training/ep_logsumexp: 5.544 +/- 0.000
2026-02-14 12:44:58 INFO    |  step: 45696000, training/gcp_actor_loss: 3.485 +/- 0.000
2026-02-14 12:44:58 INFO    |  step: 45696000, training/gcp_alpha_loss: -0.000 +/- 0.000
2026-02-14 12:44:58 INFO    |  step: 45696000, training/gcp_categorical_accuracy: 0.318 +/- 0.000
2026-02-14 12:44:58 INFO    |  step: 45696000, training/gcp_critic_loss: 3.363 +/- 0.000
2026-02-14 12:44:58 INFO    |  step: 45696000, training/gcp_entropy: -4.001 +/- 0.000
2026-02-14 12:44:58 INFO    |  step: 45696000, training/gcp_log_alpha: -4.745 +/- 0.000
2026-02-14 12:44:58 INFO    |  step: 45696000, training/gcp_logits_neg: -7.603 +/- 0.000
2026-02-14 12:44:58 INFO    |  step: 45696000, training/gcp_logits_pos: -3.670 +/- 0.000
2026-02-14 12:44:58 INFO    |  step: 45696000, training/gcp_logsumexp: -0.338 +/- 0.000
2026-02-14 12:44:58 INFO    |  step: 45696000, eval/episode_reward: 0.102 +/- 0.000
2026-02-14 12:44:58 INFO    |  step: 45696000, eval/episode_success: 0.102 +/- 0.000
2026-02-14 12:44:58 INFO    |  step: 45696000, eval/episode_success_easy: 32.395 +/- 0.000
2026-02-14 12:44:58 INFO    |  step: 45696000, eval/episode_dist: 12209.117 +/- 0.000
2026-02-14 12:44:58 INFO    |  step: 45696000, eval/episode_success_any: 0.004 +/- 0.000
2026-02-14 12:44:58 INFO    |  step: 45696000, ep_eval/episode_reward: 0.000 +/- 0.000
2026-02-14 12:44:58 INFO    |  step: 45696000, ep_eval/episode_success: 0.000 +/- 0.000
2026-02-14 12:44:58 INFO    |  step: 45696000, ep_eval/episode_success_easy: 0.000 +/- 0.000
2026-02-14 12:44:58 INFO    |  step: 45696000, ep_eval/episode_dist: 12218.826 +/- 0.000
2026-02-14 12:44:58 INFO    |  step: 45696000, ep_eval/episode_success_any: 0.000 +/- 0.000
2026-02-14 12:44:58 INFO    |  step: 45696000, eval/episode_reward_ctrl: 0.000 +/- 0.000
2026-02-14 12:44:58 INFO    |  step: 45696000, eval/episode_reward_dist: 0.000 +/- 0.000
2026-02-14 12:44:58 INFO    |  step: 45696000, eval/episode_reward_near: 0.000 +/- 0.000
2026-02-14 12:44:58 INFO    |  step: 45696000, eval/episode_reward_survive: 0.000 +/- 0.000
2026-02-14 12:44:58 INFO    |  step: 45696000, eval/episode_success_hard: 0.000 +/- 0.000
2026-02-14 12:44:58 INFO    |  step: 45696000, ep_eval/episode_reward_ctrl: 0.000 +/- 0.000
2026-02-14 12:44:58 INFO    |  step: 45696000, ep_eval/episode_reward_dist: 0.000 +/- 0.000
2026-02-14 12:44:58 INFO    |  step: 45696000, ep_eval/episode_reward_near: 0.000 +/- 0.000
2026-02-14 12:44:58 INFO    |  step: 45696000, ep_eval/episode_reward_survive: 0.000 +/- 0.000
2026-02-14 12:44:58 INFO    |  step: 45696000, ep_eval/episode_success_hard: 0.000 +/- 0.000
2026-02-14 12:44:58 INFO    |  step: 45696000, training/actor_loss: 0.000 +/- 0.000
2026-02-14 12:44:58 INFO    |  step: 45696000, training/log_alpha: 0.000 +/- 0.000
2026-02-14 12:44:58 INFO    |  step: 45696000, training/alpha_loss: 0.000 +/- 0.000
2026-02-14 12:44:58 INFO    |  step: 45696000, training/critic_loss: 0.000 +/- 0.000
2026-02-14 12:44:58 INFO    |  step: 45696000, training/entropy: 0.000 +/- 0.000
2026-02-14 12:46:54 INFO    |  Visualization: collected_transitions shape: (2000, 256, 31), num_envs: 256
2026-02-14 12:46:54 INFO    |  Visualization: Raw collected_transitions has 256 unique trajectory IDs out of 512000 total transitions
2026-02-14 12:46:55 INFO    |  Visualization: processed_transitions shape: (1999, 256, 31)
2026-02-14 12:46:55 INFO    |  Visualization: Found 256 unique trajectory IDs out of 511744 total transitions
2026-02-14 12:46:55 INFO    |  Transition shapes: obs=(1999, 256, 31), traj_ids=(1999, 256), traj_ids_flat=(511744,)
2026-02-14 12:46:57 INFO    |  Plotted visualizations at env step 35328000.0
2026-02-14 12:47:14 INFO    |  Visualization: collected_transitions shape: (2000, 256, 31), num_envs: 256
2026-02-14 12:47:14 INFO    |  Visualization: Raw collected_transitions has 256 unique trajectory IDs out of 512000 total transitions
2026-02-14 12:47:15 INFO    |  Visualization: processed_transitions shape: (1999, 256, 31)
2026-02-14 12:47:15 INFO    |  Visualization: Found 256 unique trajectory IDs out of 511744 total transitions
2026-02-14 12:47:15 INFO    |  Transition shapes: obs=(1999, 256, 31), traj_ids=(1999, 256), traj_ids_flat=(511744,)
2026-02-14 12:47:16 INFO    |  Visualization: collected_transitions shape: (1500, 256, 31), num_envs: 256
2026-02-14 12:47:16 INFO    |  Visualization: Raw collected_transitions has 256 unique trajectory IDs out of 384000 total transitions
2026-02-14 12:47:17 INFO    |  Visualization: processed_transitions shape: (1499, 256, 31)
2026-02-14 12:47:17 INFO    |  Visualization: Found 256 unique trajectory IDs out of 383744 total transitions
2026-02-14 12:47:17 INFO    |  Transition shapes: obs=(1499, 256, 31), traj_ids=(1499, 256), traj_ids_flat=(383744,)
2026-02-14 12:47:17 INFO    |  Plotted visualizations at env step 35328000.0
2026-02-14 12:47:20 INFO    |  Plotted visualizations at env step 46464000.0
2026-02-14 12:47:35 INFO    |  step: 35328000
2026-02-14 12:47:35 INFO    |  step: 35328000, training/sps: 4064.092 +/- 0.000
2026-02-14 12:47:35 INFO    |  step: 35328000, training/ep_actor_loss: 0.003 +/- 0.000
2026-02-14 12:47:35 INFO    |  step: 35328000, training/ep_alpha_loss: -0.000 +/- 0.000
2026-02-14 12:47:35 INFO    |  step: 35328000, training/ep_categorical_accuracy: 0.004 +/- 0.000
2026-02-14 12:47:35 INFO    |  step: 35328000, training/ep_critic_loss: 8.619 +/- 0.000
2026-02-14 12:47:35 INFO    |  step: 35328000, training/ep_entropy: -4.000 +/- 0.000
2026-02-14 12:47:35 INFO    |  step: 35328000, training/ep_log_alpha: -8.330 +/- 0.000
2026-02-14 12:47:35 INFO    |  step: 35328000, training/ep_logits_neg: -0.001 +/- 0.000
2026-02-14 12:47:35 INFO    |  step: 35328000, training/ep_logits_pos: -0.001 +/- 0.000
2026-02-14 12:47:35 INFO    |  step: 35328000, training/ep_logsumexp: 5.544 +/- 0.000
2026-02-14 12:47:35 INFO    |  step: 35328000, training/gcp_actor_loss: 3.062 +/- 0.000
2026-02-14 12:47:35 INFO    |  step: 35328000, training/gcp_alpha_loss: -0.000 +/- 0.000
2026-02-14 12:47:35 INFO    |  step: 35328000, training/gcp_categorical_accuracy: 0.399 +/- 0.000
2026-02-14 12:47:35 INFO    |  step: 35328000, training/gcp_critic_loss: 2.827 +/- 0.000
2026-02-14 12:47:35 INFO    |  step: 35328000, training/gcp_entropy: -4.001 +/- 0.000
2026-02-14 12:47:35 INFO    |  step: 35328000, training/gcp_log_alpha: -4.762 +/- 0.000
2026-02-14 12:47:35 INFO    |  step: 35328000, training/gcp_logits_neg: -8.153 +/- 0.000
2026-02-14 12:47:35 INFO    |  step: 35328000, training/gcp_logits_pos: -3.267 +/- 0.000
2026-02-14 12:47:35 INFO    |  step: 35328000, training/gcp_logsumexp: -0.484 +/- 0.000
2026-02-14 12:47:35 INFO    |  step: 35328000, eval/episode_reward: 0.000 +/- 0.000
2026-02-14 12:47:35 INFO    |  step: 35328000, eval/episode_success: 0.000 +/- 0.000
2026-02-14 12:47:35 INFO    |  step: 35328000, eval/episode_success_easy: 14.727 +/- 0.000
2026-02-14 12:47:35 INFO    |  step: 35328000, eval/episode_dist: 31870.494 +/- 0.000
2026-02-14 12:47:35 INFO    |  step: 35328000, eval/episode_success_any: 0.000 +/- 0.000
2026-02-14 12:47:35 INFO    |  step: 35328000, ep_eval/episode_reward: 0.000 +/- 0.000
2026-02-14 12:47:35 INFO    |  step: 35328000, ep_eval/episode_success: 0.000 +/- 0.000
2026-02-14 12:47:35 INFO    |  step: 35328000, ep_eval/episode_success_easy: 0.000 +/- 0.000
2026-02-14 12:47:35 INFO    |  step: 35328000, ep_eval/episode_dist: 32030.922 +/- 0.000
2026-02-14 12:47:35 INFO    |  step: 35328000, ep_eval/episode_success_any: 0.000 +/- 0.000
2026-02-14 12:47:35 INFO    |  step: 35328000, eval/episode_reward_ctrl: 0.000 +/- 0.000
2026-02-14 12:47:35 INFO    |  step: 35328000, eval/episode_reward_dist: 0.000 +/- 0.000
2026-02-14 12:47:35 INFO    |  step: 35328000, eval/episode_reward_near: 0.000 +/- 0.000
2026-02-14 12:47:35 INFO    |  step: 35328000, eval/episode_reward_survive: 0.000 +/- 0.000
2026-02-14 12:47:35 INFO    |  step: 35328000, eval/episode_success_hard: 0.000 +/- 0.000
2026-02-14 12:47:35 INFO    |  step: 35328000, ep_eval/episode_reward_ctrl: 0.000 +/- 0.000
2026-02-14 12:47:35 INFO    |  step: 35328000, ep_eval/episode_reward_dist: 0.000 +/- 0.000
2026-02-14 12:47:35 INFO    |  step: 35328000, ep_eval/episode_reward_near: 0.000 +/- 0.000
2026-02-14 12:47:35 INFO    |  step: 35328000, ep_eval/episode_reward_survive: 0.000 +/- 0.000
2026-02-14 12:47:35 INFO    |  step: 35328000, ep_eval/episode_success_hard: 0.000 +/- 0.000
2026-02-14 12:47:35 INFO    |  step: 35328000, training/actor_loss: 0.000 +/- 0.000
2026-02-14 12:47:36 INFO    |  step: 35328000, training/log_alpha: 0.000 +/- 0.000
2026-02-14 12:47:36 INFO    |  step: 35328000, training/alpha_loss: 0.000 +/- 0.000
2026-02-14 12:47:36 INFO    |  step: 35328000, training/critic_loss: 0.000 +/- 0.000
2026-02-14 12:47:36 INFO    |  step: 35328000, training/entropy: 0.000 +/- 0.000
2026-02-14 12:47:40 INFO    |  step: 46464000
2026-02-14 12:47:40 INFO    |  step: 46464000, training/sps: 5430.972 +/- 0.000
2026-02-14 12:47:40 INFO    |  step: 46464000, training/ep_actor_loss: 0.003 +/- 0.000
2026-02-14 12:47:40 INFO    |  step: 46464000, training/ep_alpha_loss: 0.000 +/- 0.000
2026-02-14 12:47:40 INFO    |  step: 46464000, training/ep_categorical_accuracy: 0.004 +/- 0.000
2026-02-14 12:47:40 INFO    |  step: 46464000, training/ep_critic_loss: 8.619 +/- 0.000
2026-02-14 12:47:40 INFO    |  step: 46464000, training/ep_entropy: -4.000 +/- 0.000
2026-02-14 12:47:40 INFO    |  step: 46464000, training/ep_log_alpha: -8.330 +/- 0.000
2026-02-14 12:47:40 INFO    |  step: 46464000, training/ep_logits_neg: -0.001 +/- 0.000
2026-02-14 12:47:40 INFO    |  step: 46464000, training/ep_logits_pos: -0.001 +/- 0.000
2026-02-14 12:47:40 INFO    |  step: 46464000, training/ep_logsumexp: 5.544 +/- 0.000
2026-02-14 12:47:40 INFO    |  step: 46464000, training/gcp_actor_loss: 3.373 +/- 0.000
2026-02-14 12:47:40 INFO    |  step: 46464000, training/gcp_alpha_loss: -0.000 +/- 0.000
2026-02-14 12:47:40 INFO    |  step: 46464000, training/gcp_categorical_accuracy: 0.342 +/- 0.000
2026-02-14 12:47:40 INFO    |  step: 46464000, training/gcp_critic_loss: 3.225 +/- 0.000
2026-02-14 12:47:40 INFO    |  step: 46464000, training/gcp_entropy: -4.000 +/- 0.000
2026-02-14 12:47:40 INFO    |  step: 46464000, training/gcp_log_alpha: -4.688 +/- 0.000
2026-02-14 12:47:40 INFO    |  step: 46464000, training/gcp_logits_neg: -7.715 +/- 0.000
2026-02-14 12:47:40 INFO    |  step: 46464000, training/gcp_logits_pos: -3.554 +/- 0.000
2026-02-14 12:47:40 INFO    |  step: 46464000, training/gcp_logsumexp: -0.361 +/- 0.000
2026-02-14 12:47:40 INFO    |  step: 46464000, eval/episode_reward: 0.000 +/- 0.000
2026-02-14 12:47:40 INFO    |  step: 46464000, eval/episode_success: 0.000 +/- 0.000
2026-02-14 12:47:40 INFO    |  step: 46464000, eval/episode_success_easy: 5.594 +/- 0.000
2026-02-14 12:47:40 INFO    |  step: 46464000, eval/episode_dist: 12162.940 +/- 0.000
2026-02-14 12:47:40 INFO    |  step: 46464000, eval/episode_success_any: 0.000 +/- 0.000
2026-02-14 12:47:40 INFO    |  step: 46464000, ep_eval/episode_reward: 0.000 +/- 0.000
2026-02-14 12:47:40 INFO    |  step: 46464000, ep_eval/episode_success: 0.000 +/- 0.000
2026-02-14 12:47:40 INFO    |  step: 46464000, ep_eval/episode_success_easy: 0.000 +/- 0.000
2026-02-14 12:47:40 INFO    |  step: 46464000, ep_eval/episode_dist: 11894.775 +/- 0.000
2026-02-14 12:47:40 INFO    |  step: 46464000, ep_eval/episode_success_any: 0.000 +/- 0.000
2026-02-14 12:47:40 INFO    |  step: 46464000, eval/episode_reward_ctrl: 0.000 +/- 0.000
2026-02-14 12:47:40 INFO    |  step: 46464000, eval/episode_reward_dist: 0.000 +/- 0.000
2026-02-14 12:47:40 INFO    |  step: 46464000, eval/episode_reward_near: 0.000 +/- 0.000
2026-02-14 12:47:40 INFO    |  step: 46464000, eval/episode_reward_survive: 0.000 +/- 0.000
2026-02-14 12:47:40 INFO    |  step: 46464000, eval/episode_success_hard: 0.000 +/- 0.000
2026-02-14 12:47:40 INFO    |  step: 46464000, ep_eval/episode_reward_ctrl: 0.000 +/- 0.000
2026-02-14 12:47:40 INFO    |  step: 46464000, ep_eval/episode_reward_dist: 0.000 +/- 0.000
2026-02-14 12:47:40 INFO    |  step: 46464000, ep_eval/episode_reward_near: 0.000 +/- 0.000
2026-02-14 12:47:40 INFO    |  step: 46464000, ep_eval/episode_reward_survive: 0.000 +/- 0.000
2026-02-14 12:47:40 INFO    |  step: 46464000, ep_eval/episode_success_hard: 0.000 +/- 0.000
2026-02-14 12:47:40 INFO    |  step: 46464000, training/actor_loss: 0.000 +/- 0.000
2026-02-14 12:47:40 INFO    |  step: 46464000, training/log_alpha: 0.000 +/- 0.000
2026-02-14 12:47:40 INFO    |  step: 46464000, training/alpha_loss: 0.000 +/- 0.000
2026-02-14 12:47:40 INFO    |  step: 46464000, training/critic_loss: 0.000 +/- 0.000
2026-02-14 12:47:40 INFO    |  step: 46464000, training/entropy: 0.000 +/- 0.000
2026-02-14 12:47:56 INFO    |  step: 35328000
2026-02-14 12:47:56 INFO    |  step: 35328000, training/sps: 4058.081 +/- 0.000
2026-02-14 12:47:56 INFO    |  step: 35328000, training/ep_actor_loss: 0.003 +/- 0.000
2026-02-14 12:47:56 INFO    |  step: 35328000, training/ep_alpha_loss: -0.000 +/- 0.000
2026-02-14 12:47:56 INFO    |  step: 35328000, training/ep_categorical_accuracy: 0.004 +/- 0.000
2026-02-14 12:47:56 INFO    |  step: 35328000, training/ep_critic_loss: 8.619 +/- 0.000
2026-02-14 12:47:56 INFO    |  step: 35328000, training/ep_entropy: -4.000 +/- 0.000
2026-02-14 12:47:56 INFO    |  step: 35328000, training/ep_log_alpha: -8.330 +/- 0.000
2026-02-14 12:47:56 INFO    |  step: 35328000, training/ep_logits_neg: -0.001 +/- 0.000
2026-02-14 12:47:56 INFO    |  step: 35328000, training/ep_logits_pos: -0.001 +/- 0.000
2026-02-14 12:47:56 INFO    |  step: 35328000, training/ep_logsumexp: 5.544 +/- 0.000
2026-02-14 12:47:56 INFO    |  step: 35328000, training/gcp_actor_loss: 3.156 +/- 0.000
2026-02-14 12:47:56 INFO    |  step: 35328000, training/gcp_alpha_loss: 0.000 +/- 0.000
2026-02-14 12:47:56 INFO    |  step: 35328000, training/gcp_categorical_accuracy: 0.358 +/- 0.000
2026-02-14 12:47:56 INFO    |  step: 35328000, training/gcp_critic_loss: 2.991 +/- 0.000
2026-02-14 12:47:56 INFO    |  step: 35328000, training/gcp_entropy: -3.999 +/- 0.000
2026-02-14 12:47:56 INFO    |  step: 35328000, training/gcp_log_alpha: -4.879 +/- 0.000
2026-02-14 12:47:56 INFO    |  step: 35328000, training/gcp_logits_neg: -8.274 +/- 0.000
2026-02-14 12:47:56 INFO    |  step: 35328000, training/gcp_logits_pos: -3.327 +/- 0.000
2026-02-14 12:47:56 INFO    |  step: 35328000, training/gcp_logsumexp: -0.369 +/- 0.000
2026-02-14 12:47:56 INFO    |  step: 35328000, eval/episode_reward: 7.625 +/- 0.000
2026-02-14 12:47:56 INFO    |  step: 35328000, eval/episode_success: 7.625 +/- 0.000
2026-02-14 12:47:56 INFO    |  step: 35328000, eval/episode_success_easy: 30.098 +/- 0.000
2026-02-14 12:47:56 INFO    |  step: 35328000, eval/episode_dist: 31932.471 +/- 0.000
2026-02-14 12:47:56 INFO    |  step: 35328000, eval/episode_success_any: 0.008 +/- 0.000
2026-02-14 12:47:56 INFO    |  step: 35328000, ep_eval/episode_reward: 0.000 +/- 0.000
2026-02-14 12:47:56 INFO    |  step: 35328000, ep_eval/episode_success: 0.000 +/- 0.000
2026-02-14 12:47:56 INFO    |  step: 35328000, ep_eval/episode_success_easy: 0.000 +/- 0.000
2026-02-14 12:47:56 INFO    |  step: 35328000, ep_eval/episode_dist: 32029.438 +/- 0.000
2026-02-14 12:47:56 INFO    |  step: 35328000, ep_eval/episode_success_any: 0.000 +/- 0.000
2026-02-14 12:47:56 INFO    |  step: 35328000, eval/episode_reward_ctrl: 0.000 +/- 0.000
2026-02-14 12:47:56 INFO    |  step: 35328000, eval/episode_reward_dist: 0.000 +/- 0.000
2026-02-14 12:47:56 INFO    |  step: 35328000, eval/episode_reward_near: 0.000 +/- 0.000
2026-02-14 12:47:56 INFO    |  step: 35328000, eval/episode_reward_survive: 0.000 +/- 0.000
2026-02-14 12:47:56 INFO    |  step: 35328000, eval/episode_success_hard: 0.000 +/- 0.000
2026-02-14 12:47:56 INFO    |  step: 35328000, ep_eval/episode_reward_ctrl: 0.000 +/- 0.000
2026-02-14 12:47:56 INFO    |  step: 35328000, ep_eval/episode_reward_dist: 0.000 +/- 0.000
2026-02-14 12:47:56 INFO    |  step: 35328000, ep_eval/episode_reward_near: 0.000 +/- 0.000
2026-02-14 12:47:56 INFO    |  step: 35328000, ep_eval/episode_reward_survive: 0.000 +/- 0.000
2026-02-14 12:47:56 INFO    |  step: 35328000, ep_eval/episode_success_hard: 0.000 +/- 0.000
2026-02-14 12:47:56 INFO    |  step: 35328000, training/actor_loss: 0.000 +/- 0.000
2026-02-14 12:47:56 INFO    |  step: 35328000, training/log_alpha: 0.000 +/- 0.000
2026-02-14 12:47:56 INFO    |  step: 35328000, training/alpha_loss: 0.000 +/- 0.000
2026-02-14 12:47:56 INFO    |  step: 35328000, training/critic_loss: 0.000 +/- 0.000
2026-02-14 12:47:56 INFO    |  step: 35328000, training/entropy: 0.000 +/- 0.000
2026-02-14 12:49:58 INFO    |  Visualization: collected_transitions shape: (1500, 256, 31), num_envs: 256
2026-02-14 12:49:58 INFO    |  Visualization: Raw collected_transitions has 256 unique trajectory IDs out of 384000 total transitions
2026-02-14 12:49:59 INFO    |  Visualization: processed_transitions shape: (1499, 256, 31)
2026-02-14 12:49:59 INFO    |  Visualization: Found 256 unique trajectory IDs out of 383744 total transitions
2026-02-14 12:49:59 INFO    |  Transition shapes: obs=(1499, 256, 31), traj_ids=(1499, 256), traj_ids_flat=(383744,)
2026-02-14 12:50:01 INFO    |  Plotted visualizations at env step 47232000.0
2026-02-14 12:50:22 INFO    |  step: 47232000
2026-02-14 12:50:25 INFO    |  actor input shape: (1, 31)
2026-02-14 12:50:55 INFO    |  step: 47232000, training/sps: 5434.161 +/- 0.000
2026-02-14 12:50:55 INFO    |  step: 47232000, training/ep_actor_loss: 0.003 +/- 0.000
2026-02-14 12:50:55 INFO    |  step: 47232000, training/ep_alpha_loss: 0.000 +/- 0.000
2026-02-14 12:50:55 INFO    |  step: 47232000, training/ep_categorical_accuracy: 0.004 +/- 0.000
2026-02-14 12:50:55 INFO    |  step: 47232000, training/ep_critic_loss: 8.619 +/- 0.000
2026-02-14 12:50:55 INFO    |  step: 47232000, training/ep_entropy: -4.000 +/- 0.000
2026-02-14 12:50:55 INFO    |  step: 47232000, training/ep_log_alpha: -8.330 +/- 0.000
2026-02-14 12:50:55 INFO    |  step: 47232000, training/ep_logits_neg: -0.001 +/- 0.000
2026-02-14 12:50:55 INFO    |  step: 47232000, training/ep_logits_pos: -0.001 +/- 0.000
2026-02-14 12:50:55 INFO    |  step: 47232000, training/ep_logsumexp: 5.544 +/- 0.000
2026-02-14 12:50:55 INFO    |  step: 47232000, training/gcp_actor_loss: 3.343 +/- 0.000
2026-02-14 12:50:55 INFO    |  step: 47232000, training/gcp_alpha_loss: -0.000 +/- 0.000
2026-02-14 12:50:55 INFO    |  step: 47232000, training/gcp_categorical_accuracy: 0.355 +/- 0.000
2026-02-14 12:50:55 INFO    |  step: 47232000, training/gcp_critic_loss: 3.173 +/- 0.000
2026-02-14 12:50:55 INFO    |  step: 47232000, training/gcp_entropy: -4.004 +/- 0.000
2026-02-14 12:50:55 INFO    |  step: 47232000, training/gcp_log_alpha: -4.573 +/- 0.000
2026-02-14 12:50:55 INFO    |  step: 47232000, training/gcp_logits_neg: -7.729 +/- 0.000
2026-02-14 12:50:55 INFO    |  step: 47232000, training/gcp_logits_pos: -3.513 +/- 0.000
2026-02-14 12:50:55 INFO    |  step: 47232000, training/gcp_logsumexp: -0.374 +/- 0.000
2026-02-14 12:50:55 INFO    |  step: 47232000, eval/episode_reward: 0.000 +/- 0.000
2026-02-14 12:50:55 INFO    |  step: 47232000, eval/episode_success: 0.000 +/- 0.000
2026-02-14 12:50:55 INFO    |  step: 47232000, eval/episode_success_easy: 10.016 +/- 0.000
2026-02-14 12:50:55 INFO    |  step: 47232000, eval/episode_dist: 11884.764 +/- 0.000
2026-02-14 12:50:55 INFO    |  step: 47232000, eval/episode_success_any: 0.000 +/- 0.000
2026-02-14 12:50:55 INFO    |  step: 47232000, ep_eval/episode_reward: 0.000 +/- 0.000
2026-02-14 12:50:55 INFO    |  step: 47232000, ep_eval/episode_success: 0.000 +/- 0.000
2026-02-14 12:50:55 INFO    |  step: 47232000, ep_eval/episode_success_easy: 0.000 +/- 0.000
2026-02-14 12:50:55 INFO    |  step: 47232000, ep_eval/episode_dist: 12815.208 +/- 0.000
2026-02-14 12:50:55 INFO    |  step: 47232000, ep_eval/episode_success_any: 0.000 +/- 0.000
2026-02-14 12:50:55 INFO    |  step: 47232000, eval/episode_reward_ctrl: 0.000 +/- 0.000
2026-02-14 12:50:55 INFO    |  step: 47232000, eval/episode_reward_dist: 0.000 +/- 0.000
2026-02-14 12:50:55 INFO    |  step: 47232000, eval/episode_reward_near: 0.000 +/- 0.000
2026-02-14 12:50:55 INFO    |  step: 47232000, eval/episode_reward_survive: 0.000 +/- 0.000
2026-02-14 12:50:55 INFO    |  step: 47232000, eval/episode_success_hard: 0.000 +/- 0.000
2026-02-14 12:50:55 INFO    |  step: 47232000, ep_eval/episode_reward_ctrl: 0.000 +/- 0.000
2026-02-14 12:50:55 INFO    |  step: 47232000, ep_eval/episode_reward_dist: 0.000 +/- 0.000
2026-02-14 12:50:55 INFO    |  step: 47232000, ep_eval/episode_reward_near: 0.000 +/- 0.000
2026-02-14 12:50:55 INFO    |  step: 47232000, ep_eval/episode_reward_survive: 0.000 +/- 0.000
2026-02-14 12:50:55 INFO    |  step: 47232000, ep_eval/episode_success_hard: 0.000 +/- 0.000
2026-02-14 12:50:55 INFO    |  step: 47232000, training/actor_loss: 0.000 +/- 0.000
2026-02-14 12:50:55 INFO    |  step: 47232000, training/log_alpha: 0.000 +/- 0.000
2026-02-14 12:50:55 INFO    |  step: 47232000, training/alpha_loss: 0.000 +/- 0.000
2026-02-14 12:50:55 INFO    |  step: 47232000, training/critic_loss: 0.000 +/- 0.000
2026-02-14 12:50:55 INFO    |  step: 47232000, training/entropy: 0.000 +/- 0.000
2026-02-14 12:51:43 INFO    |  Visualization: collected_transitions shape: (2000, 256, 31), num_envs: 256
2026-02-14 12:51:43 INFO    |  Visualization: Raw collected_transitions has 256 unique trajectory IDs out of 512000 total transitions
2026-02-14 12:51:44 INFO    |  Visualization: processed_transitions shape: (1999, 256, 31)
2026-02-14 12:51:44 INFO    |  Visualization: Found 256 unique trajectory IDs out of 511744 total transitions
2026-02-14 12:51:44 INFO    |  Transition shapes: obs=(1999, 256, 31), traj_ids=(1999, 256), traj_ids_flat=(511744,)
2026-02-14 12:51:47 INFO    |  Plotted visualizations at env step 36352000.0
2026-02-14 12:52:02 INFO    |  Visualization: collected_transitions shape: (2000, 256, 31), num_envs: 256
2026-02-14 12:52:02 INFO    |  Visualization: Raw collected_transitions has 256 unique trajectory IDs out of 512000 total transitions
2026-02-14 12:52:03 INFO    |  Visualization: processed_transitions shape: (1999, 256, 31)
2026-02-14 12:52:04 INFO    |  Visualization: Found 256 unique trajectory IDs out of 511744 total transitions
2026-02-14 12:52:04 INFO    |  Transition shapes: obs=(1999, 256, 31), traj_ids=(1999, 256), traj_ids_flat=(511744,)
2026-02-14 12:52:06 INFO    |  Plotted visualizations at env step 36352000.0
2026-02-14 12:52:24 INFO    |  step: 36352000
2026-02-14 12:52:24 INFO    |  step: 36352000, training/sps: 4078.920 +/- 0.000
2026-02-14 12:52:24 INFO    |  step: 36352000, training/ep_actor_loss: 0.003 +/- 0.000
2026-02-14 12:52:24 INFO    |  step: 36352000, training/ep_alpha_loss: -0.000 +/- 0.000
2026-02-14 12:52:24 INFO    |  step: 36352000, training/ep_categorical_accuracy: 0.004 +/- 0.000
2026-02-14 12:52:24 INFO    |  step: 36352000, training/ep_critic_loss: 8.619 +/- 0.000
2026-02-14 12:52:24 INFO    |  step: 36352000, training/ep_entropy: -4.000 +/- 0.000
2026-02-14 12:52:24 INFO    |  step: 36352000, training/ep_log_alpha: -8.330 +/- 0.000
2026-02-14 12:52:24 INFO    |  step: 36352000, training/ep_logits_neg: -0.001 +/- 0.000
2026-02-14 12:52:24 INFO    |  step: 36352000, training/ep_logits_pos: -0.001 +/- 0.000
2026-02-14 12:52:24 INFO    |  step: 36352000, training/ep_logsumexp: 5.544 +/- 0.000
2026-02-14 12:52:24 INFO    |  step: 36352000, training/gcp_actor_loss: 2.991 +/- 0.000
2026-02-14 12:52:24 INFO    |  step: 36352000, training/gcp_alpha_loss: -0.000 +/- 0.000
2026-02-14 12:52:24 INFO    |  step: 36352000, training/gcp_categorical_accuracy: 0.413 +/- 0.000
2026-02-14 12:52:24 INFO    |  step: 36352000, training/gcp_critic_loss: 2.739 +/- 0.000
2026-02-14 12:52:24 INFO    |  step: 36352000, training/gcp_entropy: -4.000 +/- 0.000
2026-02-14 12:52:24 INFO    |  step: 36352000, training/gcp_log_alpha: -4.667 +/- 0.000
2026-02-14 12:52:24 INFO    |  step: 36352000, training/gcp_logits_neg: -8.268 +/- 0.000
2026-02-14 12:52:24 INFO    |  step: 36352000, training/gcp_logits_pos: -3.221 +/- 0.000
2026-02-14 12:52:24 INFO    |  step: 36352000, training/gcp_logsumexp: -0.533 +/- 0.000
2026-02-14 12:52:24 INFO    |  step: 36352000, eval/episode_reward: 0.000 +/- 0.000
2026-02-14 12:52:24 INFO    |  step: 36352000, eval/episode_success: 0.000 +/- 0.000
2026-02-14 12:52:24 INFO    |  step: 36352000, eval/episode_success_easy: 22.590 +/- 0.000
2026-02-14 12:52:24 INFO    |  step: 36352000, eval/episode_dist: 31999.818 +/- 0.000
2026-02-14 12:52:24 INFO    |  step: 36352000, eval/episode_success_any: 0.000 +/- 0.000
2026-02-14 12:52:24 INFO    |  step: 36352000, ep_eval/episode_reward: 0.000 +/- 0.000
2026-02-14 12:52:24 INFO    |  step: 36352000, ep_eval/episode_success: 0.000 +/- 0.000
2026-02-14 12:52:24 INFO    |  step: 36352000, ep_eval/episode_success_easy: 0.000 +/- 0.000
2026-02-14 12:52:24 INFO    |  step: 36352000, ep_eval/episode_dist: 33101.828 +/- 0.000
2026-02-14 12:52:24 INFO    |  step: 36352000, ep_eval/episode_success_any: 0.000 +/- 0.000
2026-02-14 12:52:24 INFO    |  step: 36352000, eval/episode_reward_ctrl: 0.000 +/- 0.000
2026-02-14 12:52:24 INFO    |  step: 36352000, eval/episode_reward_dist: 0.000 +/- 0.000
2026-02-14 12:52:24 INFO    |  step: 36352000, eval/episode_reward_near: 0.000 +/- 0.000
2026-02-14 12:52:24 INFO    |  step: 36352000, eval/episode_reward_survive: 0.000 +/- 0.000
2026-02-14 12:52:24 INFO    |  step: 36352000, eval/episode_success_hard: 0.000 +/- 0.000
2026-02-14 12:52:24 INFO    |  step: 36352000, ep_eval/episode_reward_ctrl: 0.000 +/- 0.000
2026-02-14 12:52:24 INFO    |  step: 36352000, ep_eval/episode_reward_dist: 0.000 +/- 0.000
2026-02-14 12:52:24 INFO    |  step: 36352000, ep_eval/episode_reward_near: 0.000 +/- 0.000
2026-02-14 12:52:24 INFO    |  step: 36352000, ep_eval/episode_reward_survive: 0.000 +/- 0.000
2026-02-14 12:52:24 INFO    |  step: 36352000, ep_eval/episode_success_hard: 0.000 +/- 0.000
2026-02-14 12:52:24 INFO    |  step: 36352000, training/actor_loss: 0.000 +/- 0.000
2026-02-14 12:52:24 INFO    |  step: 36352000, training/log_alpha: 0.000 +/- 0.000
2026-02-14 12:52:24 INFO    |  step: 36352000, training/alpha_loss: 0.000 +/- 0.000
2026-02-14 12:52:24 INFO    |  step: 36352000, training/critic_loss: 0.000 +/- 0.000
2026-02-14 12:52:24 INFO    |  step: 36352000, training/entropy: 0.000 +/- 0.000
2026-02-14 12:52:44 INFO    |  step: 36352000
2026-02-14 12:52:44 INFO    |  step: 36352000, training/sps: 4087.878 +/- 0.000
2026-02-14 12:52:44 INFO    |  step: 36352000, training/ep_actor_loss: 0.003 +/- 0.000
2026-02-14 12:52:44 INFO    |  step: 36352000, training/ep_alpha_loss: -0.000 +/- 0.000
2026-02-14 12:52:44 INFO    |  step: 36352000, training/ep_categorical_accuracy: 0.004 +/- 0.000
2026-02-14 12:52:44 INFO    |  step: 36352000, training/ep_critic_loss: 8.619 +/- 0.000
2026-02-14 12:52:44 INFO    |  step: 36352000, training/ep_entropy: -4.000 +/- 0.000
2026-02-14 12:52:44 INFO    |  step: 36352000, training/ep_log_alpha: -8.330 +/- 0.000
2026-02-14 12:52:44 INFO    |  step: 36352000, training/ep_logits_neg: -0.001 +/- 0.000
2026-02-14 12:52:44 INFO    |  step: 36352000, training/ep_logits_pos: -0.001 +/- 0.000
2026-02-14 12:52:44 INFO    |  step: 36352000, training/ep_logsumexp: 5.544 +/- 0.000
2026-02-14 12:52:44 INFO    |  step: 36352000, training/gcp_actor_loss: 3.172 +/- 0.000
2026-02-14 12:52:44 INFO    |  step: 36352000, training/gcp_alpha_loss: 0.000 +/- 0.000
2026-02-14 12:52:44 INFO    |  step: 36352000, training/gcp_categorical_accuracy: 0.362 +/- 0.000
2026-02-14 12:52:44 INFO    |  step: 36352000, training/gcp_critic_loss: 2.997 +/- 0.000
2026-02-14 12:52:44 INFO    |  step: 36352000, training/gcp_entropy: -4.000 +/- 0.000
2026-02-14 12:52:44 INFO    |  step: 36352000, training/gcp_log_alpha: -4.882 +/- 0.000
2026-02-14 12:52:44 INFO    |  step: 36352000, training/gcp_logits_neg: -8.237 +/- 0.000
2026-02-14 12:52:44 INFO    |  step: 36352000, training/gcp_logits_pos: -3.335 +/- 0.000
2026-02-14 12:52:44 INFO    |  step: 36352000, training/gcp_logsumexp: -0.372 +/- 0.000
2026-02-14 12:52:44 INFO    |  step: 36352000, eval/episode_reward: 0.000 +/- 0.000
2026-02-14 12:52:44 INFO    |  step: 36352000, eval/episode_success: 0.000 +/- 0.000
2026-02-14 12:52:44 INFO    |  step: 36352000, eval/episode_success_easy: 0.000 +/- 0.000
2026-02-14 12:52:44 INFO    |  step: 36352000, eval/episode_dist: 31943.004 +/- 0.000
2026-02-14 12:52:44 INFO    |  step: 36352000, eval/episode_success_any: 0.000 +/- 0.000
2026-02-14 12:52:44 INFO    |  step: 36352000, ep_eval/episode_reward: 0.000 +/- 0.000
2026-02-14 12:52:44 INFO    |  step: 36352000, ep_eval/episode_success: 0.000 +/- 0.000
2026-02-14 12:52:44 INFO    |  step: 36352000, ep_eval/episode_success_easy: 0.000 +/- 0.000
2026-02-14 12:52:44 INFO    |  step: 36352000, ep_eval/episode_dist: 33101.906 +/- 0.000
2026-02-14 12:52:44 INFO    |  step: 36352000, ep_eval/episode_success_any: 0.000 +/- 0.000
2026-02-14 12:52:44 INFO    |  step: 36352000, eval/episode_reward_ctrl: 0.000 +/- 0.000
2026-02-14 12:52:44 INFO    |  step: 36352000, eval/episode_reward_dist: 0.000 +/- 0.000
2026-02-14 12:52:44 INFO    |  step: 36352000, eval/episode_reward_near: 0.000 +/- 0.000
2026-02-14 12:52:44 INFO    |  step: 36352000, eval/episode_reward_survive: 0.000 +/- 0.000
2026-02-14 12:52:44 INFO    |  step: 36352000, eval/episode_success_hard: 0.000 +/- 0.000
2026-02-14 12:52:44 INFO    |  step: 36352000, ep_eval/episode_reward_ctrl: 0.000 +/- 0.000
2026-02-14 12:52:44 INFO    |  step: 36352000, ep_eval/episode_reward_dist: 0.000 +/- 0.000
2026-02-14 12:52:44 INFO    |  step: 36352000, ep_eval/episode_reward_near: 0.000 +/- 0.000
2026-02-14 12:52:44 INFO    |  step: 36352000, ep_eval/episode_reward_survive: 0.000 +/- 0.000
2026-02-14 12:52:44 INFO    |  step: 36352000, ep_eval/episode_success_hard: 0.000 +/- 0.000
2026-02-14 12:52:44 INFO    |  step: 36352000, training/actor_loss: 0.000 +/- 0.000
2026-02-14 12:52:44 INFO    |  step: 36352000, training/log_alpha: 0.000 +/- 0.000
2026-02-14 12:52:44 INFO    |  step: 36352000, training/alpha_loss: 0.000 +/- 0.000
2026-02-14 12:52:44 INFO    |  step: 36352000, training/critic_loss: 0.000 +/- 0.000
2026-02-14 12:52:44 INFO    |  step: 36352000, training/entropy: 0.000 +/- 0.000
2026-02-14 12:53:11 INFO    |  Visualization: collected_transitions shape: (1500, 256, 31), num_envs: 256
2026-02-14 12:53:11 INFO    |  Visualization: Raw collected_transitions has 256 unique trajectory IDs out of 384000 total transitions
2026-02-14 12:53:12 INFO    |  Visualization: processed_transitions shape: (1499, 256, 31)
2026-02-14 12:53:12 INFO    |  Visualization: Found 256 unique trajectory IDs out of 383744 total transitions
2026-02-14 12:53:12 INFO    |  Transition shapes: obs=(1499, 256, 31), traj_ids=(1499, 256), traj_ids_flat=(383744,)
2026-02-14 12:53:15 INFO    |  Plotted visualizations at env step 48000000.0
2026-02-14 12:53:36 INFO    |  step: 48000000
2026-02-14 12:53:36 INFO    |  step: 48000000, training/sps: 5481.363 +/- 0.000
2026-02-14 12:53:36 INFO    |  step: 48000000, training/ep_actor_loss: 0.003 +/- 0.000
2026-02-14 12:53:36 INFO    |  step: 48000000, training/ep_alpha_loss: -0.000 +/- 0.000
2026-02-14 12:53:36 INFO    |  step: 48000000, training/ep_categorical_accuracy: 0.004 +/- 0.000
2026-02-14 12:53:36 INFO    |  step: 48000000, training/ep_critic_loss: 8.619 +/- 0.000
2026-02-14 12:53:36 INFO    |  step: 48000000, training/ep_entropy: -4.000 +/- 0.000
2026-02-14 12:53:36 INFO    |  step: 48000000, training/ep_log_alpha: -8.330 +/- 0.000
2026-02-14 12:53:36 INFO    |  step: 48000000, training/ep_logits_neg: -0.001 +/- 0.000
2026-02-14 12:53:36 INFO    |  step: 48000000, training/ep_logits_pos: -0.001 +/- 0.000
2026-02-14 12:53:36 INFO    |  step: 48000000, training/ep_logsumexp: 5.544 +/- 0.000
2026-02-14 12:53:36 INFO    |  step: 48000000, training/gcp_actor_loss: 3.183 +/- 0.000
2026-02-14 12:53:36 INFO    |  step: 48000000, training/gcp_alpha_loss: -0.000 +/- 0.000
2026-02-14 12:53:36 INFO    |  step: 48000000, training/gcp_categorical_accuracy: 0.394 +/- 0.000
2026-02-14 12:53:36 INFO    |  step: 48000000, training/gcp_critic_loss: 2.963 +/- 0.000
2026-02-14 12:53:36 INFO    |  step: 48000000, training/gcp_entropy: -4.002 +/- 0.000
2026-02-14 12:53:36 INFO    |  step: 48000000, training/gcp_log_alpha: -4.361 +/- 0.000
2026-02-14 12:53:36 INFO    |  step: 48000000, training/gcp_logits_neg: -7.935 +/- 0.000
2026-02-14 12:53:36 INFO    |  step: 48000000, training/gcp_logits_pos: -3.349 +/- 0.000
2026-02-14 12:53:36 INFO    |  step: 48000000, training/gcp_logsumexp: -0.426 +/- 0.000
2026-02-14 12:53:36 INFO    |  step: 48000000, eval/episode_reward: 0.000 +/- 0.000
2026-02-14 12:53:36 INFO    |  step: 48000000, eval/episode_success: 0.000 +/- 0.000
2026-02-14 12:53:36 INFO    |  step: 48000000, eval/episode_success_easy: 43.477 +/- 0.000
2026-02-14 12:53:36 INFO    |  step: 48000000, eval/episode_dist: 11996.852 +/- 0.000
2026-02-14 12:53:36 INFO    |  step: 48000000, eval/episode_success_any: 0.000 +/- 0.000
2026-02-14 12:53:36 INFO    |  step: 48000000, ep_eval/episode_reward: 0.000 +/- 0.000
2026-02-14 12:53:36 INFO    |  step: 48000000, ep_eval/episode_success: 0.000 +/- 0.000
2026-02-14 12:53:36 INFO    |  step: 48000000, ep_eval/episode_success_easy: 0.000 +/- 0.000
2026-02-14 12:53:36 INFO    |  step: 48000000, ep_eval/episode_dist: 12257.996 +/- 0.000
2026-02-14 12:53:36 INFO    |  step: 48000000, ep_eval/episode_success_any: 0.000 +/- 0.000
2026-02-14 12:53:36 INFO    |  step: 48000000, eval/episode_reward_ctrl: 0.000 +/- 0.000
2026-02-14 12:53:36 INFO    |  step: 48000000, eval/episode_reward_dist: 0.000 +/- 0.000
2026-02-14 12:53:36 INFO    |  step: 48000000, eval/episode_reward_near: 0.000 +/- 0.000
2026-02-14 12:53:36 INFO    |  step: 48000000, eval/episode_reward_survive: 0.000 +/- 0.000
2026-02-14 12:53:36 INFO    |  step: 48000000, eval/episode_success_hard: 0.000 +/- 0.000
2026-02-14 12:53:36 INFO    |  step: 48000000, ep_eval/episode_reward_ctrl: 0.000 +/- 0.000
2026-02-14 12:53:36 INFO    |  step: 48000000, ep_eval/episode_reward_dist: 0.000 +/- 0.000
2026-02-14 12:53:36 INFO    |  step: 48000000, ep_eval/episode_reward_near: 0.000 +/- 0.000
2026-02-14 12:53:36 INFO    |  step: 48000000, ep_eval/episode_reward_survive: 0.000 +/- 0.000
2026-02-14 12:53:36 INFO    |  step: 48000000, ep_eval/episode_success_hard: 0.000 +/- 0.000
2026-02-14 12:53:36 INFO    |  step: 48000000, training/actor_loss: 0.000 +/- 0.000
2026-02-14 12:53:36 INFO    |  step: 48000000, training/log_alpha: 0.000 +/- 0.000
2026-02-14 12:53:36 INFO    |  step: 48000000, training/alpha_loss: 0.000 +/- 0.000
2026-02-14 12:53:36 INFO    |  step: 48000000, training/critic_loss: 0.000 +/- 0.000
2026-02-14 12:53:36 INFO    |  step: 48000000, training/entropy: 0.000 +/- 0.000
2026-02-14 12:55:53 INFO    |  Visualization: collected_transitions shape: (1500, 256, 31), num_envs: 256
2026-02-14 12:55:53 INFO    |  Visualization: Raw collected_transitions has 256 unique trajectory IDs out of 384000 total transitions
2026-02-14 12:55:54 INFO    |  Visualization: processed_transitions shape: (1499, 256, 31)
2026-02-14 12:55:55 INFO    |  Visualization: Found 256 unique trajectory IDs out of 383744 total transitions
2026-02-14 12:55:55 INFO    |  Transition shapes: obs=(1499, 256, 31), traj_ids=(1499, 256), traj_ids_flat=(383744,)
2026-02-14 12:55:57 INFO    |  Plotted visualizations at env step 48768000.0
2026-02-14 12:56:17 INFO    |  step: 48768000
2026-02-14 12:56:17 INFO    |  step: 48768000, training/sps: 5434.937 +/- 0.000
2026-02-14 12:56:17 INFO    |  step: 48768000, training/ep_actor_loss: 0.003 +/- 0.000
2026-02-14 12:56:17 INFO    |  step: 48768000, training/ep_alpha_loss: 0.000 +/- 0.000
2026-02-14 12:56:17 INFO    |  step: 48768000, training/ep_categorical_accuracy: 0.004 +/- 0.000
2026-02-14 12:56:17 INFO    |  step: 48768000, training/ep_critic_loss: 8.619 +/- 0.000
2026-02-14 12:56:17 INFO    |  step: 48768000, training/ep_entropy: -4.000 +/- 0.000
2026-02-14 12:56:17 INFO    |  step: 48768000, training/ep_log_alpha: -8.330 +/- 0.000
2026-02-14 12:56:17 INFO    |  step: 48768000, training/ep_logits_neg: -0.001 +/- 0.000
2026-02-14 12:56:17 INFO    |  step: 48768000, training/ep_logits_pos: -0.001 +/- 0.000
2026-02-14 12:56:17 INFO    |  step: 48768000, training/ep_logsumexp: 5.544 +/- 0.000
2026-02-14 12:56:17 INFO    |  step: 48768000, training/gcp_actor_loss: 3.079 +/- 0.000
2026-02-14 12:56:17 INFO    |  step: 48768000, training/gcp_alpha_loss: -0.000 +/- 0.000
2026-02-14 12:56:17 INFO    |  step: 48768000, training/gcp_categorical_accuracy: 0.425 +/- 0.000
2026-02-14 12:56:17 INFO    |  step: 48768000, training/gcp_critic_loss: 2.808 +/- 0.000
2026-02-14 12:56:17 INFO    |  step: 48768000, training/gcp_entropy: -4.003 +/- 0.000
2026-02-14 12:56:17 INFO    |  step: 48768000, training/gcp_log_alpha: -4.215 +/- 0.000
2026-02-14 12:56:17 INFO    |  step: 48768000, training/gcp_logits_neg: -8.055 +/- 0.000
2026-02-14 12:56:17 INFO    |  step: 48768000, training/gcp_logits_pos: -3.228 +/- 0.000
2026-02-14 12:56:17 INFO    |  step: 48768000, training/gcp_logsumexp: -0.465 +/- 0.000
2026-02-14 12:56:17 INFO    |  step: 48768000, eval/episode_reward: 0.000 +/- 0.000
2026-02-14 12:56:17 INFO    |  step: 48768000, eval/episode_success: 0.000 +/- 0.000
2026-02-14 12:56:17 INFO    |  step: 48768000, eval/episode_success_easy: 0.000 +/- 0.000
2026-02-14 12:56:17 INFO    |  step: 48768000, eval/episode_dist: 12564.969 +/- 0.000
2026-02-14 12:56:17 INFO    |  step: 48768000, eval/episode_success_any: 0.000 +/- 0.000
2026-02-14 12:56:17 INFO    |  step: 48768000, ep_eval/episode_reward: 0.000 +/- 0.000
2026-02-14 12:56:17 INFO    |  step: 48768000, ep_eval/episode_success: 0.000 +/- 0.000
2026-02-14 12:56:17 INFO    |  step: 48768000, ep_eval/episode_success_easy: 0.000 +/- 0.000
2026-02-14 12:56:17 INFO    |  step: 48768000, ep_eval/episode_dist: 12434.742 +/- 0.000
2026-02-14 12:56:17 INFO    |  step: 48768000, ep_eval/episode_success_any: 0.000 +/- 0.000
2026-02-14 12:56:17 INFO    |  step: 48768000, eval/episode_reward_ctrl: 0.000 +/- 0.000
2026-02-14 12:56:17 INFO    |  step: 48768000, eval/episode_reward_dist: 0.000 +/- 0.000
2026-02-14 12:56:17 INFO    |  step: 48768000, eval/episode_reward_near: 0.000 +/- 0.000
2026-02-14 12:56:17 INFO    |  step: 48768000, eval/episode_reward_survive: 0.000 +/- 0.000
2026-02-14 12:56:17 INFO    |  step: 48768000, eval/episode_success_hard: 0.000 +/- 0.000
2026-02-14 12:56:17 INFO    |  step: 48768000, ep_eval/episode_reward_ctrl: 0.000 +/- 0.000
2026-02-14 12:56:17 INFO    |  step: 48768000, ep_eval/episode_reward_dist: 0.000 +/- 0.000
2026-02-14 12:56:17 INFO    |  step: 48768000, ep_eval/episode_reward_near: 0.000 +/- 0.000
2026-02-14 12:56:17 INFO    |  step: 48768000, ep_eval/episode_reward_survive: 0.000 +/- 0.000
2026-02-14 12:56:17 INFO    |  step: 48768000, ep_eval/episode_success_hard: 0.000 +/- 0.000
2026-02-14 12:56:17 INFO    |  step: 48768000, training/actor_loss: 0.000 +/- 0.000
2026-02-14 12:56:17 INFO    |  step: 48768000, training/log_alpha: 0.000 +/- 0.000
2026-02-14 12:56:17 INFO    |  step: 48768000, training/alpha_loss: 0.000 +/- 0.000
2026-02-14 12:56:17 INFO    |  step: 48768000, training/critic_loss: 0.000 +/- 0.000
2026-02-14 12:56:17 INFO    |  step: 48768000, training/entropy: 0.000 +/- 0.000
2026-02-14 12:56:32 INFO    |  Visualization: collected_transitions shape: (2000, 256, 31), num_envs: 256
2026-02-14 12:56:32 INFO    |  Visualization: Raw collected_transitions has 256 unique trajectory IDs out of 512000 total transitions
2026-02-14 12:56:33 INFO    |  Visualization: processed_transitions shape: (1999, 256, 31)
2026-02-14 12:56:33 INFO    |  Visualization: Found 256 unique trajectory IDs out of 511744 total transitions
2026-02-14 12:56:33 INFO    |  Transition shapes: obs=(1999, 256, 31), traj_ids=(1999, 256), traj_ids_flat=(511744,)
2026-02-14 12:56:35 INFO    |  Plotted visualizations at env step 37376000.0
2026-02-14 12:56:52 INFO    |  Visualization: collected_transitions shape: (2000, 256, 31), num_envs: 256
2026-02-14 12:56:52 INFO    |  Visualization: Raw collected_transitions has 256 unique trajectory IDs out of 512000 total transitions
2026-02-14 12:56:52 INFO    |  Visualization: processed_transitions shape: (1999, 256, 31)
2026-02-14 12:56:53 INFO    |  Visualization: Found 256 unique trajectory IDs out of 511744 total transitions
2026-02-14 12:56:53 INFO    |  Transition shapes: obs=(1999, 256, 31), traj_ids=(1999, 256), traj_ids_flat=(511744,)
2026-02-14 12:56:55 INFO    |  Plotted visualizations at env step 37376000.0
2026-02-14 12:57:13 INFO    |  step: 37376000
2026-02-14 12:57:16 INFO    |  actor input shape: (1, 31)
2026-02-14 12:57:34 INFO    |  step: 37376000
2026-02-14 12:57:36 INFO    |  actor input shape: (1, 31)
2026-02-14 12:57:47 INFO    |  step: 37376000, training/sps: 4078.807 +/- 0.000
2026-02-14 12:57:47 INFO    |  step: 37376000, training/ep_actor_loss: 0.003 +/- 0.000
2026-02-14 12:57:47 INFO    |  step: 37376000, training/ep_alpha_loss: 0.000 +/- 0.000
2026-02-14 12:57:47 INFO    |  step: 37376000, training/ep_categorical_accuracy: 0.004 +/- 0.000
2026-02-14 12:57:47 INFO    |  step: 37376000, training/ep_critic_loss: 8.619 +/- 0.000
2026-02-14 12:57:47 INFO    |  step: 37376000, training/ep_entropy: -4.000 +/- 0.000
2026-02-14 12:57:47 INFO    |  step: 37376000, training/ep_log_alpha: -8.330 +/- 0.000
2026-02-14 12:57:47 INFO    |  step: 37376000, training/ep_logits_neg: -0.001 +/- 0.000
2026-02-14 12:57:47 INFO    |  step: 37376000, training/ep_logits_pos: -0.001 +/- 0.000
2026-02-14 12:57:47 INFO    |  step: 37376000, training/ep_logsumexp: 5.544 +/- 0.000
2026-02-14 12:57:47 INFO    |  step: 37376000, training/gcp_actor_loss: 2.963 +/- 0.000
2026-02-14 12:57:47 INFO    |  step: 37376000, training/gcp_alpha_loss: -0.000 +/- 0.000
2026-02-14 12:57:47 INFO    |  step: 37376000, training/gcp_categorical_accuracy: 0.422 +/- 0.000
2026-02-14 12:57:47 INFO    |  step: 37376000, training/gcp_critic_loss: 2.688 +/- 0.000
2026-02-14 12:57:47 INFO    |  step: 37376000, training/gcp_entropy: -4.001 +/- 0.000
2026-02-14 12:57:47 INFO    |  step: 37376000, training/gcp_log_alpha: -4.568 +/- 0.000
2026-02-14 12:57:47 INFO    |  step: 37376000, training/gcp_logits_neg: -8.326 +/- 0.000
2026-02-14 12:57:47 INFO    |  step: 37376000, training/gcp_logits_pos: -3.207 +/- 0.000
2026-02-14 12:57:47 INFO    |  step: 37376000, training/gcp_logsumexp: -0.572 +/- 0.000
2026-02-14 12:57:47 INFO    |  step: 37376000, eval/episode_reward: 0.000 +/- 0.000
2026-02-14 12:57:47 INFO    |  step: 37376000, eval/episode_success: 0.000 +/- 0.000
2026-02-14 12:57:47 INFO    |  step: 37376000, eval/episode_success_easy: 8.676 +/- 0.000
2026-02-14 12:57:47 INFO    |  step: 37376000, eval/episode_dist: 31633.330 +/- 0.000
2026-02-14 12:57:47 INFO    |  step: 37376000, eval/episode_success_any: 0.000 +/- 0.000
2026-02-14 12:57:47 INFO    |  step: 37376000, ep_eval/episode_reward: 0.000 +/- 0.000
2026-02-14 12:57:47 INFO    |  step: 37376000, ep_eval/episode_success: 0.000 +/- 0.000
2026-02-14 12:57:47 INFO    |  step: 37376000, ep_eval/episode_success_easy: 0.000 +/- 0.000
2026-02-14 12:57:47 INFO    |  step: 37376000, ep_eval/episode_dist: 32952.043 +/- 0.000
2026-02-14 12:57:47 INFO    |  step: 37376000, ep_eval/episode_success_any: 0.000 +/- 0.000
2026-02-14 12:57:47 INFO    |  step: 37376000, eval/episode_reward_ctrl: 0.000 +/- 0.000
2026-02-14 12:57:47 INFO    |  step: 37376000, eval/episode_reward_dist: 0.000 +/- 0.000
2026-02-14 12:57:47 INFO    |  step: 37376000, eval/episode_reward_near: 0.000 +/- 0.000
2026-02-14 12:57:47 INFO    |  step: 37376000, eval/episode_reward_survive: 0.000 +/- 0.000
2026-02-14 12:57:47 INFO    |  step: 37376000, eval/episode_success_hard: 0.000 +/- 0.000
2026-02-14 12:57:47 INFO    |  step: 37376000, ep_eval/episode_reward_ctrl: 0.000 +/- 0.000
2026-02-14 12:57:47 INFO    |  step: 37376000, ep_eval/episode_reward_dist: 0.000 +/- 0.000
2026-02-14 12:57:47 INFO    |  step: 37376000, ep_eval/episode_reward_near: 0.000 +/- 0.000
2026-02-14 12:57:47 INFO    |  step: 37376000, ep_eval/episode_reward_survive: 0.000 +/- 0.000
2026-02-14 12:57:47 INFO    |  step: 37376000, ep_eval/episode_success_hard: 0.000 +/- 0.000
2026-02-14 12:57:47 INFO    |  step: 37376000, training/actor_loss: 0.000 +/- 0.000
2026-02-14 12:57:47 INFO    |  step: 37376000, training/log_alpha: 0.000 +/- 0.000
2026-02-14 12:57:47 INFO    |  step: 37376000, training/alpha_loss: 0.000 +/- 0.000
2026-02-14 12:57:47 INFO    |  step: 37376000, training/critic_loss: 0.000 +/- 0.000
2026-02-14 12:57:47 INFO    |  step: 37376000, training/entropy: 0.000 +/- 0.000
2026-02-14 12:58:08 INFO    |  step: 37376000, training/sps: 4082.199 +/- 0.000
2026-02-14 12:58:08 INFO    |  step: 37376000, training/ep_actor_loss: 0.003 +/- 0.000
2026-02-14 12:58:08 INFO    |  step: 37376000, training/ep_alpha_loss: 0.000 +/- 0.000
2026-02-14 12:58:08 INFO    |  step: 37376000, training/ep_categorical_accuracy: 0.004 +/- 0.000
2026-02-14 12:58:08 INFO    |  step: 37376000, training/ep_critic_loss: 8.619 +/- 0.000
2026-02-14 12:58:08 INFO    |  step: 37376000, training/ep_entropy: -4.000 +/- 0.000
2026-02-14 12:58:08 INFO    |  step: 37376000, training/ep_log_alpha: -8.330 +/- 0.000
2026-02-14 12:58:08 INFO    |  step: 37376000, training/ep_logits_neg: -0.001 +/- 0.000
2026-02-14 12:58:08 INFO    |  step: 37376000, training/ep_logits_pos: -0.001 +/- 0.000
2026-02-14 12:58:08 INFO    |  step: 37376000, training/ep_logsumexp: 5.544 +/- 0.000
2026-02-14 12:58:08 INFO    |  step: 37376000, training/gcp_actor_loss: 3.192 +/- 0.000
2026-02-14 12:58:08 INFO    |  step: 37376000, training/gcp_alpha_loss: 0.000 +/- 0.000
2026-02-14 12:58:08 INFO    |  step: 37376000, training/gcp_categorical_accuracy: 0.366 +/- 0.000
2026-02-14 12:58:08 INFO    |  step: 37376000, training/gcp_critic_loss: 2.998 +/- 0.000
2026-02-14 12:58:08 INFO    |  step: 37376000, training/gcp_entropy: -4.000 +/- 0.000
2026-02-14 12:58:08 INFO    |  step: 37376000, training/gcp_log_alpha: -4.878 +/- 0.000
2026-02-14 12:58:08 INFO    |  step: 37376000, training/gcp_logits_neg: -8.156 +/- 0.000
2026-02-14 12:58:08 INFO    |  step: 37376000, training/gcp_logits_pos: -3.340 +/- 0.000
2026-02-14 12:58:08 INFO    |  step: 37376000, training/gcp_logsumexp: -0.379 +/- 0.000
2026-02-14 12:58:08 INFO    |  step: 37376000, eval/episode_reward: 0.086 +/- 0.000
2026-02-14 12:58:08 INFO    |  step: 37376000, eval/episode_success: 0.086 +/- 0.000
2026-02-14 12:58:08 INFO    |  step: 37376000, eval/episode_success_easy: 20.566 +/- 0.000
2026-02-14 12:58:08 INFO    |  step: 37376000, eval/episode_dist: 31491.529 +/- 0.000
2026-02-14 12:58:08 INFO    |  step: 37376000, eval/episode_success_any: 0.004 +/- 0.000
2026-02-14 12:58:08 INFO    |  step: 37376000, ep_eval/episode_reward: 0.000 +/- 0.000
2026-02-14 12:58:08 INFO    |  step: 37376000, ep_eval/episode_success: 0.000 +/- 0.000
2026-02-14 12:58:08 INFO    |  step: 37376000, ep_eval/episode_success_easy: 0.000 +/- 0.000
2026-02-14 12:58:08 INFO    |  step: 37376000, ep_eval/episode_dist: 32948.750 +/- 0.000
2026-02-14 12:58:08 INFO    |  step: 37376000, ep_eval/episode_success_any: 0.000 +/- 0.000
2026-02-14 12:58:08 INFO    |  step: 37376000, eval/episode_reward_ctrl: 0.000 +/- 0.000
2026-02-14 12:58:08 INFO    |  step: 37376000, eval/episode_reward_dist: 0.000 +/- 0.000
2026-02-14 12:58:08 INFO    |  step: 37376000, eval/episode_reward_near: 0.000 +/- 0.000
2026-02-14 12:58:08 INFO    |  step: 37376000, eval/episode_reward_survive: 0.000 +/- 0.000
2026-02-14 12:58:08 INFO    |  step: 37376000, eval/episode_success_hard: 0.000 +/- 0.000
2026-02-14 12:58:08 INFO    |  step: 37376000, ep_eval/episode_reward_ctrl: 0.000 +/- 0.000
2026-02-14 12:58:08 INFO    |  step: 37376000, ep_eval/episode_reward_dist: 0.000 +/- 0.000
2026-02-14 12:58:08 INFO    |  step: 37376000, ep_eval/episode_reward_near: 0.000 +/- 0.000
2026-02-14 12:58:08 INFO    |  step: 37376000, ep_eval/episode_reward_survive: 0.000 +/- 0.000
2026-02-14 12:58:08 INFO    |  step: 37376000, ep_eval/episode_success_hard: 0.000 +/- 0.000
2026-02-14 12:58:08 INFO    |  step: 37376000, training/actor_loss: 0.000 +/- 0.000
2026-02-14 12:58:08 INFO    |  step: 37376000, training/log_alpha: 0.000 +/- 0.000
2026-02-14 12:58:08 INFO    |  step: 37376000, training/alpha_loss: 0.000 +/- 0.000
2026-02-14 12:58:08 INFO    |  step: 37376000, training/critic_loss: 0.000 +/- 0.000
2026-02-14 12:58:08 INFO    |  step: 37376000, training/entropy: 0.000 +/- 0.000
2026-02-14 12:58:36 INFO    |  Visualization: collected_transitions shape: (1500, 256, 31), num_envs: 256
2026-02-14 12:58:36 INFO    |  Visualization: Raw collected_transitions has 256 unique trajectory IDs out of 384000 total transitions
2026-02-14 12:58:36 INFO    |  Visualization: processed_transitions shape: (1499, 256, 31)
2026-02-14 12:58:37 INFO    |  Visualization: Found 256 unique trajectory IDs out of 383744 total transitions
2026-02-14 12:58:37 INFO    |  Transition shapes: obs=(1499, 256, 31), traj_ids=(1499, 256), traj_ids_flat=(383744,)
2026-02-14 12:58:39 INFO    |  Plotted visualizations at env step 49536000.0
2026-02-14 12:59:00 INFO    |  step: 49536000
2026-02-14 12:59:00 INFO    |  step: 49536000, training/sps: 5426.078 +/- 0.000
2026-02-14 12:59:00 INFO    |  step: 49536000, training/ep_actor_loss: 0.003 +/- 0.000
2026-02-14 12:59:00 INFO    |  step: 49536000, training/ep_alpha_loss: -0.000 +/- 0.000
2026-02-14 12:59:00 INFO    |  step: 49536000, training/ep_categorical_accuracy: 0.004 +/- 0.000
2026-02-14 12:59:00 INFO    |  step: 49536000, training/ep_critic_loss: 8.619 +/- 0.000
2026-02-14 12:59:00 INFO    |  step: 49536000, training/ep_entropy: -4.000 +/- 0.000
2026-02-14 12:59:00 INFO    |  step: 49536000, training/ep_log_alpha: -8.330 +/- 0.000
2026-02-14 12:59:00 INFO    |  step: 49536000, training/ep_logits_neg: -0.001 +/- 0.000
2026-02-14 12:59:00 INFO    |  step: 49536000, training/ep_logits_pos: -0.001 +/- 0.000
2026-02-14 12:59:00 INFO    |  step: 49536000, training/ep_logsumexp: 5.544 +/- 0.000
2026-02-14 12:59:00 INFO    |  step: 49536000, training/gcp_actor_loss: 2.975 +/- 0.000
2026-02-14 12:59:00 INFO    |  step: 49536000, training/gcp_alpha_loss: -0.000 +/- 0.000
2026-02-14 12:59:00 INFO    |  step: 49536000, training/gcp_categorical_accuracy: 0.451 +/- 0.000
2026-02-14 12:59:00 INFO    |  step: 49536000, training/gcp_critic_loss: 2.754 +/- 0.000
2026-02-14 12:59:00 INFO    |  step: 49536000, training/gcp_entropy: -4.001 +/- 0.000
2026-02-14 12:59:00 INFO    |  step: 49536000, training/gcp_log_alpha: -4.124 +/- 0.000
2026-02-14 12:59:00 INFO    |  step: 49536000, training/gcp_logits_neg: -8.188 +/- 0.000
2026-02-14 12:59:00 INFO    |  step: 49536000, training/gcp_logits_pos: -3.104 +/- 0.000
2026-02-14 12:59:00 INFO    |  step: 49536000, training/gcp_logsumexp: -0.488 +/- 0.000
2026-02-14 12:59:00 INFO    |  step: 49536000, eval/episode_reward: 0.000 +/- 0.000
2026-02-14 12:59:00 INFO    |  step: 49536000, eval/episode_success: 0.000 +/- 0.000
2026-02-14 12:59:00 INFO    |  step: 49536000, eval/episode_success_easy: 5.535 +/- 0.000
2026-02-14 12:59:00 INFO    |  step: 49536000, eval/episode_dist: 12172.666 +/- 0.000
2026-02-14 12:59:00 INFO    |  step: 49536000, eval/episode_success_any: 0.000 +/- 0.000
2026-02-14 12:59:00 INFO    |  step: 49536000, ep_eval/episode_reward: 0.000 +/- 0.000
2026-02-14 12:59:00 INFO    |  step: 49536000, ep_eval/episode_success: 0.000 +/- 0.000
2026-02-14 12:59:00 INFO    |  step: 49536000, ep_eval/episode_success_easy: 0.000 +/- 0.000
2026-02-14 12:59:00 INFO    |  step: 49536000, ep_eval/episode_dist: 12487.695 +/- 0.000
2026-02-14 12:59:00 INFO    |  step: 49536000, ep_eval/episode_success_any: 0.000 +/- 0.000
2026-02-14 12:59:00 INFO    |  step: 49536000, eval/episode_reward_ctrl: 0.000 +/- 0.000
2026-02-14 12:59:00 INFO    |  step: 49536000, eval/episode_reward_dist: 0.000 +/- 0.000
2026-02-14 12:59:00 INFO    |  step: 49536000, eval/episode_reward_near: 0.000 +/- 0.000
2026-02-14 12:59:00 INFO    |  step: 49536000, eval/episode_reward_survive: 0.000 +/- 0.000
2026-02-14 12:59:00 INFO    |  step: 49536000, eval/episode_success_hard: 0.000 +/- 0.000
2026-02-14 12:59:00 INFO    |  step: 49536000, ep_eval/episode_reward_ctrl: 0.000 +/- 0.000
2026-02-14 12:59:00 INFO    |  step: 49536000, ep_eval/episode_reward_dist: 0.000 +/- 0.000
2026-02-14 12:59:00 INFO    |  step: 49536000, ep_eval/episode_reward_near: 0.000 +/- 0.000
2026-02-14 12:59:00 INFO    |  step: 49536000, ep_eval/episode_reward_survive: 0.000 +/- 0.000
2026-02-14 12:59:00 INFO    |  step: 49536000, ep_eval/episode_success_hard: 0.000 +/- 0.000
2026-02-14 12:59:00 INFO    |  step: 49536000, training/actor_loss: 0.000 +/- 0.000
2026-02-14 12:59:00 INFO    |  step: 49536000, training/log_alpha: 0.000 +/- 0.000
2026-02-14 12:59:00 INFO    |  step: 49536000, training/alpha_loss: 0.000 +/- 0.000
2026-02-14 12:59:00 INFO    |  step: 49536000, training/critic_loss: 0.000 +/- 0.000
2026-02-14 12:59:00 INFO    |  step: 49536000, training/entropy: 0.000 +/- 0.000
2026-02-14 13:01:17 INFO    |  Visualization: collected_transitions shape: (1500, 256, 31), num_envs: 256
2026-02-14 13:01:17 INFO    |  Visualization: Raw collected_transitions has 256 unique trajectory IDs out of 384000 total transitions
2026-02-14 13:01:18 INFO    |  Visualization: processed_transitions shape: (1499, 256, 31)
2026-02-14 13:01:18 INFO    |  Visualization: Found 256 unique trajectory IDs out of 383744 total transitions
2026-02-14 13:01:18 INFO    |  Transition shapes: obs=(1499, 256, 31), traj_ids=(1499, 256), traj_ids_flat=(383744,)
2026-02-14 13:01:21 INFO    |  Plotted visualizations at env step 50304000.0
2026-02-14 13:01:41 INFO    |  step: 50304000
2026-02-14 13:01:41 INFO    |  step: 50304000, training/sps: 5443.138 +/- 0.000
2026-02-14 13:01:41 INFO    |  step: 50304000, training/ep_actor_loss: 0.003 +/- 0.000
2026-02-14 13:01:41 INFO    |  step: 50304000, training/ep_alpha_loss: 0.000 +/- 0.000
2026-02-14 13:01:41 INFO    |  step: 50304000, training/ep_categorical_accuracy: 0.004 +/- 0.000
2026-02-14 13:01:41 INFO    |  step: 50304000, training/ep_critic_loss: 8.619 +/- 0.000
2026-02-14 13:01:41 INFO    |  step: 50304000, training/ep_entropy: -4.000 +/- 0.000
2026-02-14 13:01:41 INFO    |  step: 50304000, training/ep_log_alpha: -8.330 +/- 0.000
2026-02-14 13:01:41 INFO    |  step: 50304000, training/ep_logits_neg: -0.001 +/- 0.000
2026-02-14 13:01:41 INFO    |  step: 50304000, training/ep_logits_pos: -0.001 +/- 0.000
2026-02-14 13:01:41 INFO    |  step: 50304000, training/ep_logsumexp: 5.544 +/- 0.000
2026-02-14 13:01:41 INFO    |  step: 50304000, training/gcp_actor_loss: 2.887 +/- 0.000
2026-02-14 13:01:41 INFO    |  step: 50304000, training/gcp_alpha_loss: -0.000 +/- 0.000
2026-02-14 13:01:41 INFO    |  step: 50304000, training/gcp_categorical_accuracy: 0.479 +/- 0.000
2026-02-14 13:01:41 INFO    |  step: 50304000, training/gcp_critic_loss: 2.517 +/- 0.000
2026-02-14 13:01:41 INFO    |  step: 50304000, training/gcp_entropy: -4.004 +/- 0.000
2026-02-14 13:01:41 INFO    |  step: 50304000, training/gcp_log_alpha: -3.936 +/- 0.000
2026-02-14 13:01:41 INFO    |  step: 50304000, training/gcp_logits_neg: -8.328 +/- 0.000
2026-02-14 13:01:41 INFO    |  step: 50304000, training/gcp_logits_pos: -2.982 +/- 0.000
2026-02-14 13:01:41 INFO    |  step: 50304000, training/gcp_logsumexp: -0.517 +/- 0.000
2026-02-14 13:01:41 INFO    |  step: 50304000, eval/episode_reward: 0.000 +/- 0.000
2026-02-14 13:01:41 INFO    |  step: 50304000, eval/episode_success: 0.000 +/- 0.000
2026-02-14 13:01:41 INFO    |  step: 50304000, eval/episode_success_easy: 0.000 +/- 0.000
2026-02-14 13:01:41 INFO    |  step: 50304000, eval/episode_dist: 12154.482 +/- 0.000
2026-02-14 13:01:41 INFO    |  step: 50304000, eval/episode_success_any: 0.000 +/- 0.000
2026-02-14 13:01:41 INFO    |  step: 50304000, ep_eval/episode_reward: 0.000 +/- 0.000
2026-02-14 13:01:41 INFO    |  step: 50304000, ep_eval/episode_success: 0.000 +/- 0.000
2026-02-14 13:01:41 INFO    |  step: 50304000, ep_eval/episode_success_easy: 0.000 +/- 0.000
2026-02-14 13:01:41 INFO    |  step: 50304000, ep_eval/episode_dist: 12038.363 +/- 0.000
2026-02-14 13:01:41 INFO    |  step: 50304000, ep_eval/episode_success_any: 0.000 +/- 0.000
2026-02-14 13:01:41 INFO    |  step: 50304000, eval/episode_reward_ctrl: 0.000 +/- 0.000
2026-02-14 13:01:41 INFO    |  step: 50304000, eval/episode_reward_dist: 0.000 +/- 0.000
2026-02-14 13:01:41 INFO    |  step: 50304000, eval/episode_reward_near: 0.000 +/- 0.000
2026-02-14 13:01:41 INFO    |  step: 50304000, eval/episode_reward_survive: 0.000 +/- 0.000
2026-02-14 13:01:41 INFO    |  step: 50304000, eval/episode_success_hard: 0.000 +/- 0.000
2026-02-14 13:01:41 INFO    |  step: 50304000, ep_eval/episode_reward_ctrl: 0.000 +/- 0.000
2026-02-14 13:01:41 INFO    |  step: 50304000, ep_eval/episode_reward_dist: 0.000 +/- 0.000
2026-02-14 13:01:41 INFO    |  step: 50304000, ep_eval/episode_reward_near: 0.000 +/- 0.000
2026-02-14 13:01:41 INFO    |  step: 50304000, ep_eval/episode_reward_survive: 0.000 +/- 0.000
2026-02-14 13:01:41 INFO    |  step: 50304000, ep_eval/episode_success_hard: 0.000 +/- 0.000
2026-02-14 13:01:41 INFO    |  step: 50304000, training/actor_loss: 0.000 +/- 0.000
2026-02-14 13:01:41 INFO    |  step: 50304000, training/log_alpha: 0.000 +/- 0.000
2026-02-14 13:01:41 INFO    |  step: 50304000, training/alpha_loss: 0.000 +/- 0.000
2026-02-14 13:01:41 INFO    |  step: 50304000, training/critic_loss: 0.000 +/- 0.000
2026-02-14 13:01:41 INFO    |  step: 50304000, training/entropy: 0.000 +/- 0.000
2026-02-14 13:01:54 INFO    |  Visualization: collected_transitions shape: (2000, 256, 31), num_envs: 256
2026-02-14 13:01:54 INFO    |  Visualization: Raw collected_transitions has 256 unique trajectory IDs out of 512000 total transitions
2026-02-14 13:01:55 INFO    |  Visualization: processed_transitions shape: (1999, 256, 31)
2026-02-14 13:01:55 INFO    |  Visualization: Found 256 unique trajectory IDs out of 511744 total transitions
2026-02-14 13:01:55 INFO    |  Transition shapes: obs=(1999, 256, 31), traj_ids=(1999, 256), traj_ids_flat=(511744,)
2026-02-14 13:01:57 INFO    |  Plotted visualizations at env step 38400000.0
2026-02-14 13:02:16 INFO    |  Visualization: collected_transitions shape: (2000, 256, 31), num_envs: 256
2026-02-14 13:02:16 INFO    |  Visualization: Raw collected_transitions has 256 unique trajectory IDs out of 512000 total transitions
2026-02-14 13:02:17 INFO    |  Visualization: processed_transitions shape: (1999, 256, 31)
2026-02-14 13:02:18 INFO    |  Visualization: Found 256 unique trajectory IDs out of 511744 total transitions
2026-02-14 13:02:18 INFO    |  Transition shapes: obs=(1999, 256, 31), traj_ids=(1999, 256), traj_ids_flat=(511744,)
2026-02-14 13:02:20 INFO    |  Plotted visualizations at env step 38400000.0
2026-02-14 13:02:35 INFO    |  step: 38400000
2026-02-14 13:02:35 INFO    |  step: 38400000, training/sps: 4084.116 +/- 0.000
2026-02-14 13:02:35 INFO    |  step: 38400000, training/ep_actor_loss: 0.003 +/- 0.000
2026-02-14 13:02:35 INFO    |  step: 38400000, training/ep_alpha_loss: 0.000 +/- 0.000
2026-02-14 13:02:35 INFO    |  step: 38400000, training/ep_categorical_accuracy: 0.004 +/- 0.000
2026-02-14 13:02:35 INFO    |  step: 38400000, training/ep_critic_loss: 8.619 +/- 0.000
2026-02-14 13:02:35 INFO    |  step: 38400000, training/ep_entropy: -4.000 +/- 0.000
2026-02-14 13:02:35 INFO    |  step: 38400000, training/ep_log_alpha: -8.330 +/- 0.000
2026-02-14 13:02:35 INFO    |  step: 38400000, training/ep_logits_neg: -0.001 +/- 0.000
2026-02-14 13:02:35 INFO    |  step: 38400000, training/ep_logits_pos: -0.001 +/- 0.000
2026-02-14 13:02:35 INFO    |  step: 38400000, training/ep_logsumexp: 5.544 +/- 0.000
2026-02-14 13:02:35 INFO    |  step: 38400000, training/gcp_actor_loss: 2.879 +/- 0.000
2026-02-14 13:02:35 INFO    |  step: 38400000, training/gcp_alpha_loss: -0.000 +/- 0.000
2026-02-14 13:02:35 INFO    |  step: 38400000, training/gcp_categorical_accuracy: 0.448 +/- 0.000
2026-02-14 13:02:35 INFO    |  step: 38400000, training/gcp_critic_loss: 2.591 +/- 0.000
2026-02-14 13:02:35 INFO    |  step: 38400000, training/gcp_entropy: -4.000 +/- 0.000
2026-02-14 13:02:35 INFO    |  step: 38400000, training/gcp_log_alpha: -4.425 +/- 0.000
2026-02-14 13:02:35 INFO    |  step: 38400000, training/gcp_logits_neg: -8.426 +/- 0.000
2026-02-14 13:02:35 INFO    |  step: 38400000, training/gcp_logits_pos: -3.143 +/- 0.000
2026-02-14 13:02:35 INFO    |  step: 38400000, training/gcp_logsumexp: -0.621 +/- 0.000
2026-02-14 13:02:35 INFO    |  step: 38400000, eval/episode_reward: 3.688 +/- 0.000
2026-02-14 13:02:35 INFO    |  step: 38400000, eval/episode_success: 3.688 +/- 0.000
2026-02-14 13:02:35 INFO    |  step: 38400000, eval/episode_success_easy: 41.379 +/- 0.000
2026-02-14 13:02:35 INFO    |  step: 38400000, eval/episode_dist: 32017.883 +/- 0.000
2026-02-14 13:02:35 INFO    |  step: 38400000, eval/episode_success_any: 0.004 +/- 0.000
2026-02-14 13:02:35 INFO    |  step: 38400000, ep_eval/episode_reward: 0.000 +/- 0.000
2026-02-14 13:02:35 INFO    |  step: 38400000, ep_eval/episode_success: 0.000 +/- 0.000
2026-02-14 13:02:35 INFO    |  step: 38400000, ep_eval/episode_success_easy: 0.000 +/- 0.000
2026-02-14 13:02:35 INFO    |  step: 38400000, ep_eval/episode_dist: 32956.902 +/- 0.000
2026-02-14 13:02:35 INFO    |  step: 38400000, ep_eval/episode_success_any: 0.000 +/- 0.000
2026-02-14 13:02:35 INFO    |  step: 38400000, eval/episode_reward_ctrl: 0.000 +/- 0.000
2026-02-14 13:02:35 INFO    |  step: 38400000, eval/episode_reward_dist: 0.000 +/- 0.000
2026-02-14 13:02:35 INFO    |  step: 38400000, eval/episode_reward_near: 0.000 +/- 0.000
2026-02-14 13:02:35 INFO    |  step: 38400000, eval/episode_reward_survive: 0.000 +/- 0.000
2026-02-14 13:02:35 INFO    |  step: 38400000, eval/episode_success_hard: 0.000 +/- 0.000
2026-02-14 13:02:35 INFO    |  step: 38400000, ep_eval/episode_reward_ctrl: 0.000 +/- 0.000
2026-02-14 13:02:35 INFO    |  step: 38400000, ep_eval/episode_reward_dist: 0.000 +/- 0.000
2026-02-14 13:02:35 INFO    |  step: 38400000, ep_eval/episode_reward_near: 0.000 +/- 0.000
2026-02-14 13:02:35 INFO    |  step: 38400000, ep_eval/episode_reward_survive: 0.000 +/- 0.000
2026-02-14 13:02:35 INFO    |  step: 38400000, ep_eval/episode_success_hard: 0.000 +/- 0.000
2026-02-14 13:02:35 INFO    |  step: 38400000, training/actor_loss: 0.000 +/- 0.000
2026-02-14 13:02:35 INFO    |  step: 38400000, training/log_alpha: 0.000 +/- 0.000
2026-02-14 13:02:35 INFO    |  step: 38400000, training/alpha_loss: 0.000 +/- 0.000
2026-02-14 13:02:35 INFO    |  step: 38400000, training/critic_loss: 0.000 +/- 0.000
2026-02-14 13:02:35 INFO    |  step: 38400000, training/entropy: 0.000 +/- 0.000
2026-02-14 13:02:58 INFO    |  step: 38400000
2026-02-14 13:02:58 INFO    |  step: 38400000, training/sps: 4065.745 +/- 0.000
2026-02-14 13:02:58 INFO    |  step: 38400000, training/ep_actor_loss: 0.003 +/- 0.000
2026-02-14 13:02:58 INFO    |  step: 38400000, training/ep_alpha_loss: 0.000 +/- 0.000
2026-02-14 13:02:58 INFO    |  step: 38400000, training/ep_categorical_accuracy: 0.004 +/- 0.000
2026-02-14 13:02:58 INFO    |  step: 38400000, training/ep_critic_loss: 8.619 +/- 0.000
2026-02-14 13:02:58 INFO    |  step: 38400000, training/ep_entropy: -4.000 +/- 0.000
2026-02-14 13:02:58 INFO    |  step: 38400000, training/ep_log_alpha: -8.330 +/- 0.000
2026-02-14 13:02:58 INFO    |  step: 38400000, training/ep_logits_neg: -0.001 +/- 0.000
2026-02-14 13:02:58 INFO    |  step: 38400000, training/ep_logits_pos: -0.001 +/- 0.000
2026-02-14 13:02:58 INFO    |  step: 38400000, training/ep_logsumexp: 5.544 +/- 0.000
2026-02-14 13:02:58 INFO    |  step: 38400000, training/gcp_actor_loss: 3.276 +/- 0.000
2026-02-14 13:02:58 INFO    |  step: 38400000, training/gcp_alpha_loss: 0.000 +/- 0.000
2026-02-14 13:02:58 INFO    |  step: 38400000, training/gcp_categorical_accuracy: 0.348 +/- 0.000
2026-02-14 13:02:58 INFO    |  step: 38400000, training/gcp_critic_loss: 3.103 +/- 0.000
2026-02-14 13:02:58 INFO    |  step: 38400000, training/gcp_entropy: -3.999 +/- 0.000
2026-02-14 13:02:58 INFO    |  step: 38400000, training/gcp_log_alpha: -4.940 +/- 0.000
2026-02-14 13:02:58 INFO    |  step: 38400000, training/gcp_logits_neg: -8.013 +/- 0.000
2026-02-14 13:02:58 INFO    |  step: 38400000, training/gcp_logits_pos: -3.426 +/- 0.000
2026-02-14 13:02:58 INFO    |  step: 38400000, training/gcp_logsumexp: -0.357 +/- 0.000
2026-02-14 13:02:58 INFO    |  step: 38400000, eval/episode_reward: 0.000 +/- 0.000
2026-02-14 13:02:58 INFO    |  step: 38400000, eval/episode_success: 0.000 +/- 0.000
2026-02-14 13:02:58 INFO    |  step: 38400000, eval/episode_success_easy: 0.844 +/- 0.000
2026-02-14 13:02:58 INFO    |  step: 38400000, eval/episode_dist: 31520.371 +/- 0.000
2026-02-14 13:02:58 INFO    |  step: 38400000, eval/episode_success_any: 0.000 +/- 0.000
2026-02-14 13:02:58 INFO    |  step: 38400000, ep_eval/episode_reward: 0.000 +/- 0.000
2026-02-14 13:02:58 INFO    |  step: 38400000, ep_eval/episode_success: 0.000 +/- 0.000
2026-02-14 13:02:58 INFO    |  step: 38400000, ep_eval/episode_success_easy: 0.000 +/- 0.000
2026-02-14 13:02:58 INFO    |  step: 38400000, ep_eval/episode_dist: 32956.445 +/- 0.000
2026-02-14 13:02:58 INFO    |  step: 38400000, ep_eval/episode_success_any: 0.000 +/- 0.000
2026-02-14 13:02:58 INFO    |  step: 38400000, eval/episode_reward_ctrl: 0.000 +/- 0.000
2026-02-14 13:02:58 INFO    |  step: 38400000, eval/episode_reward_dist: 0.000 +/- 0.000
2026-02-14 13:02:58 INFO    |  step: 38400000, eval/episode_reward_near: 0.000 +/- 0.000
2026-02-14 13:02:58 INFO    |  step: 38400000, eval/episode_reward_survive: 0.000 +/- 0.000
2026-02-14 13:02:58 INFO    |  step: 38400000, eval/episode_success_hard: 0.000 +/- 0.000
2026-02-14 13:02:58 INFO    |  step: 38400000, ep_eval/episode_reward_ctrl: 0.000 +/- 0.000
2026-02-14 13:02:58 INFO    |  step: 38400000, ep_eval/episode_reward_dist: 0.000 +/- 0.000
2026-02-14 13:02:58 INFO    |  step: 38400000, ep_eval/episode_reward_near: 0.000 +/- 0.000
2026-02-14 13:02:58 INFO    |  step: 38400000, ep_eval/episode_reward_survive: 0.000 +/- 0.000
2026-02-14 13:02:58 INFO    |  step: 38400000, ep_eval/episode_success_hard: 0.000 +/- 0.000
2026-02-14 13:02:58 INFO    |  step: 38400000, training/actor_loss: 0.000 +/- 0.000
2026-02-14 13:02:58 INFO    |  step: 38400000, training/log_alpha: 0.000 +/- 0.000
2026-02-14 13:02:58 INFO    |  step: 38400000, training/alpha_loss: 0.000 +/- 0.000
2026-02-14 13:02:58 INFO    |  step: 38400000, training/critic_loss: 0.000 +/- 0.000
2026-02-14 13:02:58 INFO    |  step: 38400000, training/entropy: 0.000 +/- 0.000
2026-02-14 13:03:58 INFO    |  Visualization: collected_transitions shape: (1500, 256, 31), num_envs: 256
2026-02-14 13:03:58 INFO    |  Visualization: Raw collected_transitions has 256 unique trajectory IDs out of 384000 total transitions
2026-02-14 13:03:59 INFO    |  Visualization: processed_transitions shape: (1499, 256, 31)
2026-02-14 13:03:59 INFO    |  Visualization: Found 256 unique trajectory IDs out of 383744 total transitions
2026-02-14 13:03:59 INFO    |  Transition shapes: obs=(1499, 256, 31), traj_ids=(1499, 256), traj_ids_flat=(383744,)
2026-02-14 13:04:01 INFO    |  Plotted visualizations at env step 51072000.0
2026-02-14 13:04:22 INFO    |  step: 51072000
2026-02-14 13:04:24 INFO    |  actor input shape: (1, 31)
2026-02-14 13:04:55 INFO    |  step: 51072000, training/sps: 5485.549 +/- 0.000
2026-02-14 13:04:55 INFO    |  step: 51072000, training/ep_actor_loss: 0.003 +/- 0.000
2026-02-14 13:04:55 INFO    |  step: 51072000, training/ep_alpha_loss: -0.000 +/- 0.000
2026-02-14 13:04:55 INFO    |  step: 51072000, training/ep_categorical_accuracy: 0.004 +/- 0.000
2026-02-14 13:04:55 INFO    |  step: 51072000, training/ep_critic_loss: 8.619 +/- 0.000
2026-02-14 13:04:55 INFO    |  step: 51072000, training/ep_entropy: -4.000 +/- 0.000
2026-02-14 13:04:55 INFO    |  step: 51072000, training/ep_log_alpha: -8.330 +/- 0.000
2026-02-14 13:04:55 INFO    |  step: 51072000, training/ep_logits_neg: -0.001 +/- 0.000
2026-02-14 13:04:55 INFO    |  step: 51072000, training/ep_logits_pos: -0.001 +/- 0.000
2026-02-14 13:04:55 INFO    |  step: 51072000, training/ep_logsumexp: 5.544 +/- 0.000
2026-02-14 13:04:55 INFO    |  step: 51072000, training/gcp_actor_loss: 2.747 +/- 0.000
2026-02-14 13:04:55 INFO    |  step: 51072000, training/gcp_alpha_loss: -0.000 +/- 0.000
2026-02-14 13:04:55 INFO    |  step: 51072000, training/gcp_categorical_accuracy: 0.513 +/- 0.000
2026-02-14 13:04:55 INFO    |  step: 51072000, training/gcp_critic_loss: 2.322 +/- 0.000
2026-02-14 13:04:55 INFO    |  step: 51072000, training/gcp_entropy: -4.001 +/- 0.000
2026-02-14 13:04:55 INFO    |  step: 51072000, training/gcp_log_alpha: -3.762 +/- 0.000
2026-02-14 13:04:55 INFO    |  step: 51072000, training/gcp_logits_neg: -8.516 +/- 0.000
2026-02-14 13:04:55 INFO    |  step: 51072000, training/gcp_logits_pos: -2.794 +/- 0.000
2026-02-14 13:04:55 INFO    |  step: 51072000, training/gcp_logsumexp: -0.528 +/- 0.000
2026-02-14 13:04:55 INFO    |  step: 51072000, eval/episode_reward: 0.000 +/- 0.000
2026-02-14 13:04:55 INFO    |  step: 51072000, eval/episode_success: 0.000 +/- 0.000
2026-02-14 13:04:55 INFO    |  step: 51072000, eval/episode_success_easy: 0.000 +/- 0.000
2026-02-14 13:04:55 INFO    |  step: 51072000, eval/episode_dist: 12565.507 +/- 0.000
2026-02-14 13:04:55 INFO    |  step: 51072000, eval/episode_success_any: 0.000 +/- 0.000
2026-02-14 13:04:55 INFO    |  step: 51072000, ep_eval/episode_reward: 0.000 +/- 0.000
2026-02-14 13:04:55 INFO    |  step: 51072000, ep_eval/episode_success: 0.000 +/- 0.000
2026-02-14 13:04:55 INFO    |  step: 51072000, ep_eval/episode_success_easy: 0.000 +/- 0.000
2026-02-14 13:04:55 INFO    |  step: 51072000, ep_eval/episode_dist: 12341.457 +/- 0.000
2026-02-14 13:04:55 INFO    |  step: 51072000, ep_eval/episode_success_any: 0.000 +/- 0.000
2026-02-14 13:04:55 INFO    |  step: 51072000, eval/episode_reward_ctrl: 0.000 +/- 0.000
2026-02-14 13:04:55 INFO    |  step: 51072000, eval/episode_reward_dist: 0.000 +/- 0.000
2026-02-14 13:04:55 INFO    |  step: 51072000, eval/episode_reward_near: 0.000 +/- 0.000
2026-02-14 13:04:55 INFO    |  step: 51072000, eval/episode_reward_survive: 0.000 +/- 0.000
2026-02-14 13:04:55 INFO    |  step: 51072000, eval/episode_success_hard: 0.000 +/- 0.000
2026-02-14 13:04:55 INFO    |  step: 51072000, ep_eval/episode_reward_ctrl: 0.000 +/- 0.000
2026-02-14 13:04:55 INFO    |  step: 51072000, ep_eval/episode_reward_dist: 0.000 +/- 0.000
2026-02-14 13:04:55 INFO    |  step: 51072000, ep_eval/episode_reward_near: 0.000 +/- 0.000
2026-02-14 13:04:55 INFO    |  step: 51072000, ep_eval/episode_reward_survive: 0.000 +/- 0.000
2026-02-14 13:04:55 INFO    |  step: 51072000, ep_eval/episode_success_hard: 0.000 +/- 0.000
2026-02-14 13:04:55 INFO    |  step: 51072000, training/actor_loss: 0.000 +/- 0.000
2026-02-14 13:04:55 INFO    |  step: 51072000, training/log_alpha: 0.000 +/- 0.000
2026-02-14 13:04:55 INFO    |  step: 51072000, training/alpha_loss: 0.000 +/- 0.000
2026-02-14 13:04:55 INFO    |  step: 51072000, training/critic_loss: 0.000 +/- 0.000
2026-02-14 13:04:55 INFO    |  step: 51072000, training/entropy: 0.000 +/- 0.000
2026-02-14 13:06:43 INFO    |  Visualization: collected_transitions shape: (2000, 256, 31), num_envs: 256
2026-02-14 13:06:43 INFO    |  Visualization: Raw collected_transitions has 256 unique trajectory IDs out of 512000 total transitions
2026-02-14 13:06:44 INFO    |  Visualization: processed_transitions shape: (1999, 256, 31)
2026-02-14 13:06:44 INFO    |  Visualization: Found 256 unique trajectory IDs out of 511744 total transitions
2026-02-14 13:06:44 INFO    |  Transition shapes: obs=(1999, 256, 31), traj_ids=(1999, 256), traj_ids_flat=(511744,)
2026-02-14 13:06:47 INFO    |  Plotted visualizations at env step 39424000.0
2026-02-14 13:07:06 INFO    |  Visualization: collected_transitions shape: (2000, 256, 31), num_envs: 256
2026-02-14 13:07:06 INFO    |  Visualization: Raw collected_transitions has 256 unique trajectory IDs out of 512000 total transitions
2026-02-14 13:07:06 INFO    |  Visualization: processed_transitions shape: (1999, 256, 31)
2026-02-14 13:07:07 INFO    |  Visualization: Found 256 unique trajectory IDs out of 511744 total transitions
2026-02-14 13:07:07 INFO    |  Transition shapes: obs=(1999, 256, 31), traj_ids=(1999, 256), traj_ids_flat=(511744,)
2026-02-14 13:07:09 INFO    |  Plotted visualizations at env step 39424000.0
2026-02-14 13:07:13 INFO    |  Visualization: collected_transitions shape: (1500, 256, 31), num_envs: 256
2026-02-14 13:07:13 INFO    |  Visualization: Raw collected_transitions has 256 unique trajectory IDs out of 384000 total transitions
2026-02-14 13:07:13 INFO    |  Visualization: processed_transitions shape: (1499, 256, 31)
2026-02-14 13:07:14 INFO    |  Visualization: Found 256 unique trajectory IDs out of 383744 total transitions
2026-02-14 13:07:14 INFO    |  Transition shapes: obs=(1499, 256, 31), traj_ids=(1499, 256), traj_ids_flat=(383744,)
2026-02-14 13:07:16 INFO    |  Plotted visualizations at env step 51840000.0
2026-02-14 13:07:25 INFO    |  step: 39424000
2026-02-14 13:07:25 INFO    |  step: 39424000, training/sps: 4072.745 +/- 0.000
2026-02-14 13:07:25 INFO    |  step: 39424000, training/ep_actor_loss: 0.003 +/- 0.000
2026-02-14 13:07:25 INFO    |  step: 39424000, training/ep_alpha_loss: 0.000 +/- 0.000
2026-02-14 13:07:25 INFO    |  step: 39424000, training/ep_categorical_accuracy: 0.004 +/- 0.000
2026-02-14 13:07:25 INFO    |  step: 39424000, training/ep_critic_loss: 8.619 +/- 0.000
2026-02-14 13:07:25 INFO    |  step: 39424000, training/ep_entropy: -4.000 +/- 0.000
2026-02-14 13:07:25 INFO    |  step: 39424000, training/ep_log_alpha: -8.330 +/- 0.000
2026-02-14 13:07:25 INFO    |  step: 39424000, training/ep_logits_neg: -0.001 +/- 0.000
2026-02-14 13:07:25 INFO    |  step: 39424000, training/ep_logits_pos: -0.001 +/- 0.000
2026-02-14 13:07:25 INFO    |  step: 39424000, training/ep_logsumexp: 5.544 +/- 0.000
2026-02-14 13:07:25 INFO    |  step: 39424000, training/gcp_actor_loss: 2.851 +/- 0.000
2026-02-14 13:07:25 INFO    |  step: 39424000, training/gcp_alpha_loss: 0.000 +/- 0.000
2026-02-14 13:07:25 INFO    |  step: 39424000, training/gcp_categorical_accuracy: 0.471 +/- 0.000
2026-02-14 13:07:25 INFO    |  step: 39424000, training/gcp_critic_loss: 2.514 +/- 0.000
2026-02-14 13:07:25 INFO    |  step: 39424000, training/gcp_entropy: -4.000 +/- 0.000
2026-02-14 13:07:25 INFO    |  step: 39424000, training/gcp_log_alpha: -4.413 +/- 0.000
2026-02-14 13:07:25 INFO    |  step: 39424000, training/gcp_logits_neg: -8.467 +/- 0.000
2026-02-14 13:07:25 INFO    |  step: 39424000, training/gcp_logits_pos: -3.094 +/- 0.000
2026-02-14 13:07:25 INFO    |  step: 39424000, training/gcp_logsumexp: -0.647 +/- 0.000
2026-02-14 13:07:25 INFO    |  step: 39424000, eval/episode_reward: 0.000 +/- 0.000
2026-02-14 13:07:25 INFO    |  step: 39424000, eval/episode_success: 0.000 +/- 0.000
2026-02-14 13:07:25 INFO    |  step: 39424000, eval/episode_success_easy: 7.008 +/- 0.000
2026-02-14 13:07:25 INFO    |  step: 39424000, eval/episode_dist: 32031.062 +/- 0.000
2026-02-14 13:07:25 INFO    |  step: 39424000, eval/episode_success_any: 0.000 +/- 0.000
2026-02-14 13:07:25 INFO    |  step: 39424000, ep_eval/episode_reward: 0.000 +/- 0.000
2026-02-14 13:07:25 INFO    |  step: 39424000, ep_eval/episode_success: 0.000 +/- 0.000
2026-02-14 13:07:25 INFO    |  step: 39424000, ep_eval/episode_success_easy: 0.000 +/- 0.000
2026-02-14 13:07:25 INFO    |  step: 39424000, ep_eval/episode_dist: 33323.965 +/- 0.000
2026-02-14 13:07:25 INFO    |  step: 39424000, ep_eval/episode_success_any: 0.000 +/- 0.000
2026-02-14 13:07:25 INFO    |  step: 39424000, eval/episode_reward_ctrl: 0.000 +/- 0.000
2026-02-14 13:07:25 INFO    |  step: 39424000, eval/episode_reward_dist: 0.000 +/- 0.000
2026-02-14 13:07:25 INFO    |  step: 39424000, eval/episode_reward_near: 0.000 +/- 0.000
2026-02-14 13:07:25 INFO    |  step: 39424000, eval/episode_reward_survive: 0.000 +/- 0.000
2026-02-14 13:07:25 INFO    |  step: 39424000, eval/episode_success_hard: 0.000 +/- 0.000
2026-02-14 13:07:25 INFO    |  step: 39424000, ep_eval/episode_reward_ctrl: 0.000 +/- 0.000
2026-02-14 13:07:25 INFO    |  step: 39424000, ep_eval/episode_reward_dist: 0.000 +/- 0.000
2026-02-14 13:07:25 INFO    |  step: 39424000, ep_eval/episode_reward_near: 0.000 +/- 0.000
2026-02-14 13:07:25 INFO    |  step: 39424000, ep_eval/episode_reward_survive: 0.000 +/- 0.000
2026-02-14 13:07:25 INFO    |  step: 39424000, ep_eval/episode_success_hard: 0.000 +/- 0.000
2026-02-14 13:07:25 INFO    |  step: 39424000, training/actor_loss: 0.000 +/- 0.000
2026-02-14 13:07:25 INFO    |  step: 39424000, training/log_alpha: 0.000 +/- 0.000
2026-02-14 13:07:25 INFO    |  step: 39424000, training/alpha_loss: 0.000 +/- 0.000
2026-02-14 13:07:25 INFO    |  step: 39424000, training/critic_loss: 0.000 +/- 0.000
2026-02-14 13:07:25 INFO    |  step: 39424000, training/entropy: 0.000 +/- 0.000
2026-02-14 13:07:37 INFO    |  step: 51840000
2026-02-14 13:07:37 INFO    |  step: 51840000, training/sps: 5448.617 +/- 0.000
2026-02-14 13:07:37 INFO    |  step: 51840000, training/ep_actor_loss: 0.003 +/- 0.000
2026-02-14 13:07:37 INFO    |  step: 51840000, training/ep_alpha_loss: -0.000 +/- 0.000
2026-02-14 13:07:37 INFO    |  step: 51840000, training/ep_categorical_accuracy: 0.004 +/- 0.000
2026-02-14 13:07:37 INFO    |  step: 51840000, training/ep_critic_loss: 8.619 +/- 0.000
2026-02-14 13:07:37 INFO    |  step: 51840000, training/ep_entropy: -4.000 +/- 0.000
2026-02-14 13:07:37 INFO    |  step: 51840000, training/ep_log_alpha: -8.330 +/- 0.000
2026-02-14 13:07:37 INFO    |  step: 51840000, training/ep_logits_neg: -0.001 +/- 0.000
2026-02-14 13:07:37 INFO    |  step: 51840000, training/ep_logits_pos: -0.001 +/- 0.000
2026-02-14 13:07:37 INFO    |  step: 51840000, training/ep_logsumexp: 5.544 +/- 0.000
2026-02-14 13:07:37 INFO    |  step: 51840000, training/gcp_actor_loss: 2.723 +/- 0.000
2026-02-14 13:07:37 INFO    |  step: 51840000, training/gcp_alpha_loss: -0.000 +/- 0.000
2026-02-14 13:07:37 INFO    |  step: 51840000, training/gcp_categorical_accuracy: 0.533 +/- 0.000
2026-02-14 13:07:37 INFO    |  step: 51840000, training/gcp_critic_loss: 2.221 +/- 0.000
2026-02-14 13:07:37 INFO    |  step: 51840000, training/gcp_entropy: -4.006 +/- 0.000
2026-02-14 13:07:37 INFO    |  step: 51840000, training/gcp_log_alpha: -3.542 +/- 0.000
2026-02-14 13:07:37 INFO    |  step: 51840000, training/gcp_logits_neg: -8.599 +/- 0.000
2026-02-14 13:07:37 INFO    |  step: 51840000, training/gcp_logits_pos: -2.713 +/- 0.000
2026-02-14 13:07:37 INFO    |  step: 51840000, training/gcp_logsumexp: -0.555 +/- 0.000
2026-02-14 13:07:37 INFO    |  step: 51840000, eval/episode_reward: 0.000 +/- 0.000
2026-02-14 13:07:37 INFO    |  step: 51840000, eval/episode_success: 0.000 +/- 0.000
2026-02-14 13:07:37 INFO    |  step: 51840000, eval/episode_success_easy: 0.000 +/- 0.000
2026-02-14 13:07:37 INFO    |  step: 51840000, eval/episode_dist: 12325.590 +/- 0.000
2026-02-14 13:07:37 INFO    |  step: 51840000, eval/episode_success_any: 0.000 +/- 0.000
2026-02-14 13:07:37 INFO    |  step: 51840000, ep_eval/episode_reward: 0.000 +/- 0.000
2026-02-14 13:07:37 INFO    |  step: 51840000, ep_eval/episode_success: 0.000 +/- 0.000
2026-02-14 13:07:37 INFO    |  step: 51840000, ep_eval/episode_success_easy: 0.000 +/- 0.000
2026-02-14 13:07:37 INFO    |  step: 51840000, ep_eval/episode_dist: 12322.151 +/- 0.000
2026-02-14 13:07:37 INFO    |  step: 51840000, ep_eval/episode_success_any: 0.000 +/- 0.000
2026-02-14 13:07:37 INFO    |  step: 51840000, eval/episode_reward_ctrl: 0.000 +/- 0.000
2026-02-14 13:07:37 INFO    |  step: 51840000, eval/episode_reward_dist: 0.000 +/- 0.000
2026-02-14 13:07:37 INFO    |  step: 51840000, eval/episode_reward_near: 0.000 +/- 0.000
2026-02-14 13:07:37 INFO    |  step: 51840000, eval/episode_reward_survive: 0.000 +/- 0.000
2026-02-14 13:07:37 INFO    |  step: 51840000, eval/episode_success_hard: 0.000 +/- 0.000
2026-02-14 13:07:37 INFO    |  step: 51840000, ep_eval/episode_reward_ctrl: 0.000 +/- 0.000
2026-02-14 13:07:37 INFO    |  step: 51840000, ep_eval/episode_reward_dist: 0.000 +/- 0.000
2026-02-14 13:07:37 INFO    |  step: 51840000, ep_eval/episode_reward_near: 0.000 +/- 0.000
2026-02-14 13:07:37 INFO    |  step: 51840000, ep_eval/episode_reward_survive: 0.000 +/- 0.000
2026-02-14 13:07:37 INFO    |  step: 51840000, ep_eval/episode_success_hard: 0.000 +/- 0.000
2026-02-14 13:07:37 INFO    |  step: 51840000, training/actor_loss: 0.000 +/- 0.000
2026-02-14 13:07:37 INFO    |  step: 51840000, training/log_alpha: 0.000 +/- 0.000
2026-02-14 13:07:37 INFO    |  step: 51840000, training/alpha_loss: 0.000 +/- 0.000
2026-02-14 13:07:37 INFO    |  step: 51840000, training/critic_loss: 0.000 +/- 0.000
2026-02-14 13:07:37 INFO    |  step: 51840000, training/entropy: 0.000 +/- 0.000
2026-02-14 13:07:48 INFO    |  step: 39424000
2026-02-14 13:07:48 INFO    |  step: 39424000, training/sps: 4083.751 +/- 0.000
2026-02-14 13:07:48 INFO    |  step: 39424000, training/ep_actor_loss: 0.003 +/- 0.000
2026-02-14 13:07:48 INFO    |  step: 39424000, training/ep_alpha_loss: 0.000 +/- 0.000
2026-02-14 13:07:48 INFO    |  step: 39424000, training/ep_categorical_accuracy: 0.004 +/- 0.000
2026-02-14 13:07:48 INFO    |  step: 39424000, training/ep_critic_loss: 8.619 +/- 0.000
2026-02-14 13:07:48 INFO    |  step: 39424000, training/ep_entropy: -4.000 +/- 0.000
2026-02-14 13:07:48 INFO    |  step: 39424000, training/ep_log_alpha: -8.330 +/- 0.000
2026-02-14 13:07:48 INFO    |  step: 39424000, training/ep_logits_neg: -0.001 +/- 0.000
2026-02-14 13:07:48 INFO    |  step: 39424000, training/ep_logits_pos: -0.001 +/- 0.000
2026-02-14 13:07:48 INFO    |  step: 39424000, training/ep_logsumexp: 5.544 +/- 0.000
2026-02-14 13:07:48 INFO    |  step: 39424000, training/gcp_actor_loss: 3.629 +/- 0.000
2026-02-14 13:07:48 INFO    |  step: 39424000, training/gcp_alpha_loss: 0.000 +/- 0.000
2026-02-14 13:07:48 INFO    |  step: 39424000, training/gcp_categorical_accuracy: 0.326 +/- 0.000
2026-02-14 13:07:48 INFO    |  step: 39424000, training/gcp_critic_loss: 3.491 +/- 0.000
2026-02-14 13:07:48 INFO    |  step: 39424000, training/gcp_entropy: -3.998 +/- 0.000
2026-02-14 13:07:48 INFO    |  step: 39424000, training/gcp_log_alpha: -5.044 +/- 0.000
2026-02-14 13:07:48 INFO    |  step: 39424000, training/gcp_logits_neg: -8.132 +/- 0.000
2026-02-14 13:07:48 INFO    |  step: 39424000, training/gcp_logits_pos: -3.778 +/- 0.000
2026-02-14 13:07:48 INFO    |  step: 39424000, training/gcp_logsumexp: -0.316 +/- 0.000
2026-02-14 13:07:48 INFO    |  step: 39424000, eval/episode_reward: 0.000 +/- 0.000
2026-02-14 13:07:48 INFO    |  step: 39424000, eval/episode_success: 0.000 +/- 0.000
2026-02-14 13:07:48 INFO    |  step: 39424000, eval/episode_success_easy: 7.238 +/- 0.000
2026-02-14 13:07:48 INFO    |  step: 39424000, eval/episode_dist: 31780.445 +/- 0.000
2026-02-14 13:07:48 INFO    |  step: 39424000, eval/episode_success_any: 0.000 +/- 0.000
2026-02-14 13:07:48 INFO    |  step: 39424000, ep_eval/episode_reward: 0.000 +/- 0.000
2026-02-14 13:07:48 INFO    |  step: 39424000, ep_eval/episode_success: 0.000 +/- 0.000
2026-02-14 13:07:48 INFO    |  step: 39424000, ep_eval/episode_success_easy: 0.000 +/- 0.000
2026-02-14 13:07:48 INFO    |  step: 39424000, ep_eval/episode_dist: 33323.898 +/- 0.000
2026-02-14 13:07:48 INFO    |  step: 39424000, ep_eval/episode_success_any: 0.000 +/- 0.000
2026-02-14 13:07:48 INFO    |  step: 39424000, eval/episode_reward_ctrl: 0.000 +/- 0.000
2026-02-14 13:07:48 INFO    |  step: 39424000, eval/episode_reward_dist: 0.000 +/- 0.000
2026-02-14 13:07:48 INFO    |  step: 39424000, eval/episode_reward_near: 0.000 +/- 0.000
2026-02-14 13:07:48 INFO    |  step: 39424000, eval/episode_reward_survive: 0.000 +/- 0.000
2026-02-14 13:07:48 INFO    |  step: 39424000, eval/episode_success_hard: 0.000 +/- 0.000
2026-02-14 13:07:48 INFO    |  step: 39424000, ep_eval/episode_reward_ctrl: 0.000 +/- 0.000
2026-02-14 13:07:48 INFO    |  step: 39424000, ep_eval/episode_reward_dist: 0.000 +/- 0.000
2026-02-14 13:07:48 INFO    |  step: 39424000, ep_eval/episode_reward_near: 0.000 +/- 0.000
2026-02-14 13:07:48 INFO    |  step: 39424000, ep_eval/episode_reward_survive: 0.000 +/- 0.000
2026-02-14 13:07:48 INFO    |  step: 39424000, ep_eval/episode_success_hard: 0.000 +/- 0.000
2026-02-14 13:07:48 INFO    |  step: 39424000, training/actor_loss: 0.000 +/- 0.000
2026-02-14 13:07:48 INFO    |  step: 39424000, training/log_alpha: 0.000 +/- 0.000
2026-02-14 13:07:48 INFO    |  step: 39424000, training/alpha_loss: 0.000 +/- 0.000
2026-02-14 13:07:48 INFO    |  step: 39424000, training/critic_loss: 0.000 +/- 0.000
2026-02-14 13:07:48 INFO    |  step: 39424000, training/entropy: 0.000 +/- 0.000
2026-02-14 13:09:55 INFO    |  Visualization: collected_transitions shape: (1500, 256, 31), num_envs: 256
2026-02-14 13:09:55 INFO    |  Visualization: Raw collected_transitions has 256 unique trajectory IDs out of 384000 total transitions
2026-02-14 13:09:56 INFO    |  Visualization: processed_transitions shape: (1499, 256, 31)
2026-02-14 13:09:57 INFO    |  Visualization: Found 256 unique trajectory IDs out of 383744 total transitions
2026-02-14 13:09:57 INFO    |  Transition shapes: obs=(1499, 256, 31), traj_ids=(1499, 256), traj_ids_flat=(383744,)
2026-02-14 13:10:00 INFO    |  Plotted visualizations at env step 52608000.0
2026-02-14 13:10:21 INFO    |  step: 52608000
2026-02-14 13:10:21 INFO    |  step: 52608000, training/sps: 5355.309 +/- 0.000
2026-02-14 13:10:21 INFO    |  step: 52608000, training/ep_actor_loss: 0.003 +/- 0.000
2026-02-14 13:10:21 INFO    |  step: 52608000, training/ep_alpha_loss: -0.000 +/- 0.000
2026-02-14 13:10:21 INFO    |  step: 52608000, training/ep_categorical_accuracy: 0.004 +/- 0.000
2026-02-14 13:10:21 INFO    |  step: 52608000, training/ep_critic_loss: 8.619 +/- 0.000
2026-02-14 13:10:21 INFO    |  step: 52608000, training/ep_entropy: -4.000 +/- 0.000
2026-02-14 13:10:21 INFO    |  step: 52608000, training/ep_log_alpha: -8.330 +/- 0.000
2026-02-14 13:10:21 INFO    |  step: 52608000, training/ep_logits_neg: -0.001 +/- 0.000
2026-02-14 13:10:21 INFO    |  step: 52608000, training/ep_logits_pos: -0.001 +/- 0.000
2026-02-14 13:10:21 INFO    |  step: 52608000, training/ep_logsumexp: 5.544 +/- 0.000
2026-02-14 13:10:21 INFO    |  step: 52608000, training/gcp_actor_loss: 2.650 +/- 0.000
2026-02-14 13:10:21 INFO    |  step: 52608000, training/gcp_alpha_loss: 0.000 +/- 0.000
2026-02-14 13:10:21 INFO    |  step: 52608000, training/gcp_categorical_accuracy: 0.549 +/- 0.000
2026-02-14 13:10:21 INFO    |  step: 52608000, training/gcp_critic_loss: 2.110 +/- 0.000
2026-02-14 13:10:21 INFO    |  step: 52608000, training/gcp_entropy: -4.000 +/- 0.000
2026-02-14 13:10:21 INFO    |  step: 52608000, training/gcp_log_alpha: -3.395 +/- 0.000
2026-02-14 13:10:21 INFO    |  step: 52608000, training/gcp_logits_neg: -8.690 +/- 0.000
2026-02-14 13:10:21 INFO    |  step: 52608000, training/gcp_logits_pos: -2.594 +/- 0.000
2026-02-14 13:10:21 INFO    |  step: 52608000, training/gcp_logsumexp: -0.547 +/- 0.000
2026-02-14 13:10:21 INFO    |  step: 52608000, eval/episode_reward: 0.000 +/- 0.000
2026-02-14 13:10:21 INFO    |  step: 52608000, eval/episode_success: 0.000 +/- 0.000
2026-02-14 13:10:21 INFO    |  step: 52608000, eval/episode_success_easy: 0.000 +/- 0.000
2026-02-14 13:10:21 INFO    |  step: 52608000, eval/episode_dist: 12418.943 +/- 0.000
2026-02-14 13:10:21 INFO    |  step: 52608000, eval/episode_success_any: 0.000 +/- 0.000
2026-02-14 13:10:21 INFO    |  step: 52608000, ep_eval/episode_reward: 0.000 +/- 0.000
2026-02-14 13:10:21 INFO    |  step: 52608000, ep_eval/episode_success: 0.000 +/- 0.000
2026-02-14 13:10:21 INFO    |  step: 52608000, ep_eval/episode_success_easy: 0.000 +/- 0.000
2026-02-14 13:10:21 INFO    |  step: 52608000, ep_eval/episode_dist: 12342.246 +/- 0.000
2026-02-14 13:10:21 INFO    |  step: 52608000, ep_eval/episode_success_any: 0.000 +/- 0.000
2026-02-14 13:10:21 INFO    |  step: 52608000, eval/episode_reward_ctrl: 0.000 +/- 0.000
2026-02-14 13:10:21 INFO    |  step: 52608000, eval/episode_reward_dist: 0.000 +/- 0.000
2026-02-14 13:10:21 INFO    |  step: 52608000, eval/episode_reward_near: 0.000 +/- 0.000
2026-02-14 13:10:21 INFO    |  step: 52608000, eval/episode_reward_survive: 0.000 +/- 0.000
2026-02-14 13:10:21 INFO    |  step: 52608000, eval/episode_success_hard: 0.000 +/- 0.000
2026-02-14 13:10:21 INFO    |  step: 52608000, ep_eval/episode_reward_ctrl: 0.000 +/- 0.000
2026-02-14 13:10:21 INFO    |  step: 52608000, ep_eval/episode_reward_dist: 0.000 +/- 0.000
2026-02-14 13:10:21 INFO    |  step: 52608000, ep_eval/episode_reward_near: 0.000 +/- 0.000
2026-02-14 13:10:21 INFO    |  step: 52608000, ep_eval/episode_reward_survive: 0.000 +/- 0.000
2026-02-14 13:10:21 INFO    |  step: 52608000, ep_eval/episode_success_hard: 0.000 +/- 0.000
2026-02-14 13:10:21 INFO    |  step: 52608000, training/actor_loss: 0.000 +/- 0.000
2026-02-14 13:10:21 INFO    |  step: 52608000, training/log_alpha: 0.000 +/- 0.000
2026-02-14 13:10:21 INFO    |  step: 52608000, training/alpha_loss: 0.000 +/- 0.000
2026-02-14 13:10:21 INFO    |  step: 52608000, training/critic_loss: 0.000 +/- 0.000
2026-02-14 13:10:21 INFO    |  step: 52608000, training/entropy: 0.000 +/- 0.000
2026-02-14 13:11:33 INFO    |  Visualization: collected_transitions shape: (2000, 256, 31), num_envs: 256
2026-02-14 13:11:33 INFO    |  Visualization: Raw collected_transitions has 256 unique trajectory IDs out of 512000 total transitions
2026-02-14 13:11:33 INFO    |  Visualization: processed_transitions shape: (1999, 256, 31)
2026-02-14 13:11:34 INFO    |  Visualization: Found 256 unique trajectory IDs out of 511744 total transitions
2026-02-14 13:11:34 INFO    |  Transition shapes: obs=(1999, 256, 31), traj_ids=(1999, 256), traj_ids_flat=(511744,)
2026-02-14 13:11:36 INFO    |  Plotted visualizations at env step 40448000.0
2026-02-14 13:11:56 INFO    |  Visualization: collected_transitions shape: (2000, 256, 31), num_envs: 256
2026-02-14 13:11:56 INFO    |  Visualization: Raw collected_transitions has 256 unique trajectory IDs out of 512000 total transitions
2026-02-14 13:11:56 INFO    |  Visualization: processed_transitions shape: (1999, 256, 31)
2026-02-14 13:11:57 INFO    |  Visualization: Found 256 unique trajectory IDs out of 511744 total transitions
2026-02-14 13:11:57 INFO    |  Transition shapes: obs=(1999, 256, 31), traj_ids=(1999, 256), traj_ids_flat=(511744,)
2026-02-14 13:11:59 INFO    |  Plotted visualizations at env step 40448000.0
2026-02-14 13:12:14 INFO    |  step: 40448000
2026-02-14 13:12:14 INFO    |  step: 40448000, training/sps: 4067.541 +/- 0.000
2026-02-14 13:12:14 INFO    |  step: 40448000, training/ep_actor_loss: 0.003 +/- 0.000
2026-02-14 13:12:14 INFO    |  step: 40448000, training/ep_alpha_loss: -0.000 +/- 0.000
2026-02-14 13:12:14 INFO    |  step: 40448000, training/ep_categorical_accuracy: 0.004 +/- 0.000
2026-02-14 13:12:14 INFO    |  step: 40448000, training/ep_critic_loss: 8.619 +/- 0.000
2026-02-14 13:12:14 INFO    |  step: 40448000, training/ep_entropy: -4.000 +/- 0.000
2026-02-14 13:12:14 INFO    |  step: 40448000, training/ep_log_alpha: -8.330 +/- 0.000
2026-02-14 13:12:14 INFO    |  step: 40448000, training/ep_logits_neg: -0.001 +/- 0.000
2026-02-14 13:12:14 INFO    |  step: 40448000, training/ep_logits_pos: -0.001 +/- 0.000
2026-02-14 13:12:14 INFO    |  step: 40448000, training/ep_logsumexp: 5.544 +/- 0.000
2026-02-14 13:12:14 INFO    |  step: 40448000, training/gcp_actor_loss: 2.683 +/- 0.000
2026-02-14 13:12:14 INFO    |  step: 40448000, training/gcp_alpha_loss: -0.000 +/- 0.000
2026-02-14 13:12:14 INFO    |  step: 40448000, training/gcp_categorical_accuracy: 0.517 +/- 0.000
2026-02-14 13:12:14 INFO    |  step: 40448000, training/gcp_critic_loss: 2.295 +/- 0.000
2026-02-14 13:12:14 INFO    |  step: 40448000, training/gcp_entropy: -4.000 +/- 0.000
2026-02-14 13:12:14 INFO    |  step: 40448000, training/gcp_log_alpha: -4.351 +/- 0.000
2026-02-14 13:12:14 INFO    |  step: 40448000, training/gcp_logits_neg: -8.736 +/- 0.000
2026-02-14 13:12:14 INFO    |  step: 40448000, training/gcp_logits_pos: -2.906 +/- 0.000
2026-02-14 13:12:14 INFO    |  step: 40448000, training/gcp_logsumexp: -0.690 +/- 0.000
2026-02-14 13:12:14 INFO    |  step: 40448000, eval/episode_reward: 0.000 +/- 0.000
2026-02-14 13:12:14 INFO    |  step: 40448000, eval/episode_success: 0.000 +/- 0.000
2026-02-14 13:12:14 INFO    |  step: 40448000, eval/episode_success_easy: 7.184 +/- 0.000
2026-02-14 13:12:14 INFO    |  step: 40448000, eval/episode_dist: 31936.590 +/- 0.000
2026-02-14 13:12:14 INFO    |  step: 40448000, eval/episode_success_any: 0.000 +/- 0.000
2026-02-14 13:12:14 INFO    |  step: 40448000, ep_eval/episode_reward: 0.000 +/- 0.000
2026-02-14 13:12:14 INFO    |  step: 40448000, ep_eval/episode_success: 0.000 +/- 0.000
2026-02-14 13:12:14 INFO    |  step: 40448000, ep_eval/episode_success_easy: 0.000 +/- 0.000
2026-02-14 13:12:14 INFO    |  step: 40448000, ep_eval/episode_dist: 32760.918 +/- 0.000
2026-02-14 13:12:14 INFO    |  step: 40448000, ep_eval/episode_success_any: 0.000 +/- 0.000
2026-02-14 13:12:14 INFO    |  step: 40448000, eval/episode_reward_ctrl: 0.000 +/- 0.000
2026-02-14 13:12:14 INFO    |  step: 40448000, eval/episode_reward_dist: 0.000 +/- 0.000
2026-02-14 13:12:14 INFO    |  step: 40448000, eval/episode_reward_near: 0.000 +/- 0.000
2026-02-14 13:12:14 INFO    |  step: 40448000, eval/episode_reward_survive: 0.000 +/- 0.000
2026-02-14 13:12:14 INFO    |  step: 40448000, eval/episode_success_hard: 0.000 +/- 0.000
2026-02-14 13:12:14 INFO    |  step: 40448000, ep_eval/episode_reward_ctrl: 0.000 +/- 0.000
2026-02-14 13:12:14 INFO    |  step: 40448000, ep_eval/episode_reward_dist: 0.000 +/- 0.000
2026-02-14 13:12:14 INFO    |  step: 40448000, ep_eval/episode_reward_near: 0.000 +/- 0.000
2026-02-14 13:12:14 INFO    |  step: 40448000, ep_eval/episode_reward_survive: 0.000 +/- 0.000
2026-02-14 13:12:14 INFO    |  step: 40448000, ep_eval/episode_success_hard: 0.000 +/- 0.000
2026-02-14 13:12:14 INFO    |  step: 40448000, training/actor_loss: 0.000 +/- 0.000
2026-02-14 13:12:14 INFO    |  step: 40448000, training/log_alpha: 0.000 +/- 0.000
2026-02-14 13:12:14 INFO    |  step: 40448000, training/alpha_loss: 0.000 +/- 0.000
2026-02-14 13:12:14 INFO    |  step: 40448000, training/critic_loss: 0.000 +/- 0.000
2026-02-14 13:12:14 INFO    |  step: 40448000, training/entropy: 0.000 +/- 0.000
2026-02-14 13:12:38 INFO    |  step: 40448000
2026-02-14 13:12:38 INFO    |  step: 40448000, training/sps: 4074.486 +/- 0.000
2026-02-14 13:12:38 INFO    |  step: 40448000, training/ep_actor_loss: 0.003 +/- 0.000
2026-02-14 13:12:38 INFO    |  step: 40448000, training/ep_alpha_loss: -0.000 +/- 0.000
2026-02-14 13:12:38 INFO    |  step: 40448000, training/ep_categorical_accuracy: 0.004 +/- 0.000
2026-02-14 13:12:38 INFO    |  step: 40448000, training/ep_critic_loss: 8.619 +/- 0.000
2026-02-14 13:12:38 INFO    |  step: 40448000, training/ep_entropy: -4.000 +/- 0.000
2026-02-14 13:12:38 INFO    |  step: 40448000, training/ep_log_alpha: -8.330 +/- 0.000
2026-02-14 13:12:38 INFO    |  step: 40448000, training/ep_logits_neg: -0.001 +/- 0.000
2026-02-14 13:12:38 INFO    |  step: 40448000, training/ep_logits_pos: -0.001 +/- 0.000
2026-02-14 13:12:38 INFO    |  step: 40448000, training/ep_logsumexp: 5.544 +/- 0.000
2026-02-14 13:12:38 INFO    |  step: 40448000, training/gcp_actor_loss: 9.749 +/- 0.000
2026-02-14 13:12:38 INFO    |  step: 40448000, training/gcp_alpha_loss: 0.000 +/- 0.000
2026-02-14 13:12:38 INFO    |  step: 40448000, training/gcp_categorical_accuracy: 0.347 +/- 0.000
2026-02-14 13:12:38 INFO    |  step: 40448000, training/gcp_critic_loss: 11.339 +/- 0.000
2026-02-14 13:12:38 INFO    |  step: 40448000, training/gcp_entropy: -3.997 +/- 0.000
2026-02-14 13:12:38 INFO    |  step: 40448000, training/gcp_log_alpha: -4.947 +/- 0.000
2026-02-14 13:12:38 INFO    |  step: 40448000, training/gcp_logits_neg: -14.397 +/- 0.000
2026-02-14 13:12:38 INFO    |  step: 40448000, training/gcp_logits_pos: -9.894 +/- 0.000
2026-02-14 13:12:38 INFO    |  step: 40448000, training/gcp_logsumexp: -0.355 +/- 0.000
2026-02-14 13:12:38 INFO    |  step: 40448000, eval/episode_reward: 0.000 +/- 0.000
2026-02-14 13:12:38 INFO    |  step: 40448000, eval/episode_success: 0.000 +/- 0.000
2026-02-14 13:12:38 INFO    |  step: 40448000, eval/episode_success_easy: 27.539 +/- 0.000
2026-02-14 13:12:38 INFO    |  step: 40448000, eval/episode_dist: 31887.920 +/- 0.000
2026-02-14 13:12:38 INFO    |  step: 40448000, eval/episode_success_any: 0.000 +/- 0.000
2026-02-14 13:12:38 INFO    |  step: 40448000, ep_eval/episode_reward: 0.000 +/- 0.000
2026-02-14 13:12:38 INFO    |  step: 40448000, ep_eval/episode_success: 0.000 +/- 0.000
2026-02-14 13:12:38 INFO    |  step: 40448000, ep_eval/episode_success_easy: 0.000 +/- 0.000
2026-02-14 13:12:38 INFO    |  step: 40448000, ep_eval/episode_dist: 32762.088 +/- 0.000
2026-02-14 13:12:38 INFO    |  step: 40448000, ep_eval/episode_success_any: 0.000 +/- 0.000
2026-02-14 13:12:38 INFO    |  step: 40448000, eval/episode_reward_ctrl: 0.000 +/- 0.000
2026-02-14 13:12:38 INFO    |  step: 40448000, eval/episode_reward_dist: 0.000 +/- 0.000
2026-02-14 13:12:38 INFO    |  step: 40448000, eval/episode_reward_near: 0.000 +/- 0.000
2026-02-14 13:12:38 INFO    |  step: 40448000, eval/episode_reward_survive: 0.000 +/- 0.000
2026-02-14 13:12:38 INFO    |  step: 40448000, eval/episode_success_hard: 0.000 +/- 0.000
2026-02-14 13:12:38 INFO    |  step: 40448000, ep_eval/episode_reward_ctrl: 0.000 +/- 0.000
2026-02-14 13:12:38 INFO    |  step: 40448000, ep_eval/episode_reward_dist: 0.000 +/- 0.000
2026-02-14 13:12:38 INFO    |  step: 40448000, ep_eval/episode_reward_near: 0.000 +/- 0.000
2026-02-14 13:12:38 INFO    |  step: 40448000, ep_eval/episode_reward_survive: 0.000 +/- 0.000
2026-02-14 13:12:38 INFO    |  step: 40448000, ep_eval/episode_success_hard: 0.000 +/- 0.000
2026-02-14 13:12:38 INFO    |  step: 40448000, training/actor_loss: 0.000 +/- 0.000
2026-02-14 13:12:38 INFO    |  step: 40448000, training/log_alpha: 0.000 +/- 0.000
2026-02-14 13:12:38 INFO    |  step: 40448000, training/alpha_loss: 0.000 +/- 0.000
2026-02-14 13:12:38 INFO    |  step: 40448000, training/critic_loss: 0.000 +/- 0.000
2026-02-14 13:12:38 INFO    |  step: 40448000, training/entropy: 0.000 +/- 0.000
2026-02-14 13:12:38 INFO    |  Visualization: collected_transitions shape: (1500, 256, 31), num_envs: 256
2026-02-14 13:12:38 INFO    |  Visualization: Raw collected_transitions has 256 unique trajectory IDs out of 384000 total transitions
2026-02-14 13:12:39 INFO    |  Visualization: processed_transitions shape: (1499, 256, 31)
2026-02-14 13:12:40 INFO    |  Visualization: Found 256 unique trajectory IDs out of 383744 total transitions
2026-02-14 13:12:40 INFO    |  Transition shapes: obs=(1499, 256, 31), traj_ids=(1499, 256), traj_ids_flat=(383744,)
2026-02-14 13:12:42 INFO    |  Plotted visualizations at env step 53376000.0
2026-02-14 13:13:03 INFO    |  step: 53376000
2026-02-14 13:13:03 INFO    |  step: 53376000, training/sps: 5439.435 +/- 0.000
2026-02-14 13:13:03 INFO    |  step: 53376000, training/ep_actor_loss: 0.003 +/- 0.000
2026-02-14 13:13:03 INFO    |  step: 53376000, training/ep_alpha_loss: 0.000 +/- 0.000
2026-02-14 13:13:03 INFO    |  step: 53376000, training/ep_categorical_accuracy: 0.004 +/- 0.000
2026-02-14 13:13:03 INFO    |  step: 53376000, training/ep_critic_loss: 8.619 +/- 0.000
2026-02-14 13:13:03 INFO    |  step: 53376000, training/ep_entropy: -4.000 +/- 0.000
2026-02-14 13:13:03 INFO    |  step: 53376000, training/ep_log_alpha: -8.330 +/- 0.000
2026-02-14 13:13:03 INFO    |  step: 53376000, training/ep_logits_neg: -0.001 +/- 0.000
2026-02-14 13:13:03 INFO    |  step: 53376000, training/ep_logits_pos: -0.001 +/- 0.000
2026-02-14 13:13:03 INFO    |  step: 53376000, training/ep_logsumexp: 5.544 +/- 0.000
2026-02-14 13:13:03 INFO    |  step: 53376000, training/gcp_actor_loss: 2.601 +/- 0.000
2026-02-14 13:13:03 INFO    |  step: 53376000, training/gcp_alpha_loss: 0.000 +/- 0.000
2026-02-14 13:13:03 INFO    |  step: 53376000, training/gcp_categorical_accuracy: 0.557 +/- 0.000
2026-02-14 13:13:03 INFO    |  step: 53376000, training/gcp_critic_loss: 2.058 +/- 0.000
2026-02-14 13:13:03 INFO    |  step: 53376000, training/gcp_entropy: -3.999 +/- 0.000
2026-02-14 13:13:03 INFO    |  step: 53376000, training/gcp_log_alpha: -3.436 +/- 0.000
2026-02-14 13:13:03 INFO    |  step: 53376000, training/gcp_logits_neg: -8.780 +/- 0.000
2026-02-14 13:13:03 INFO    |  step: 53376000, training/gcp_logits_pos: -2.542 +/- 0.000
2026-02-14 13:13:03 INFO    |  step: 53376000, training/gcp_logsumexp: -0.548 +/- 0.000
2026-02-14 13:13:03 INFO    |  step: 53376000, eval/episode_reward: 0.000 +/- 0.000
2026-02-14 13:13:03 INFO    |  step: 53376000, eval/episode_success: 0.000 +/- 0.000
2026-02-14 13:13:03 INFO    |  step: 53376000, eval/episode_success_easy: 0.000 +/- 0.000
2026-02-14 13:13:03 INFO    |  step: 53376000, eval/episode_dist: 12361.650 +/- 0.000
2026-02-14 13:13:03 INFO    |  step: 53376000, eval/episode_success_any: 0.000 +/- 0.000
2026-02-14 13:13:03 INFO    |  step: 53376000, ep_eval/episode_reward: 0.000 +/- 0.000
2026-02-14 13:13:03 INFO    |  step: 53376000, ep_eval/episode_success: 0.000 +/- 0.000
2026-02-14 13:13:03 INFO    |  step: 53376000, ep_eval/episode_success_easy: 0.000 +/- 0.000
2026-02-14 13:13:03 INFO    |  step: 53376000, ep_eval/episode_dist: 12357.927 +/- 0.000
2026-02-14 13:13:03 INFO    |  step: 53376000, ep_eval/episode_success_any: 0.000 +/- 0.000
2026-02-14 13:13:03 INFO    |  step: 53376000, eval/episode_reward_ctrl: 0.000 +/- 0.000
2026-02-14 13:13:03 INFO    |  step: 53376000, eval/episode_reward_dist: 0.000 +/- 0.000
2026-02-14 13:13:03 INFO    |  step: 53376000, eval/episode_reward_near: 0.000 +/- 0.000
2026-02-14 13:13:03 INFO    |  step: 53376000, eval/episode_reward_survive: 0.000 +/- 0.000
2026-02-14 13:13:03 INFO    |  step: 53376000, eval/episode_success_hard: 0.000 +/- 0.000
2026-02-14 13:13:03 INFO    |  step: 53376000, ep_eval/episode_reward_ctrl: 0.000 +/- 0.000
2026-02-14 13:13:03 INFO    |  step: 53376000, ep_eval/episode_reward_dist: 0.000 +/- 0.000
2026-02-14 13:13:03 INFO    |  step: 53376000, ep_eval/episode_reward_near: 0.000 +/- 0.000
2026-02-14 13:13:03 INFO    |  step: 53376000, ep_eval/episode_reward_survive: 0.000 +/- 0.000
2026-02-14 13:13:03 INFO    |  step: 53376000, ep_eval/episode_success_hard: 0.000 +/- 0.000
2026-02-14 13:13:03 INFO    |  step: 53376000, training/actor_loss: 0.000 +/- 0.000
2026-02-14 13:13:03 INFO    |  step: 53376000, training/log_alpha: 0.000 +/- 0.000
2026-02-14 13:13:03 INFO    |  step: 53376000, training/alpha_loss: 0.000 +/- 0.000
2026-02-14 13:13:03 INFO    |  step: 53376000, training/critic_loss: 0.000 +/- 0.000
2026-02-14 13:13:03 INFO    |  step: 53376000, training/entropy: 0.000 +/- 0.000
2026-02-14 13:15:25 INFO    |  Visualization: collected_transitions shape: (1500, 256, 31), num_envs: 256
2026-02-14 13:15:25 INFO    |  Visualization: Raw collected_transitions has 256 unique trajectory IDs out of 384000 total transitions
2026-02-14 13:15:26 INFO    |  Visualization: processed_transitions shape: (1499, 256, 31)
2026-02-14 13:15:27 INFO    |  Visualization: Found 256 unique trajectory IDs out of 383744 total transitions
2026-02-14 13:15:27 INFO    |  Transition shapes: obs=(1499, 256, 31), traj_ids=(1499, 256), traj_ids_flat=(383744,)
2026-02-14 13:15:29 INFO    |  Plotted visualizations at env step 54144000.0
2026-02-14 13:15:50 INFO    |  step: 54144000
2026-02-14 13:15:50 INFO    |  step: 54144000, training/sps: 5236.376 +/- 0.000
2026-02-14 13:15:50 INFO    |  step: 54144000, training/ep_actor_loss: 0.003 +/- 0.000
2026-02-14 13:15:50 INFO    |  step: 54144000, training/ep_alpha_loss: 0.000 +/- 0.000
2026-02-14 13:15:50 INFO    |  step: 54144000, training/ep_categorical_accuracy: 0.004 +/- 0.000
2026-02-14 13:15:50 INFO    |  step: 54144000, training/ep_critic_loss: 8.619 +/- 0.000
2026-02-14 13:15:50 INFO    |  step: 54144000, training/ep_entropy: -4.000 +/- 0.000
2026-02-14 13:15:50 INFO    |  step: 54144000, training/ep_log_alpha: -8.330 +/- 0.000
2026-02-14 13:15:50 INFO    |  step: 54144000, training/ep_logits_neg: -0.001 +/- 0.000
2026-02-14 13:15:50 INFO    |  step: 54144000, training/ep_logits_pos: -0.001 +/- 0.000
2026-02-14 13:15:50 INFO    |  step: 54144000, training/ep_logsumexp: 5.544 +/- 0.000
2026-02-14 13:15:50 INFO    |  step: 54144000, training/gcp_actor_loss: 2.613 +/- 0.000
2026-02-14 13:15:50 INFO    |  step: 54144000, training/gcp_alpha_loss: -0.000 +/- 0.000
2026-02-14 13:15:50 INFO    |  step: 54144000, training/gcp_categorical_accuracy: 0.546 +/- 0.000
2026-02-14 13:15:50 INFO    |  step: 54144000, training/gcp_critic_loss: 2.089 +/- 0.000
2026-02-14 13:15:50 INFO    |  step: 54144000, training/gcp_entropy: -4.001 +/- 0.000
2026-02-14 13:15:50 INFO    |  step: 54144000, training/gcp_log_alpha: -3.441 +/- 0.000
2026-02-14 13:15:50 INFO    |  step: 54144000, training/gcp_logits_neg: -8.747 +/- 0.000
2026-02-14 13:15:50 INFO    |  step: 54144000, training/gcp_logits_pos: -2.571 +/- 0.000
2026-02-14 13:15:50 INFO    |  step: 54144000, training/gcp_logsumexp: -0.543 +/- 0.000
2026-02-14 13:15:50 INFO    |  step: 54144000, eval/episode_reward: 0.000 +/- 0.000
2026-02-14 13:15:50 INFO    |  step: 54144000, eval/episode_success: 0.000 +/- 0.000
2026-02-14 13:15:50 INFO    |  step: 54144000, eval/episode_success_easy: 0.000 +/- 0.000
2026-02-14 13:15:50 INFO    |  step: 54144000, eval/episode_dist: 12342.748 +/- 0.000
2026-02-14 13:15:50 INFO    |  step: 54144000, eval/episode_success_any: 0.000 +/- 0.000
2026-02-14 13:15:50 INFO    |  step: 54144000, ep_eval/episode_reward: 0.000 +/- 0.000
2026-02-14 13:15:50 INFO    |  step: 54144000, ep_eval/episode_success: 0.000 +/- 0.000
2026-02-14 13:15:50 INFO    |  step: 54144000, ep_eval/episode_success_easy: 0.000 +/- 0.000
2026-02-14 13:15:50 INFO    |  step: 54144000, ep_eval/episode_dist: 12479.040 +/- 0.000
2026-02-14 13:15:50 INFO    |  step: 54144000, ep_eval/episode_success_any: 0.000 +/- 0.000
2026-02-14 13:15:50 INFO    |  step: 54144000, eval/episode_reward_ctrl: 0.000 +/- 0.000
2026-02-14 13:15:50 INFO    |  step: 54144000, eval/episode_reward_dist: 0.000 +/- 0.000
2026-02-14 13:15:50 INFO    |  step: 54144000, eval/episode_reward_near: 0.000 +/- 0.000
2026-02-14 13:15:50 INFO    |  step: 54144000, eval/episode_reward_survive: 0.000 +/- 0.000
2026-02-14 13:15:50 INFO    |  step: 54144000, eval/episode_success_hard: 0.000 +/- 0.000
2026-02-14 13:15:50 INFO    |  step: 54144000, ep_eval/episode_reward_ctrl: 0.000 +/- 0.000
2026-02-14 13:15:50 INFO    |  step: 54144000, ep_eval/episode_reward_dist: 0.000 +/- 0.000
2026-02-14 13:15:50 INFO    |  step: 54144000, ep_eval/episode_reward_near: 0.000 +/- 0.000
2026-02-14 13:15:50 INFO    |  step: 54144000, ep_eval/episode_reward_survive: 0.000 +/- 0.000
2026-02-14 13:15:50 INFO    |  step: 54144000, ep_eval/episode_success_hard: 0.000 +/- 0.000
2026-02-14 13:15:50 INFO    |  step: 54144000, training/actor_loss: 0.000 +/- 0.000
2026-02-14 13:15:50 INFO    |  step: 54144000, training/log_alpha: 0.000 +/- 0.000
2026-02-14 13:15:50 INFO    |  step: 54144000, training/alpha_loss: 0.000 +/- 0.000
2026-02-14 13:15:50 INFO    |  step: 54144000, training/critic_loss: 0.000 +/- 0.000
2026-02-14 13:15:50 INFO    |  step: 54144000, training/entropy: 0.000 +/- 0.000
2026-02-14 13:16:26 INFO    |  Visualization: collected_transitions shape: (2000, 256, 31), num_envs: 256
2026-02-14 13:16:26 INFO    |  Visualization: Raw collected_transitions has 256 unique trajectory IDs out of 512000 total transitions
2026-02-14 13:16:27 INFO    |  Visualization: processed_transitions shape: (1999, 256, 31)
2026-02-14 13:16:28 INFO    |  Visualization: Found 256 unique trajectory IDs out of 511744 total transitions
2026-02-14 13:16:28 INFO    |  Transition shapes: obs=(1999, 256, 31), traj_ids=(1999, 256), traj_ids_flat=(511744,)
2026-02-14 13:16:30 INFO    |  Plotted visualizations at env step 41472000.0
2026-02-14 13:16:50 INFO    |  Visualization: collected_transitions shape: (2000, 256, 31), num_envs: 256
2026-02-14 13:16:50 INFO    |  Visualization: Raw collected_transitions has 256 unique trajectory IDs out of 512000 total transitions
2026-02-14 13:16:51 INFO    |  Visualization: processed_transitions shape: (1999, 256, 31)
2026-02-14 13:16:52 INFO    |  Visualization: Found 256 unique trajectory IDs out of 511744 total transitions
2026-02-14 13:16:52 INFO    |  Transition shapes: obs=(1999, 256, 31), traj_ids=(1999, 256), traj_ids_flat=(511744,)
2026-02-14 13:16:54 INFO    |  Plotted visualizations at env step 41472000.0
2026-02-14 13:17:08 INFO    |  step: 41472000
2026-02-14 13:17:08 INFO    |  step: 41472000, training/sps: 4006.666 +/- 0.000
2026-02-14 13:17:08 INFO    |  step: 41472000, training/ep_actor_loss: 0.003 +/- 0.000
2026-02-14 13:17:08 INFO    |  step: 41472000, training/ep_alpha_loss: 0.000 +/- 0.000
2026-02-14 13:17:08 INFO    |  step: 41472000, training/ep_categorical_accuracy: 0.004 +/- 0.000
2026-02-14 13:17:08 INFO    |  step: 41472000, training/ep_critic_loss: 8.619 +/- 0.000
2026-02-14 13:17:08 INFO    |  step: 41472000, training/ep_entropy: -4.000 +/- 0.000
2026-02-14 13:17:08 INFO    |  step: 41472000, training/ep_log_alpha: -8.330 +/- 0.000
2026-02-14 13:17:08 INFO    |  step: 41472000, training/ep_logits_neg: -0.001 +/- 0.000
2026-02-14 13:17:08 INFO    |  step: 41472000, training/ep_logits_pos: -0.001 +/- 0.000
2026-02-14 13:17:08 INFO    |  step: 41472000, training/ep_logsumexp: 5.544 +/- 0.000
2026-02-14 13:17:08 INFO    |  step: 41472000, training/gcp_actor_loss: 2.702 +/- 0.000
2026-02-14 13:17:08 INFO    |  step: 41472000, training/gcp_alpha_loss: 0.000 +/- 0.000
2026-02-14 13:17:08 INFO    |  step: 41472000, training/gcp_categorical_accuracy: 0.513 +/- 0.000
2026-02-14 13:17:08 INFO    |  step: 41472000, training/gcp_critic_loss: 2.317 +/- 0.000
2026-02-14 13:17:08 INFO    |  step: 41472000, training/gcp_entropy: -4.000 +/- 0.000
2026-02-14 13:17:08 INFO    |  step: 41472000, training/gcp_log_alpha: -4.388 +/- 0.000
2026-02-14 13:17:08 INFO    |  step: 41472000, training/gcp_logits_neg: -8.701 +/- 0.000
2026-02-14 13:17:08 INFO    |  step: 41472000, training/gcp_logits_pos: -2.921 +/- 0.000
2026-02-14 13:17:08 INFO    |  step: 41472000, training/gcp_logsumexp: -0.676 +/- 0.000
2026-02-14 13:17:08 INFO    |  step: 41472000, eval/episode_reward: 0.008 +/- 0.000
2026-02-14 13:17:08 INFO    |  step: 41472000, eval/episode_success: 0.008 +/- 0.000
2026-02-14 13:17:08 INFO    |  step: 41472000, eval/episode_success_easy: 28.453 +/- 0.000
2026-02-14 13:17:08 INFO    |  step: 41472000, eval/episode_dist: 32185.189 +/- 0.000
2026-02-14 13:17:08 INFO    |  step: 41472000, eval/episode_success_any: 0.004 +/- 0.000
2026-02-14 13:17:08 INFO    |  step: 41472000, ep_eval/episode_reward: 0.000 +/- 0.000
2026-02-14 13:17:08 INFO    |  step: 41472000, ep_eval/episode_success: 0.000 +/- 0.000
2026-02-14 13:17:08 INFO    |  step: 41472000, ep_eval/episode_success_easy: 0.000 +/- 0.000
2026-02-14 13:17:08 INFO    |  step: 41472000, ep_eval/episode_dist: 34151.953 +/- 0.000
2026-02-14 13:17:08 INFO    |  step: 41472000, ep_eval/episode_success_any: 0.000 +/- 0.000
2026-02-14 13:17:08 INFO    |  step: 41472000, eval/episode_reward_ctrl: 0.000 +/- 0.000
2026-02-14 13:17:08 INFO    |  step: 41472000, eval/episode_reward_dist: 0.000 +/- 0.000
2026-02-14 13:17:08 INFO    |  step: 41472000, eval/episode_reward_near: 0.000 +/- 0.000
2026-02-14 13:17:08 INFO    |  step: 41472000, eval/episode_reward_survive: 0.000 +/- 0.000
2026-02-14 13:17:08 INFO    |  step: 41472000, eval/episode_success_hard: 0.000 +/- 0.000
2026-02-14 13:17:08 INFO    |  step: 41472000, ep_eval/episode_reward_ctrl: 0.000 +/- 0.000
2026-02-14 13:17:08 INFO    |  step: 41472000, ep_eval/episode_reward_dist: 0.000 +/- 0.000
2026-02-14 13:17:08 INFO    |  step: 41472000, ep_eval/episode_reward_near: 0.000 +/- 0.000
2026-02-14 13:17:08 INFO    |  step: 41472000, ep_eval/episode_reward_survive: 0.000 +/- 0.000
2026-02-14 13:17:08 INFO    |  step: 41472000, ep_eval/episode_success_hard: 0.000 +/- 0.000
2026-02-14 13:17:08 INFO    |  step: 41472000, training/actor_loss: 0.000 +/- 0.000
2026-02-14 13:17:08 INFO    |  step: 41472000, training/log_alpha: 0.000 +/- 0.000
2026-02-14 13:17:08 INFO    |  step: 41472000, training/alpha_loss: 0.000 +/- 0.000
2026-02-14 13:17:08 INFO    |  step: 41472000, training/critic_loss: 0.000 +/- 0.000
2026-02-14 13:17:08 INFO    |  step: 41472000, training/entropy: 0.000 +/- 0.000
2026-02-14 13:17:33 INFO    |  step: 41472000
2026-02-14 13:17:33 INFO    |  step: 41472000, training/sps: 3991.513 +/- 0.000
2026-02-14 13:17:33 INFO    |  step: 41472000, training/ep_actor_loss: 0.003 +/- 0.000
2026-02-14 13:17:33 INFO    |  step: 41472000, training/ep_alpha_loss: 0.000 +/- 0.000
2026-02-14 13:17:33 INFO    |  step: 41472000, training/ep_categorical_accuracy: 0.004 +/- 0.000
2026-02-14 13:17:33 INFO    |  step: 41472000, training/ep_critic_loss: 8.619 +/- 0.000
2026-02-14 13:17:33 INFO    |  step: 41472000, training/ep_entropy: -4.000 +/- 0.000
2026-02-14 13:17:33 INFO    |  step: 41472000, training/ep_log_alpha: -8.330 +/- 0.000
2026-02-14 13:17:33 INFO    |  step: 41472000, training/ep_logits_neg: -0.001 +/- 0.000
2026-02-14 13:17:33 INFO    |  step: 41472000, training/ep_logits_pos: -0.001 +/- 0.000
2026-02-14 13:17:33 INFO    |  step: 41472000, training/ep_logsumexp: 5.544 +/- 0.000
2026-02-14 13:17:33 INFO    |  step: 41472000, training/gcp_actor_loss: 3.386 +/- 0.000
2026-02-14 13:17:33 INFO    |  step: 41472000, training/gcp_alpha_loss: 0.000 +/- 0.000
2026-02-14 13:17:33 INFO    |  step: 41472000, training/gcp_categorical_accuracy: 0.323 +/- 0.000
2026-02-14 13:17:33 INFO    |  step: 41472000, training/gcp_critic_loss: 3.242 +/- 0.000
2026-02-14 13:17:33 INFO    |  step: 41472000, training/gcp_entropy: -4.000 +/- 0.000
2026-02-14 13:17:33 INFO    |  step: 41472000, training/gcp_log_alpha: -5.060 +/- 0.000
2026-02-14 13:17:33 INFO    |  step: 41472000, training/gcp_logits_neg: -7.821 +/- 0.000
2026-02-14 13:17:33 INFO    |  step: 41472000, training/gcp_logits_pos: -3.535 +/- 0.000
2026-02-14 13:17:33 INFO    |  step: 41472000, training/gcp_logsumexp: -0.322 +/- 0.000
2026-02-14 13:17:33 INFO    |  step: 41472000, eval/episode_reward: 0.000 +/- 0.000
2026-02-14 13:17:33 INFO    |  step: 41472000, eval/episode_success: 0.000 +/- 0.000
2026-02-14 13:17:33 INFO    |  step: 41472000, eval/episode_success_easy: 14.207 +/- 0.000
2026-02-14 13:17:33 INFO    |  step: 41472000, eval/episode_dist: 32109.137 +/- 0.000
2026-02-14 13:17:33 INFO    |  step: 41472000, eval/episode_success_any: 0.000 +/- 0.000
2026-02-14 13:17:33 INFO    |  step: 41472000, ep_eval/episode_reward: 0.000 +/- 0.000
2026-02-14 13:17:33 INFO    |  step: 41472000, ep_eval/episode_success: 0.000 +/- 0.000
2026-02-14 13:17:33 INFO    |  step: 41472000, ep_eval/episode_success_easy: 0.000 +/- 0.000
2026-02-14 13:17:33 INFO    |  step: 41472000, ep_eval/episode_dist: 34150.844 +/- 0.000
2026-02-14 13:17:33 INFO    |  step: 41472000, ep_eval/episode_success_any: 0.000 +/- 0.000
2026-02-14 13:17:33 INFO    |  step: 41472000, eval/episode_reward_ctrl: 0.000 +/- 0.000
2026-02-14 13:17:33 INFO    |  step: 41472000, eval/episode_reward_dist: 0.000 +/- 0.000
2026-02-14 13:17:33 INFO    |  step: 41472000, eval/episode_reward_near: 0.000 +/- 0.000
2026-02-14 13:17:33 INFO    |  step: 41472000, eval/episode_reward_survive: 0.000 +/- 0.000
2026-02-14 13:17:33 INFO    |  step: 41472000, eval/episode_success_hard: 0.000 +/- 0.000
2026-02-14 13:17:33 INFO    |  step: 41472000, ep_eval/episode_reward_ctrl: 0.000 +/- 0.000
2026-02-14 13:17:33 INFO    |  step: 41472000, ep_eval/episode_reward_dist: 0.000 +/- 0.000
2026-02-14 13:17:33 INFO    |  step: 41472000, ep_eval/episode_reward_near: 0.000 +/- 0.000
2026-02-14 13:17:33 INFO    |  step: 41472000, ep_eval/episode_reward_survive: 0.000 +/- 0.000
2026-02-14 13:17:33 INFO    |  step: 41472000, ep_eval/episode_success_hard: 0.000 +/- 0.000
2026-02-14 13:17:33 INFO    |  step: 41472000, training/actor_loss: 0.000 +/- 0.000
2026-02-14 13:17:33 INFO    |  step: 41472000, training/log_alpha: 0.000 +/- 0.000
2026-02-14 13:17:33 INFO    |  step: 41472000, training/alpha_loss: 0.000 +/- 0.000
2026-02-14 13:17:33 INFO    |  step: 41472000, training/critic_loss: 0.000 +/- 0.000
2026-02-14 13:17:33 INFO    |  step: 41472000, training/entropy: 0.000 +/- 0.000
2026-02-14 13:18:07 INFO    |  Visualization: collected_transitions shape: (1500, 256, 31), num_envs: 256
2026-02-14 13:18:07 INFO    |  Visualization: Raw collected_transitions has 256 unique trajectory IDs out of 384000 total transitions
2026-02-14 13:18:08 INFO    |  Visualization: processed_transitions shape: (1499, 256, 31)
2026-02-14 13:18:08 INFO    |  Visualization: Found 256 unique trajectory IDs out of 383744 total transitions
2026-02-14 13:18:08 INFO    |  Transition shapes: obs=(1499, 256, 31), traj_ids=(1499, 256), traj_ids_flat=(383744,)
2026-02-14 13:18:10 INFO    |  Plotted visualizations at env step 54912000.0
2026-02-14 13:18:31 INFO    |  step: 54912000
2026-02-14 13:18:34 INFO    |  actor input shape: (1, 31)
2026-02-14 13:19:05 INFO    |  step: 54912000, training/sps: 5469.258 +/- 0.000
2026-02-14 13:19:05 INFO    |  step: 54912000, training/ep_actor_loss: 0.003 +/- 0.000
2026-02-14 13:19:05 INFO    |  step: 54912000, training/ep_alpha_loss: -0.000 +/- 0.000
2026-02-14 13:19:05 INFO    |  step: 54912000, training/ep_categorical_accuracy: 0.004 +/- 0.000
2026-02-14 13:19:05 INFO    |  step: 54912000, training/ep_critic_loss: 8.619 +/- 0.000
2026-02-14 13:19:05 INFO    |  step: 54912000, training/ep_entropy: -4.000 +/- 0.000
2026-02-14 13:19:05 INFO    |  step: 54912000, training/ep_log_alpha: -8.330 +/- 0.000
2026-02-14 13:19:05 INFO    |  step: 54912000, training/ep_logits_neg: -0.001 +/- 0.000
2026-02-14 13:19:05 INFO    |  step: 54912000, training/ep_logits_pos: -0.001 +/- 0.000
2026-02-14 13:19:05 INFO    |  step: 54912000, training/ep_logsumexp: 5.544 +/- 0.000
2026-02-14 13:19:05 INFO    |  step: 54912000, training/gcp_actor_loss: 2.608 +/- 0.000
2026-02-14 13:19:05 INFO    |  step: 54912000, training/gcp_alpha_loss: 0.000 +/- 0.000
2026-02-14 13:19:05 INFO    |  step: 54912000, training/gcp_categorical_accuracy: 0.540 +/- 0.000
2026-02-14 13:19:05 INFO    |  step: 54912000, training/gcp_critic_loss: 2.103 +/- 0.000
2026-02-14 13:19:05 INFO    |  step: 54912000, training/gcp_entropy: -3.996 +/- 0.000
2026-02-14 13:19:05 INFO    |  step: 54912000, training/gcp_log_alpha: -3.529 +/- 0.000
2026-02-14 13:19:05 INFO    |  step: 54912000, training/gcp_logits_neg: -8.780 +/- 0.000
2026-02-14 13:19:05 INFO    |  step: 54912000, training/gcp_logits_pos: -2.587 +/- 0.000
2026-02-14 13:19:05 INFO    |  step: 54912000, training/gcp_logsumexp: -0.546 +/- 0.000
2026-02-14 13:19:05 INFO    |  step: 54912000, eval/episode_reward: 0.000 +/- 0.000
2026-02-14 13:19:05 INFO    |  step: 54912000, eval/episode_success: 0.000 +/- 0.000
2026-02-14 13:19:05 INFO    |  step: 54912000, eval/episode_success_easy: 0.000 +/- 0.000
2026-02-14 13:19:05 INFO    |  step: 54912000, eval/episode_dist: 11884.236 +/- 0.000
2026-02-14 13:19:05 INFO    |  step: 54912000, eval/episode_success_any: 0.000 +/- 0.000
2026-02-14 13:19:05 INFO    |  step: 54912000, ep_eval/episode_reward: 0.000 +/- 0.000
2026-02-14 13:19:05 INFO    |  step: 54912000, ep_eval/episode_success: 0.000 +/- 0.000
2026-02-14 13:19:05 INFO    |  step: 54912000, ep_eval/episode_success_easy: 0.000 +/- 0.000
2026-02-14 13:19:05 INFO    |  step: 54912000, ep_eval/episode_dist: 12621.076 +/- 0.000
2026-02-14 13:19:05 INFO    |  step: 54912000, ep_eval/episode_success_any: 0.000 +/- 0.000
2026-02-14 13:19:05 INFO    |  step: 54912000, eval/episode_reward_ctrl: 0.000 +/- 0.000
2026-02-14 13:19:05 INFO    |  step: 54912000, eval/episode_reward_dist: 0.000 +/- 0.000
2026-02-14 13:19:05 INFO    |  step: 54912000, eval/episode_reward_near: 0.000 +/- 0.000
2026-02-14 13:19:05 INFO    |  step: 54912000, eval/episode_reward_survive: 0.000 +/- 0.000
2026-02-14 13:19:05 INFO    |  step: 54912000, eval/episode_success_hard: 0.000 +/- 0.000
2026-02-14 13:19:05 INFO    |  step: 54912000, ep_eval/episode_reward_ctrl: 0.000 +/- 0.000
2026-02-14 13:19:05 INFO    |  step: 54912000, ep_eval/episode_reward_dist: 0.000 +/- 0.000
2026-02-14 13:19:05 INFO    |  step: 54912000, ep_eval/episode_reward_near: 0.000 +/- 0.000
2026-02-14 13:19:05 INFO    |  step: 54912000, ep_eval/episode_reward_survive: 0.000 +/- 0.000
2026-02-14 13:19:05 INFO    |  step: 54912000, ep_eval/episode_success_hard: 0.000 +/- 0.000
2026-02-14 13:19:05 INFO    |  step: 54912000, training/actor_loss: 0.000 +/- 0.000
2026-02-14 13:19:05 INFO    |  step: 54912000, training/log_alpha: 0.000 +/- 0.000
2026-02-14 13:19:05 INFO    |  step: 54912000, training/alpha_loss: 0.000 +/- 0.000
2026-02-14 13:19:05 INFO    |  step: 54912000, training/critic_loss: 0.000 +/- 0.000
2026-02-14 13:19:05 INFO    |  step: 54912000, training/entropy: 0.000 +/- 0.000
2026-02-14 13:21:14 INFO    |  Visualization: collected_transitions shape: (2000, 256, 31), num_envs: 256
2026-02-14 13:21:14 INFO    |  Visualization: Raw collected_transitions has 256 unique trajectory IDs out of 512000 total transitions
2026-02-14 13:21:15 INFO    |  Visualization: processed_transitions shape: (1999, 256, 31)
2026-02-14 13:21:16 INFO    |  Visualization: Found 256 unique trajectory IDs out of 511744 total transitions
2026-02-14 13:21:16 INFO    |  Transition shapes: obs=(1999, 256, 31), traj_ids=(1999, 256), traj_ids_flat=(511744,)
2026-02-14 13:21:18 INFO    |  Plotted visualizations at env step 42496000.0
2026-02-14 13:21:22 INFO    |  Visualization: collected_transitions shape: (1500, 256, 31), num_envs: 256
2026-02-14 13:21:22 INFO    |  Visualization: Raw collected_transitions has 256 unique trajectory IDs out of 384000 total transitions
2026-02-14 13:21:23 INFO    |  Visualization: processed_transitions shape: (1499, 256, 31)
2026-02-14 13:21:24 INFO    |  Visualization: Found 256 unique trajectory IDs out of 383744 total transitions
2026-02-14 13:21:24 INFO    |  Transition shapes: obs=(1499, 256, 31), traj_ids=(1499, 256), traj_ids_flat=(383744,)
2026-02-14 13:21:26 INFO    |  Plotted visualizations at env step 55680000.0
2026-02-14 13:21:40 INFO    |  Visualization: collected_transitions shape: (2000, 256, 31), num_envs: 256
2026-02-14 13:21:40 INFO    |  Visualization: Raw collected_transitions has 256 unique trajectory IDs out of 512000 total transitions
2026-02-14 13:21:41 INFO    |  Visualization: processed_transitions shape: (1999, 256, 31)
2026-02-14 13:21:42 INFO    |  Visualization: Found 256 unique trajectory IDs out of 511744 total transitions
2026-02-14 13:21:42 INFO    |  Transition shapes: obs=(1999, 256, 31), traj_ids=(1999, 256), traj_ids_flat=(511744,)
2026-02-14 13:21:44 INFO    |  Plotted visualizations at env step 42496000.0
2026-02-14 13:21:46 INFO    |  step: 55680000
2026-02-14 13:21:46 INFO    |  step: 55680000, training/sps: 5438.247 +/- 0.000
2026-02-14 13:21:46 INFO    |  step: 55680000, training/ep_actor_loss: 0.003 +/- 0.000
2026-02-14 13:21:46 INFO    |  step: 55680000, training/ep_alpha_loss: 0.000 +/- 0.000
2026-02-14 13:21:46 INFO    |  step: 55680000, training/ep_categorical_accuracy: 0.004 +/- 0.000
2026-02-14 13:21:46 INFO    |  step: 55680000, training/ep_critic_loss: 8.619 +/- 0.000
2026-02-14 13:21:46 INFO    |  step: 55680000, training/ep_entropy: -4.000 +/- 0.000
2026-02-14 13:21:46 INFO    |  step: 55680000, training/ep_log_alpha: -8.330 +/- 0.000
2026-02-14 13:21:46 INFO    |  step: 55680000, training/ep_logits_neg: -0.001 +/- 0.000
2026-02-14 13:21:46 INFO    |  step: 55680000, training/ep_logits_pos: -0.001 +/- 0.000
2026-02-14 13:21:46 INFO    |  step: 55680000, training/ep_logsumexp: 5.544 +/- 0.000
2026-02-14 13:21:46 INFO    |  step: 55680000, training/gcp_actor_loss: 2.645 +/- 0.000
2026-02-14 13:21:46 INFO    |  step: 55680000, training/gcp_alpha_loss: 0.000 +/- 0.000
2026-02-14 13:21:46 INFO    |  step: 55680000, training/gcp_categorical_accuracy: 0.530 +/- 0.000
2026-02-14 13:21:46 INFO    |  step: 55680000, training/gcp_critic_loss: 2.171 +/- 0.000
2026-02-14 13:21:46 INFO    |  step: 55680000, training/gcp_entropy: -3.998 +/- 0.000
2026-02-14 13:21:46 INFO    |  step: 55680000, training/gcp_log_alpha: -3.643 +/- 0.000
2026-02-14 13:21:46 INFO    |  step: 55680000, training/gcp_logits_neg: -8.684 +/- 0.000
2026-02-14 13:21:46 INFO    |  step: 55680000, training/gcp_logits_pos: -2.665 +/- 0.000
2026-02-14 13:21:46 INFO    |  step: 55680000, training/gcp_logsumexp: -0.556 +/- 0.000
2026-02-14 13:21:46 INFO    |  step: 55680000, eval/episode_reward: 0.000 +/- 0.000
2026-02-14 13:21:46 INFO    |  step: 55680000, eval/episode_success: 0.000 +/- 0.000
2026-02-14 13:21:46 INFO    |  step: 55680000, eval/episode_success_easy: 42.301 +/- 0.000
2026-02-14 13:21:46 INFO    |  step: 55680000, eval/episode_dist: 11803.662 +/- 0.000
2026-02-14 13:21:46 INFO    |  step: 55680000, eval/episode_success_any: 0.000 +/- 0.000
2026-02-14 13:21:46 INFO    |  step: 55680000, ep_eval/episode_reward: 0.000 +/- 0.000
2026-02-14 13:21:46 INFO    |  step: 55680000, ep_eval/episode_success: 0.000 +/- 0.000
2026-02-14 13:21:46 INFO    |  step: 55680000, ep_eval/episode_success_easy: 0.000 +/- 0.000
2026-02-14 13:21:46 INFO    |  step: 55680000, ep_eval/episode_dist: 12199.752 +/- 0.000
2026-02-14 13:21:46 INFO    |  step: 55680000, ep_eval/episode_success_any: 0.000 +/- 0.000
2026-02-14 13:21:46 INFO    |  step: 55680000, eval/episode_reward_ctrl: 0.000 +/- 0.000
2026-02-14 13:21:46 INFO    |  step: 55680000, eval/episode_reward_dist: 0.000 +/- 0.000
2026-02-14 13:21:46 INFO    |  step: 55680000, eval/episode_reward_near: 0.000 +/- 0.000
2026-02-14 13:21:46 INFO    |  step: 55680000, eval/episode_reward_survive: 0.000 +/- 0.000
2026-02-14 13:21:46 INFO    |  step: 55680000, eval/episode_success_hard: 0.000 +/- 0.000
2026-02-14 13:21:46 INFO    |  step: 55680000, ep_eval/episode_reward_ctrl: 0.000 +/- 0.000
2026-02-14 13:21:46 INFO    |  step: 55680000, ep_eval/episode_reward_dist: 0.000 +/- 0.000
2026-02-14 13:21:46 INFO    |  step: 55680000, ep_eval/episode_reward_near: 0.000 +/- 0.000
2026-02-14 13:21:46 INFO    |  step: 55680000, ep_eval/episode_reward_survive: 0.000 +/- 0.000
2026-02-14 13:21:46 INFO    |  step: 55680000, ep_eval/episode_success_hard: 0.000 +/- 0.000
2026-02-14 13:21:46 INFO    |  step: 55680000, training/actor_loss: 0.000 +/- 0.000
2026-02-14 13:21:46 INFO    |  step: 55680000, training/log_alpha: 0.000 +/- 0.000
2026-02-14 13:21:46 INFO    |  step: 55680000, training/alpha_loss: 0.000 +/- 0.000
2026-02-14 13:21:46 INFO    |  step: 55680000, training/critic_loss: 0.000 +/- 0.000
2026-02-14 13:21:46 INFO    |  step: 55680000, training/entropy: 0.000 +/- 0.000
2026-02-14 13:21:56 INFO    |  step: 42496000
2026-02-14 13:21:58 INFO    |  actor input shape: (1, 31)
2026-02-14 13:22:23 INFO    |  step: 42496000
2026-02-14 13:22:25 INFO    |  actor input shape: (1, 31)
2026-02-14 13:22:31 INFO    |  step: 42496000, training/sps: 4087.851 +/- 0.000
2026-02-14 13:22:31 INFO    |  step: 42496000, training/ep_actor_loss: 0.003 +/- 0.000
2026-02-14 13:22:31 INFO    |  step: 42496000, training/ep_alpha_loss: -0.000 +/- 0.000
2026-02-14 13:22:31 INFO    |  step: 42496000, training/ep_categorical_accuracy: 0.004 +/- 0.000
2026-02-14 13:22:31 INFO    |  step: 42496000, training/ep_critic_loss: 8.619 +/- 0.000
2026-02-14 13:22:31 INFO    |  step: 42496000, training/ep_entropy: -4.000 +/- 0.000
2026-02-14 13:22:31 INFO    |  step: 42496000, training/ep_log_alpha: -8.330 +/- 0.000
2026-02-14 13:22:31 INFO    |  step: 42496000, training/ep_logits_neg: -0.001 +/- 0.000
2026-02-14 13:22:31 INFO    |  step: 42496000, training/ep_logits_pos: -0.001 +/- 0.000
2026-02-14 13:22:31 INFO    |  step: 42496000, training/ep_logsumexp: 5.544 +/- 0.000
2026-02-14 13:22:31 INFO    |  step: 42496000, training/gcp_actor_loss: 2.649 +/- 0.000
2026-02-14 13:22:31 INFO    |  step: 42496000, training/gcp_alpha_loss: 0.000 +/- 0.000
2026-02-14 13:22:31 INFO    |  step: 42496000, training/gcp_categorical_accuracy: 0.530 +/- 0.000
2026-02-14 13:22:31 INFO    |  step: 42496000, training/gcp_critic_loss: 2.240 +/- 0.000
2026-02-14 13:22:31 INFO    |  step: 42496000, training/gcp_entropy: -3.999 +/- 0.000
2026-02-14 13:22:31 INFO    |  step: 42496000, training/gcp_log_alpha: -4.326 +/- 0.000
2026-02-14 13:22:31 INFO    |  step: 42496000, training/gcp_logits_neg: -8.790 +/- 0.000
2026-02-14 13:22:31 INFO    |  step: 42496000, training/gcp_logits_pos: -2.855 +/- 0.000
2026-02-14 13:22:31 INFO    |  step: 42496000, training/gcp_logsumexp: -0.694 +/- 0.000
2026-02-14 13:22:31 INFO    |  step: 42496000, eval/episode_reward: 0.199 +/- 0.000
2026-02-14 13:22:31 INFO    |  step: 42496000, eval/episode_success: 0.199 +/- 0.000
2026-02-14 13:22:31 INFO    |  step: 42496000, eval/episode_success_easy: 65.645 +/- 0.000
2026-02-14 13:22:31 INFO    |  step: 42496000, eval/episode_dist: 32875.812 +/- 0.000
2026-02-14 13:22:31 INFO    |  step: 42496000, eval/episode_success_any: 0.016 +/- 0.000
2026-02-14 13:22:31 INFO    |  step: 42496000, ep_eval/episode_reward: 0.000 +/- 0.000
2026-02-14 13:22:31 INFO    |  step: 42496000, ep_eval/episode_success: 0.000 +/- 0.000
2026-02-14 13:22:31 INFO    |  step: 42496000, ep_eval/episode_success_easy: 0.000 +/- 0.000
2026-02-14 13:22:31 INFO    |  step: 42496000, ep_eval/episode_dist: 33958.004 +/- 0.000
2026-02-14 13:22:31 INFO    |  step: 42496000, ep_eval/episode_success_any: 0.000 +/- 0.000
2026-02-14 13:22:31 INFO    |  step: 42496000, eval/episode_reward_ctrl: 0.000 +/- 0.000
2026-02-14 13:22:31 INFO    |  step: 42496000, eval/episode_reward_dist: 0.000 +/- 0.000
2026-02-14 13:22:31 INFO    |  step: 42496000, eval/episode_reward_near: 0.000 +/- 0.000
2026-02-14 13:22:31 INFO    |  step: 42496000, eval/episode_reward_survive: 0.000 +/- 0.000
2026-02-14 13:22:31 INFO    |  step: 42496000, eval/episode_success_hard: 0.000 +/- 0.000
2026-02-14 13:22:31 INFO    |  step: 42496000, ep_eval/episode_reward_ctrl: 0.000 +/- 0.000
2026-02-14 13:22:31 INFO    |  step: 42496000, ep_eval/episode_reward_dist: 0.000 +/- 0.000
2026-02-14 13:22:31 INFO    |  step: 42496000, ep_eval/episode_reward_near: 0.000 +/- 0.000
2026-02-14 13:22:31 INFO    |  step: 42496000, ep_eval/episode_reward_survive: 0.000 +/- 0.000
2026-02-14 13:22:31 INFO    |  step: 42496000, ep_eval/episode_success_hard: 0.000 +/- 0.000
2026-02-14 13:22:31 INFO    |  step: 42496000, training/actor_loss: 0.000 +/- 0.000
2026-02-14 13:22:31 INFO    |  step: 42496000, training/log_alpha: 0.000 +/- 0.000
2026-02-14 13:22:31 INFO    |  step: 42496000, training/alpha_loss: 0.000 +/- 0.000
2026-02-14 13:22:31 INFO    |  step: 42496000, training/critic_loss: 0.000 +/- 0.000
2026-02-14 13:22:31 INFO    |  step: 42496000, training/entropy: 0.000 +/- 0.000
2026-02-14 13:22:58 INFO    |  step: 42496000, training/sps: 4077.659 +/- 0.000
2026-02-14 13:22:58 INFO    |  step: 42496000, training/ep_actor_loss: 0.003 +/- 0.000
2026-02-14 13:22:58 INFO    |  step: 42496000, training/ep_alpha_loss: -0.000 +/- 0.000
2026-02-14 13:22:58 INFO    |  step: 42496000, training/ep_categorical_accuracy: 0.004 +/- 0.000
2026-02-14 13:22:58 INFO    |  step: 42496000, training/ep_critic_loss: 8.619 +/- 0.000
2026-02-14 13:22:58 INFO    |  step: 42496000, training/ep_entropy: -4.000 +/- 0.000
2026-02-14 13:22:58 INFO    |  step: 42496000, training/ep_log_alpha: -8.330 +/- 0.000
2026-02-14 13:22:58 INFO    |  step: 42496000, training/ep_logits_neg: -0.001 +/- 0.000
2026-02-14 13:22:58 INFO    |  step: 42496000, training/ep_logits_pos: -0.001 +/- 0.000
2026-02-14 13:22:58 INFO    |  step: 42496000, training/ep_logsumexp: 5.544 +/- 0.000
2026-02-14 13:22:58 INFO    |  step: 42496000, training/gcp_actor_loss: 3.370 +/- 0.000
2026-02-14 13:22:58 INFO    |  step: 42496000, training/gcp_alpha_loss: 0.000 +/- 0.000
2026-02-14 13:22:58 INFO    |  step: 42496000, training/gcp_categorical_accuracy: 0.328 +/- 0.000
2026-02-14 13:22:58 INFO    |  step: 42496000, training/gcp_critic_loss: 3.287 +/- 0.000
2026-02-14 13:22:58 INFO    |  step: 42496000, training/gcp_entropy: -4.000 +/- 0.000
2026-02-14 13:22:58 INFO    |  step: 42496000, training/gcp_log_alpha: -5.028 +/- 0.000
2026-02-14 13:22:58 INFO    |  step: 42496000, training/gcp_logits_neg: -7.815 +/- 0.000
2026-02-14 13:22:58 INFO    |  step: 42496000, training/gcp_logits_pos: -3.518 +/- 0.000
2026-02-14 13:22:58 INFO    |  step: 42496000, training/gcp_logsumexp: -0.327 +/- 0.000
2026-02-14 13:22:58 INFO    |  step: 42496000, eval/episode_reward: 0.047 +/- 0.000
2026-02-14 13:22:58 INFO    |  step: 42496000, eval/episode_success: 0.047 +/- 0.000
2026-02-14 13:22:58 INFO    |  step: 42496000, eval/episode_success_easy: 43.645 +/- 0.000
2026-02-14 13:22:58 INFO    |  step: 42496000, eval/episode_dist: 32836.266 +/- 0.000
2026-02-14 13:22:58 INFO    |  step: 42496000, eval/episode_success_any: 0.004 +/- 0.000
2026-02-14 13:22:58 INFO    |  step: 42496000, ep_eval/episode_reward: 0.000 +/- 0.000
2026-02-14 13:22:58 INFO    |  step: 42496000, ep_eval/episode_success: 0.000 +/- 0.000
2026-02-14 13:22:58 INFO    |  step: 42496000, ep_eval/episode_success_easy: 0.000 +/- 0.000
2026-02-14 13:22:58 INFO    |  step: 42496000, ep_eval/episode_dist: 33959.523 +/- 0.000
2026-02-14 13:22:58 INFO    |  step: 42496000, ep_eval/episode_success_any: 0.000 +/- 0.000
2026-02-14 13:22:58 INFO    |  step: 42496000, eval/episode_reward_ctrl: 0.000 +/- 0.000
2026-02-14 13:22:58 INFO    |  step: 42496000, eval/episode_reward_dist: 0.000 +/- 0.000
2026-02-14 13:22:58 INFO    |  step: 42496000, eval/episode_reward_near: 0.000 +/- 0.000
2026-02-14 13:22:58 INFO    |  step: 42496000, eval/episode_reward_survive: 0.000 +/- 0.000
2026-02-14 13:22:58 INFO    |  step: 42496000, eval/episode_success_hard: 0.000 +/- 0.000
2026-02-14 13:22:58 INFO    |  step: 42496000, ep_eval/episode_reward_ctrl: 0.000 +/- 0.000
2026-02-14 13:22:58 INFO    |  step: 42496000, ep_eval/episode_reward_dist: 0.000 +/- 0.000
2026-02-14 13:22:58 INFO    |  step: 42496000, ep_eval/episode_reward_near: 0.000 +/- 0.000
2026-02-14 13:22:58 INFO    |  step: 42496000, ep_eval/episode_reward_survive: 0.000 +/- 0.000
2026-02-14 13:22:58 INFO    |  step: 42496000, ep_eval/episode_success_hard: 0.000 +/- 0.000
2026-02-14 13:22:58 INFO    |  step: 42496000, training/actor_loss: 0.000 +/- 0.000
2026-02-14 13:22:58 INFO    |  step: 42496000, training/log_alpha: 0.000 +/- 0.000
2026-02-14 13:22:58 INFO    |  step: 42496000, training/alpha_loss: 0.000 +/- 0.000
2026-02-14 13:22:58 INFO    |  step: 42496000, training/critic_loss: 0.000 +/- 0.000
2026-02-14 13:22:58 INFO    |  step: 42496000, training/entropy: 0.000 +/- 0.000
2026-02-14 13:24:05 INFO    |  Visualization: collected_transitions shape: (1500, 256, 31), num_envs: 256
2026-02-14 13:24:05 INFO    |  Visualization: Raw collected_transitions has 256 unique trajectory IDs out of 384000 total transitions
2026-02-14 13:24:06 INFO    |  Visualization: processed_transitions shape: (1499, 256, 31)
2026-02-14 13:24:06 INFO    |  Visualization: Found 256 unique trajectory IDs out of 383744 total transitions
2026-02-14 13:24:06 INFO    |  Transition shapes: obs=(1499, 256, 31), traj_ids=(1499, 256), traj_ids_flat=(383744,)
2026-02-14 13:24:08 INFO    |  Plotted visualizations at env step 56448000.0
2026-02-14 13:24:29 INFO    |  step: 56448000
2026-02-14 13:24:29 INFO    |  step: 56448000, training/sps: 5412.935 +/- 0.000
2026-02-14 13:24:29 INFO    |  step: 56448000, training/ep_actor_loss: 0.003 +/- 0.000
2026-02-14 13:24:29 INFO    |  step: 56448000, training/ep_alpha_loss: 0.000 +/- 0.000
2026-02-14 13:24:29 INFO    |  step: 56448000, training/ep_categorical_accuracy: 0.004 +/- 0.000
2026-02-14 13:24:29 INFO    |  step: 56448000, training/ep_critic_loss: 8.619 +/- 0.000
2026-02-14 13:24:29 INFO    |  step: 56448000, training/ep_entropy: -4.000 +/- 0.000
2026-02-14 13:24:29 INFO    |  step: 56448000, training/ep_log_alpha: -8.330 +/- 0.000
2026-02-14 13:24:29 INFO    |  step: 56448000, training/ep_logits_neg: -0.001 +/- 0.000
2026-02-14 13:24:29 INFO    |  step: 56448000, training/ep_logits_pos: -0.001 +/- 0.000
2026-02-14 13:24:29 INFO    |  step: 56448000, training/ep_logsumexp: 5.544 +/- 0.000
2026-02-14 13:24:29 INFO    |  step: 56448000, training/gcp_actor_loss: 2.700 +/- 0.000
2026-02-14 13:24:29 INFO    |  step: 56448000, training/gcp_alpha_loss: 0.000 +/- 0.000
2026-02-14 13:24:29 INFO    |  step: 56448000, training/gcp_categorical_accuracy: 0.517 +/- 0.000
2026-02-14 13:24:29 INFO    |  step: 56448000, training/gcp_critic_loss: 2.312 +/- 0.000
2026-02-14 13:24:29 INFO    |  step: 56448000, training/gcp_entropy: -3.997 +/- 0.000
2026-02-14 13:24:29 INFO    |  step: 56448000, training/gcp_log_alpha: -3.745 +/- 0.000
2026-02-14 13:24:29 INFO    |  step: 56448000, training/gcp_logits_neg: -8.596 +/- 0.000
2026-02-14 13:24:29 INFO    |  step: 56448000, training/gcp_logits_pos: -2.742 +/- 0.000
2026-02-14 13:24:29 INFO    |  step: 56448000, training/gcp_logsumexp: -0.554 +/- 0.000
2026-02-14 13:24:29 INFO    |  step: 56448000, eval/episode_reward: 0.000 +/- 0.000
2026-02-14 13:24:29 INFO    |  step: 56448000, eval/episode_success: 0.000 +/- 0.000
2026-02-14 13:24:29 INFO    |  step: 56448000, eval/episode_success_easy: 0.000 +/- 0.000
2026-02-14 13:24:29 INFO    |  step: 56448000, eval/episode_dist: 12144.922 +/- 0.000
2026-02-14 13:24:29 INFO    |  step: 56448000, eval/episode_success_any: 0.000 +/- 0.000
2026-02-14 13:24:29 INFO    |  step: 56448000, ep_eval/episode_reward: 0.000 +/- 0.000
2026-02-14 13:24:29 INFO    |  step: 56448000, ep_eval/episode_success: 0.000 +/- 0.000
2026-02-14 13:24:29 INFO    |  step: 56448000, ep_eval/episode_success_easy: 0.000 +/- 0.000
2026-02-14 13:24:29 INFO    |  step: 56448000, ep_eval/episode_dist: 12318.670 +/- 0.000
2026-02-14 13:24:29 INFO    |  step: 56448000, ep_eval/episode_success_any: 0.000 +/- 0.000
2026-02-14 13:24:29 INFO    |  step: 56448000, eval/episode_reward_ctrl: 0.000 +/- 0.000
2026-02-14 13:24:29 INFO    |  step: 56448000, eval/episode_reward_dist: 0.000 +/- 0.000
2026-02-14 13:24:29 INFO    |  step: 56448000, eval/episode_reward_near: 0.000 +/- 0.000
2026-02-14 13:24:29 INFO    |  step: 56448000, eval/episode_reward_survive: 0.000 +/- 0.000
2026-02-14 13:24:29 INFO    |  step: 56448000, eval/episode_success_hard: 0.000 +/- 0.000
2026-02-14 13:24:29 INFO    |  step: 56448000, ep_eval/episode_reward_ctrl: 0.000 +/- 0.000
2026-02-14 13:24:29 INFO    |  step: 56448000, ep_eval/episode_reward_dist: 0.000 +/- 0.000
2026-02-14 13:24:29 INFO    |  step: 56448000, ep_eval/episode_reward_near: 0.000 +/- 0.000
2026-02-14 13:24:29 INFO    |  step: 56448000, ep_eval/episode_reward_survive: 0.000 +/- 0.000
2026-02-14 13:24:29 INFO    |  step: 56448000, ep_eval/episode_success_hard: 0.000 +/- 0.000
2026-02-14 13:24:29 INFO    |  step: 56448000, training/actor_loss: 0.000 +/- 0.000
2026-02-14 13:24:29 INFO    |  step: 56448000, training/log_alpha: 0.000 +/- 0.000
2026-02-14 13:24:29 INFO    |  step: 56448000, training/alpha_loss: 0.000 +/- 0.000
2026-02-14 13:24:29 INFO    |  step: 56448000, training/critic_loss: 0.000 +/- 0.000
2026-02-14 13:24:29 INFO    |  step: 56448000, training/entropy: 0.000 +/- 0.000
2026-02-14 14:33:28 INFO    |  Visualization: collected_transitions shape: (2000, 256, 31), num_envs: 256
2026-02-14 14:33:28 INFO    |  Visualization: Raw collected_transitions has 256 unique trajectory IDs out of 512000 total transitions
2026-02-14 14:33:39 INFO    |  Visualization: processed_transitions shape: (1999, 256, 31)
2026-02-14 14:51:44 INFO    |  Visualization: Found 256 unique trajectory IDs out of 511744 total transitions
2026-02-14 14:51:44 INFO    |  Transition shapes: obs=(1999, 256, 31), traj_ids=(1999, 256), traj_ids_flat=(511744,)
2026-02-14 14:54:30 INFO    |  Plotted visualizations at env step 43520000.0
2026-02-14 15:04:11 INFO    |  step: 43520000
2026-02-14 15:14:56 INFO    |  step: 43520000, training/sps: 186.447 +/- 0.000
2026-02-14 15:14:56 INFO    |  step: 43520000, training/ep_actor_loss: 0.003 +/- 0.000
2026-02-14 15:14:56 INFO    |  step: 43520000, training/ep_alpha_loss: 0.000 +/- 0.000
2026-02-14 15:14:56 INFO    |  step: 43520000, training/ep_categorical_accuracy: 0.004 +/- 0.000
2026-02-14 15:14:56 INFO    |  step: 43520000, training/ep_critic_loss: 8.619 +/- 0.000
2026-02-14 15:14:56 INFO    |  step: 43520000, training/ep_entropy: -4.000 +/- 0.000
2026-02-14 15:14:56 INFO    |  step: 43520000, training/ep_log_alpha: -8.330 +/- 0.000
2026-02-14 15:14:56 INFO    |  step: 43520000, training/ep_logits_neg: -0.001 +/- 0.000
2026-02-14 15:14:56 INFO    |  step: 43520000, training/ep_logits_pos: -0.001 +/- 0.000
2026-02-14 15:14:56 INFO    |  step: 43520000, training/ep_logsumexp: 5.544 +/- 0.000
2026-02-14 15:14:56 INFO    |  step: 43520000, training/gcp_actor_loss: 3.309 +/- 0.000
2026-02-14 15:14:56 INFO    |  step: 43520000, training/gcp_alpha_loss: 0.000 +/- 0.000
2026-02-14 15:14:56 INFO    |  step: 43520000, training/gcp_categorical_accuracy: 0.338 +/- 0.000
2026-02-14 15:14:56 INFO    |  step: 43520000, training/gcp_critic_loss: 3.398 +/- 0.000
2026-02-14 15:14:56 INFO    |  step: 43520000, training/gcp_entropy: -4.000 +/- 0.000
2026-02-14 15:14:56 INFO    |  step: 43520000, training/gcp_log_alpha: -5.058 +/- 0.000
2026-02-14 15:14:56 INFO    |  step: 43520000, training/gcp_logits_neg: -7.922 +/- 0.000
2026-02-14 15:14:56 INFO    |  step: 43520000, training/gcp_logits_pos: -3.456 +/- 0.000
2026-02-14 15:14:56 INFO    |  step: 43520000, training/gcp_logsumexp: -0.335 +/- 0.000
2026-02-14 15:14:56 INFO    |  step: 43520000, eval/episode_reward: 0.004 +/- 0.000
2026-02-14 15:14:56 INFO    |  step: 43520000, eval/episode_success: 0.004 +/- 0.000
2026-02-14 15:14:56 INFO    |  step: 43520000, eval/episode_success_easy: 55.434 +/- 0.000
2026-02-14 15:14:56 INFO    |  step: 43520000, eval/episode_dist: 31551.693 +/- 0.000
2026-02-14 15:14:56 INFO    |  step: 43520000, eval/episode_success_any: 0.004 +/- 0.000
2026-02-14 15:14:56 INFO    |  step: 43520000, ep_eval/episode_reward: 0.000 +/- 0.000
2026-02-14 15:14:56 INFO    |  step: 43520000, ep_eval/episode_success: 0.000 +/- 0.000
2026-02-14 15:14:56 INFO    |  step: 43520000, ep_eval/episode_success_easy: 0.000 +/- 0.000
2026-02-14 15:14:56 INFO    |  step: 43520000, ep_eval/episode_dist: 34351.840 +/- 0.000
2026-02-14 15:14:56 INFO    |  step: 43520000, ep_eval/episode_success_any: 0.000 +/- 0.000
2026-02-14 15:14:56 INFO    |  step: 43520000, eval/episode_reward_ctrl: 0.000 +/- 0.000
2026-02-14 15:14:56 INFO    |  step: 43520000, eval/episode_reward_dist: 0.000 +/- 0.000
2026-02-14 15:14:56 INFO    |  step: 43520000, eval/episode_reward_near: 0.000 +/- 0.000
2026-02-14 15:14:56 INFO    |  step: 43520000, eval/episode_reward_survive: 0.000 +/- 0.000
2026-02-14 15:14:56 INFO    |  step: 43520000, eval/episode_success_hard: 0.000 +/- 0.000
2026-02-14 15:14:56 INFO    |  step: 43520000, ep_eval/episode_reward_ctrl: 0.000 +/- 0.000
2026-02-14 15:14:56 INFO    |  step: 43520000, ep_eval/episode_reward_dist: 0.000 +/- 0.000
2026-02-14 15:14:56 INFO    |  step: 43520000, ep_eval/episode_reward_near: 0.000 +/- 0.000
2026-02-14 15:14:56 INFO    |  step: 43520000, ep_eval/episode_reward_survive: 0.000 +/- 0.000
2026-02-14 15:14:56 INFO    |  step: 43520000, ep_eval/episode_success_hard: 0.000 +/- 0.000
2026-02-14 15:14:56 INFO    |  step: 43520000, training/actor_loss: 0.000 +/- 0.000
2026-02-14 15:14:56 INFO    |  step: 43520000, training/log_alpha: 0.000 +/- 0.000
2026-02-14 15:14:56 INFO    |  step: 43520000, training/alpha_loss: 0.000 +/- 0.000
2026-02-14 15:14:56 INFO    |  step: 43520000, training/critic_loss: 0.000 +/- 0.000
2026-02-14 15:14:56 INFO    |  step: 43520000, training/entropy: 0.000 +/- 0.000
2026-02-14 16:52:12 INFO    |  Visualization: collected_transitions shape: (2000, 256, 31), num_envs: 256
2026-02-14 16:52:13 INFO    |  Visualization: Raw collected_transitions has 256 unique trajectory IDs out of 512000 total transitions
2026-02-14 17:12:33 INFO    |  Visualization: processed_transitions shape: (1999, 256, 31)
2026-02-14 17:30:55 INFO    |  Visualization: Found 256 unique trajectory IDs out of 511744 total transitions
2026-02-14 17:30:55 INFO    |  Transition shapes: obs=(1999, 256, 31), traj_ids=(1999, 256), traj_ids_flat=(511744,)
2026-02-15 02:44:13 INFO    |  Plotted visualizations at env step 43520000.0
2026-02-15 02:59:53 INFO    |  Visualization: collected_transitions shape: (1500, 256, 31), num_envs: 256
2026-02-15 03:00:50 INFO    |  Visualization: Raw collected_transitions has 256 unique trajectory IDs out of 384000 total transitions
2026-02-15 03:00:56 INFO    |  Visualization: processed_transitions shape: (1499, 256, 31)
2026-02-15 03:20:31 INFO    |  Visualization: Found 256 unique trajectory IDs out of 383744 total transitions
2026-02-15 03:20:50 INFO    |  Transition shapes: obs=(1499, 256, 31), traj_ids=(1499, 256), traj_ids_flat=(383744,)
